nombre_programa,nivel_academico_snies,nivel_formacion_snies,nivel_prototipo
Doctorado en Actividad Física y Deporte,Posgrado,Doctorado,DOCTORADO
DOCTORADO EN ADMINISTRACION,Posgrado,Doctorado,DOCTORADO
DOCTORADO EN ADMINISTRACIÓN - DBA,Posgrado,Doctorado,DOCTORADO
DOCTORADO EN ADMINISTRACIÓN DE EMPRESAS - DBA,Posgrado,Doctorado,DOCTORADO
DOCTORADO EN ADMINISTRACIÓN DE NEGOCIOS,Posgrado,Doctorado,DOCTORADO
DOCTORADO EN ADMINISTRACIÓN DE ORGANIZACIONES,Posgrado,Doctorado,DOCTORADO
DOCTORADO EN ADMINISTRACIÓN PARA LA SOSTENIBILIDAD,Posgrado,Doctorado,DOCTORADO
DOCTORADO EN ADMINISTRACIÓN (PHD),Posgrado,Doctorado,DOCTORADO
DOCTORADO EN ADMINISTRACIÓN Y ORGANIZACIONES,Posgrado,Doctorado,DOCTORADO
DOCTORADO EN AGROCIENCIAS,Posgrado,Doctorado,DOCTORADO
DOCTORADO EN AGROECOLOGÍA,Posgrado,Doctorado,DOCTORADO
DOCTORADO EN AGROINDUSTRIA Y DESARROLLO AGRÍCOLA SOSTENIBLE,Posgrado,Doctorado,DOCTORADO
Doctorado en Ambiente e Ingeniería Sustentable,Posgrado,Doctorado,DOCTORADO
DOCTORADO EN AMBIENTE Y DESARROLLO SOSTENIBLE,Posgrado,Doctorado,DOCTORADO
DOCTORADO EN ANTROPOLOGIA,Posgrado,Doctorado,DOCTORADO
"Doctorado en Arquitectura, Diseño y Urbanismo",Posgrado,Doctorado,DOCTORADO
DOCTORADO EN ARTE Y ARQUITECTURA,Posgrado,Doctorado,DOCTORADO
Doctorado en Arte y Cultura,Posgrado,Doctorado,DOCTORADO
DOCTORADO EN ARTES,Posgrado,Doctorado,DOCTORADO
Doctorado en Artes y Humanidades,Posgrado,Doctorado,DOCTORADO
DOCTORADO EN AUTOMÁTICA,Posgrado,Doctorado,DOCTORADO
DOCTORADO EN BIOCIENCIAS,Posgrado,Doctorado,DOCTORADO
Doctorado en Bioeconomía,Posgrado,Doctorado,DOCTORADO
DOCTORADO EN BIOETICA,Posgrado,Doctorado,DOCTORADO
DOCTORADO EN BIOINGENIERIA,Posgrado,Doctorado,DOCTORADO
DOCTORADO EN BIOLOGIA,Posgrado,Doctorado,DOCTORADO
DOCTORADO EN BIOTECNOLOGIA,Posgrado,Doctorado,DOCTORADO
DOCTORADO EN CIENCIA ANIMAL,Posgrado,Doctorado,DOCTORADO
DOCTORADO EN CIENCIA APLICADA,Posgrado,Doctorado,DOCTORADO
Doctorado en Ciencia de Datos e Inteligencia Artificial,Posgrado,Doctorado,DOCTORADO
Doctorado en Ciencia del Sistema Terrestre,Posgrado,Doctorado,DOCTORADO
DOCTORADO EN CIENCIA POLITICA,Posgrado,Doctorado,DOCTORADO
Doctorado en Ciencia y Tecnología,Posgrado,Doctorado,DOCTORADO
DOCTORADO EN CIENCIA Y TECNOLOGIA DE ALIMENTOS,Posgrado,Doctorado,DOCTORADO
DOCTORADO EN CIENCIA Y TECNOLOGÍA DE MATERIALES,Posgrado,Doctorado,DOCTORADO
DOCTORADO EN CIENCIAS,Posgrado,Doctorado,DOCTORADO
Doctorado en Ciencias Administrativas,Posgrado,Doctorado,DOCTORADO
DOCTORADO EN CIENCIAS AGRARIAS,Posgrado,Doctorado,DOCTORADO
DOCTORADO EN CIENCIAS AGRARIAS Y AGROINDUSTRIALES,Posgrado,Doctorado,DOCTORADO
DOCTORADO EN CIENCIAS AMBIENTALES,Posgrado,Doctorado,DOCTORADO
DOCTORADO EN CIENCIAS AMBIENTALES Y SOSTENIBILIDAD,Posgrado,Doctorado,DOCTORADO
DOCTORADO EN CIENCIAS ANIMALES,Posgrado,Doctorado,DOCTORADO
Doctorado en Ciencias Animales del Trópico,Posgrado,Doctorado,DOCTORADO
DOCTORADO EN CIENCIAS APLICADAS,Posgrado,Doctorado,DOCTORADO
DOCTORADO EN CIENCIAS - ASTRONOMÍA,Posgrado,Doctorado,DOCTORADO
DOCTORADO EN CIENCIAS BASICAS BIOMEDICAS,Posgrado,Doctorado,DOCTORADO
DOCTORADO EN CIENCIAS - BIOLOGIA,Posgrado,Doctorado,DOCTORADO
DOCTORADO EN CIENCIAS BIOLOGICAS,Posgrado,Doctorado,DOCTORADO
DOCTORADO EN CIENCIAS BIOLÓGICAS Y AMBIENTALES,Posgrado,Doctorado,DOCTORADO
DOCTORADO EN CIENCIAS BIOMEDICAS,Posgrado,Doctorado,DOCTORADO
DOCTORADO EN CIENCIAS - BIOQUIMICA,Posgrado,Doctorado,DOCTORADO
DOCTORADO EN CIENCIAS CLÍNICAS,Posgrado,Doctorado,DOCTORADO
DOCTORADO EN CIENCIAS COGNITIVAS,Posgrado,Doctorado,DOCTORADO
DOCTORADO EN CIENCIAS DE LA COMPUTACIÓN,Posgrado,Doctorado,DOCTORADO
DOCTORADO EN CIENCIAS DE LA DIRECCION,Posgrado,Doctorado,DOCTORADO
DOCTORADO EN CIENCIAS DE LA EDUCACION,Posgrado,Doctorado,DOCTORADO
DOCTORADO EN CIENCIAS DE LA ELECTRÓNICA,Posgrado,Doctorado,DOCTORADO
DOCTORADO EN CIENCIAS DE LA SALUD,Posgrado,Doctorado,DOCTORADO
DOCTORADO EN CIENCIAS DE LA SOSTENIBILIDAD,Posgrado,Doctorado,DOCTORADO
Doctorado en Ciencias del Deporte,Posgrado,Doctorado,DOCTORADO
DOCTORADO EN CIENCIAS DEL MAR,Posgrado,Doctorado,DOCTORADO
DOCTORADO EN CIENCIAS ECONOMICAS,Posgrado,Doctorado,DOCTORADO
Doctorado en Ciencias Económicas y Administrativas,Posgrado,Doctorado,DOCTORADO
DOCTORADO EN CIENCIAS ECONÓMICAS Y DE GESTIÓN,Posgrado,Doctorado,DOCTORADO
DOCTORADO EN CIENCIAS - ESTADISTICA,Posgrado,Doctorado,DOCTORADO
DOCTORADO EN CIENCIAS FARMACEUTICAS,Posgrado,Doctorado,DOCTORADO
DOCTORADO EN CIENCIAS FARMACÉUTICAS Y ALIMENTARIAS,Posgrado,Doctorado,DOCTORADO
DOCTORADO EN CIENCIAS - FISICA,Posgrado,Doctorado,DOCTORADO
DOCTORADO EN CIENCIAS FISICAS,Posgrado,Doctorado,DOCTORADO
DOCTORADO EN CIENCIAS HUMANAS,Posgrado,Doctorado,DOCTORADO
DOCTORADO EN CIENCIAS HUMANAS Y SOCIALES,Posgrado,Doctorado,DOCTORADO
DOCTORADO EN CIENCIAS JURÍDICAS,Posgrado,Doctorado,DOCTORADO
DOCTORADO EN CIENCIAS JURÍDICAS Y POLÍTICAS,Posgrado,Doctorado,DOCTORADO
DOCTORADO EN CIENCIAS - MATEMÁTICAS,Posgrado,Doctorado,DOCTORADO
DOCTORADO EN CIENCIAS MEDICAS,Posgrado,Doctorado,DOCTORADO
DOCTORADO EN CIENCIAS NATURALES,Posgrado,Doctorado,DOCTORADO
DOCTORADO EN CIENCIAS NATURALES Y DESARROLLO SUSTENTABLE,Posgrado,Doctorado,DOCTORADO
Doctorado en Ciencias Naturales y Exactas,Posgrado,Doctorado,DOCTORADO
Doctorado en Ciencias Naturales y Matemáticas,Posgrado,Doctorado,DOCTORADO
DOCTORADO EN CIENCIAS ODONTOLÓGICAS,Posgrado,Doctorado,DOCTORADO
DOCTORADO EN CIENCIAS - QUIMICA,Posgrado,Doctorado,DOCTORADO
DOCTORADO EN CIENCIAS QUIMICAS,Posgrado,Doctorado,DOCTORADO
DOCTORADO EN CIENCIAS - SALUD ANIMAL O PRODUCCIÓN ANIMAL,Posgrado,Doctorado,DOCTORADO
DOCTORADO EN CIENCIAS SOCIALES,Posgrado,Doctorado,DOCTORADO
DOCTORADO EN CIENCIAS SOCIALES. NIÑEZ Y JUVENTUD,Posgrado,Doctorado,DOCTORADO
DOCTORADO EN CIENCIAS SOCIALES Y HUMANAS,Posgrado,Doctorado,DOCTORADO
DOCTORADO EN CIENCIAS VETERINARIAS,Posgrado,Doctorado,DOCTORADO
DOCTORADO EN CIENCIAS Y TECNOLOGÍAS DE LA ACTIVIDAD FÍSICA Y EL DEPORTE,Posgrado,Doctorado,DOCTORADO
Doctorado en Cliodinámica,Posgrado,Doctorado,DOCTORADO
DOCTORADO EN COMPETITIVIDAD GESTIÓN TECNOLÓGICA E INNOVACIÓN,Posgrado,Doctorado,DOCTORADO
DOCTORADO EN COMUNICACIÓN,Posgrado,Doctorado,DOCTORADO
Doctorado en Comunicación e Imagen,Posgrado,Doctorado,DOCTORADO
"DOCTORADO EN COMUNICACIÓN, LENGUAJES E INFORMACIÓN",Posgrado,Doctorado,DOCTORADO
DOCTORADO EN COMUNICACIONES Y NARRATIVAS,Posgrado,Doctorado,DOCTORADO
Doctorado en Contabilidad y Finanzas,Posgrado,Doctorado,DOCTORADO
"DOCTORADO EN CREACIÓN, ENTORNO Y HÁBITAT",Posgrado,Doctorado,DOCTORADO
Doctorado en Cuidados Paliativos,Posgrado,Doctorado,DOCTORADO
DOCTORADO EN DERECHO,Posgrado,Doctorado,DOCTORADO
Doctorado en Derecho Administrativo,Posgrado,Doctorado,DOCTORADO
DOCTORADO EN DERECHO CONSTITUCIONAL,Posgrado,Doctorado,DOCTORADO
DOCTORADO EN DERECHO PROCESAL CONTEMPORÁNEO,Posgrado,Doctorado,DOCTORADO
DOCTORADO EN DERECHO PÚBLICO,Posgrado,Doctorado,DOCTORADO
Doctorado en Derecho y Globalización,Posgrado,Doctorado,DOCTORADO
DOCTORADO EN DESARROLLO REGIONAL Y LOCAL,Posgrado,Doctorado,DOCTORADO
DOCTORADO EN DESARROLLO SOSTENIBLE,Posgrado,Doctorado,DOCTORADO
DOCTORADO EN DIDÁCTICA,Posgrado,Doctorado,DOCTORADO
Doctorado en Didáctica de las Ciencias,Posgrado,Doctorado,DOCTORADO
DOCTORADO EN DIDÁCTICAS,Posgrado,Doctorado,DOCTORADO
"DOCTORADO EN DISEÑO, ARQUITECTURA Y TERRITORIO",Posgrado,Doctorado,DOCTORADO
"DOCTORADO EN DISEÑO, ARTE Y CIENCIA",Posgrado,Doctorado,DOCTORADO
DOCTORADO EN DISEÑO Y CREACION,Posgrado,Doctorado,DOCTORADO
DOCTORADO EN ECOLOGIA,Posgrado,Doctorado,DOCTORADO
DOCTORADO EN ECONOMÍA,Posgrado,Doctorado,DOCTORADO
DOCTORADO EN ECONOMÍA APLICADA,Posgrado,Doctorado,DOCTORADO
Doctorado en Economía y Finanzas,Posgrado,Doctorado,DOCTORADO
DOCTORADO EN EDUCACION,Posgrado,Doctorado,DOCTORADO
"Doctorado en Educación, Cultura y Sociedad",Posgrado,Doctorado,DOCTORADO
DOCTORADO EN EDUCACIÓN DIGITAL Y DISEÑO DE APRENDIZAJES,Posgrado,Doctorado,DOCTORADO
Doctorado en Educación en Desarrollo Humano,Posgrado,Doctorado,DOCTORADO
DOCTORADO EN EDUCACIÓN FÍSICA,Posgrado,Doctorado,DOCTORADO
"DOCTORADO EN EDUCACION, INTERCULTURALIDAD Y TERRITORIO",Posgrado,Doctorado,DOCTORADO
DOCTORADO EN EDUCACION MATEMATICA,Posgrado,Doctorado,DOCTORADO
"Doctorado en Educación, Tecnología y Pedagogías Emergentes",Posgrado,Doctorado,DOCTORADO
DOCTORADO EN EDUCACION Y CULTURA AMBIENTAL,Posgrado,Doctorado,DOCTORADO
DOCTORADO EN EDUCACIÓN Y ESTUDIOS SOCIALES,Posgrado,Doctorado,DOCTORADO
Doctorado en Educación y Salud,Posgrado,Doctorado,DOCTORADO
DOCTORADO EN EDUCACIÓN Y SOCIEDAD,Posgrado,Doctorado,DOCTORADO
Doctorado en Educación y Territorio,Posgrado,Doctorado,DOCTORADO
DOCTORADO EN ENFERMEDADES INFECCIOSAS,Posgrado,Doctorado,DOCTORADO
DOCTORADO EN ENFERMERIA,Posgrado,Doctorado,DOCTORADO
DOCTORADO EN EPIDEMIOLOGIA,Posgrado,Doctorado,DOCTORADO
DOCTORADO EN EPIDEMIOLOGÍA CLÍNICA,Posgrado,Doctorado,DOCTORADO
DOCTORADO EN EPIDEMIOLOGÍA Y BIOESTADÍSTICA,Posgrado,Doctorado,DOCTORADO
DOCTORADO EN ERGONOMIA,Posgrado,Doctorado,DOCTORADO
DOCTORADO EN ESTÉTICA,Posgrado,Doctorado,DOCTORADO
DOCTORADO EN ESTUDIOS AMAZÓNICOS,Posgrado,Doctorado,DOCTORADO
DOCTORADO EN ESTUDIOS AMBIENTALES,Posgrado,Doctorado,DOCTORADO
DOCTORADO EN ESTUDIOS AMBIENTALES Y RURALES,Posgrado,Doctorado,DOCTORADO
DOCTORADO EN ESTUDIOS ARTÍSTICOS,Posgrado,Doctorado,DOCTORADO
DOCTORADO EN ESTUDIOS DE DESARROLLO Y TERRITORIO,Posgrado,Doctorado,DOCTORADO
DOCTORADO EN ESTUDIOS DE FAMILIA,Posgrado,Doctorado,DOCTORADO
"DOCTORADO EN ESTUDIOS DE GÉNERO, POLÍTICAS Y DESAFÍOS CONTEMPORÁNEOS",Posgrado,Doctorado,DOCTORADO
Doctorado en Estudios del Desarrollo,Posgrado,Doctorado,DOCTORADO
"DOCTORADO EN ESTUDIOS ESTRATÉGICOS, SEGURIDAD Y DEFENSA",Posgrado,Doctorado,DOCTORADO
DOCTORADO EN ESTUDIOS INTERDISCIPLINARIOS EN PSICOLOGÍA,Posgrado,Doctorado,DOCTORADO
DOCTORADO EN ESTUDIOS INTERDISCIPLINARIOS SOBRE DESARROLLO,Posgrado,Doctorado,DOCTORADO
Doctorado en Estudios Latinoamericanos,Posgrado,Doctorado,DOCTORADO
DOCTORADO EN ESTUDIOS PARA LA PAZ,Posgrado,Doctorado,DOCTORADO
DOCTORADO EN ESTUDIOS POLITICOS,Posgrado,Doctorado,DOCTORADO
DOCTORADO EN ESTUDIOS POLÍTICOS E INTERNACIONALES,Posgrado,Doctorado,DOCTORADO
DOCTORADO EN ESTUDIOS POLÍTICOS Y JURÍDICOS,Posgrado,Doctorado,DOCTORADO
DOCTORADO EN ESTUDIOS POLITICOS Y RELACIONES INTERNACIONALES,Posgrado,Doctorado,DOCTORADO
DOCTORADO EN ESTUDIOS SOCIALES,Posgrado,Doctorado,DOCTORADO
Doctorado en Estudios Sociales de la Religión,Posgrado,Doctorado,DOCTORADO
DOCTORADO EN ESTUDIOS SOCIOESPACIALES,Posgrado,Doctorado,DOCTORADO
DOCTORADO EN ESTUDIOS TERRITORIALES,Posgrado,Doctorado,DOCTORADO
DOCTORADO EN ESTUDIOS URBANOS Y TERRITORIALES,Posgrado,Doctorado,DOCTORADO
DOCTORADO EN ETNOBIOLOGÌA Y ESTUDIOS BIOCULTURALES,Posgrado,Doctorado,DOCTORADO
DOCTORADO EN FILOSOFIA,Posgrado,Doctorado,DOCTORADO
Doctorado en Filosofía del Derecho y Teoría Jurídica,Posgrado,Doctorado,DOCTORADO
DOCTORADO EN FISICA,Posgrado,Doctorado,DOCTORADO
Doctorado en Fonoaudiología,Posgrado,Doctorado,DOCTORADO
DOCTORADO EN GENETICA Y BIOLOGIA MOLECULAR,Posgrado,Doctorado,DOCTORADO
DOCTORADO EN GEOCIENCIAS,Posgrado,Doctorado,DOCTORADO
DOCTORADO EN GEOGRAFIA,Posgrado,Doctorado,DOCTORADO
DOCTORADO EN GERENCIA DE PROYECTOS,Posgrado,Doctorado,DOCTORADO
DOCTORADO EN GESTIÓN,Posgrado,Doctorado,DOCTORADO
DOCTORADO EN GESTION DE LA INNOVACION TECNOLOGICA,Posgrado,Doctorado,DOCTORADO
DOCTORADO EN GESTION DE LA TECNOLOGIA Y LA INNOVACION,Posgrado,Doctorado,DOCTORADO
Doctorado en Gestión de las Organizaciones para la Sustentabilidad,Posgrado,Doctorado,DOCTORADO
DOCTORADO EN GESTIÓN E INNOVACIÓN EDUCATIVA,Posgrado,Doctorado,DOCTORADO
Doctorado en Gestión e Innovación Sostenible,Posgrado,Doctorado,DOCTORADO
"Doctorado en Gestión, Economía y Desarrollo",Posgrado,Doctorado,DOCTORADO
"Doctorado en Gestión, Innovación y Emprendimiento",Posgrado,Doctorado,DOCTORADO
DOCTORADO EN GESTIÓN SOSTENIBLE DEL TERRITORIO,Posgrado,Doctorado,DOCTORADO
DOCTORADO EN  GESTIÓN TECNOLOGÍA E INNOVACIÓN,Posgrado,Doctorado,DOCTORADO
DOCTORADO EN GESTION URBANA Y DEL TERRITORIO,Posgrado,Doctorado,DOCTORADO
"DOCTORADO EN GOBIERNO, POLÍTICA PÚBLICA Y ADMINISTRACIÓN PÚBLICA",Posgrado,Doctorado,DOCTORADO
DOCTORADO EN HISTORIA,Posgrado,Doctorado,DOCTORADO
DOCTORADO EN HUMANIDADES,Posgrado,Doctorado,DOCTORADO
DOCTORADO EN HUMANIDADES. HUMANISMO Y PERSONA,Posgrado,Doctorado,DOCTORADO
DOCTORADO EN INGENIERIA,Posgrado,Doctorado,DOCTORADO
DOCTORADO EN INGENIERIA AMBIENTAL,Posgrado,Doctorado,DOCTORADO
DOCTORADO EN INGENIERIA - AUTOMATICA,Posgrado,Doctorado,DOCTORADO
"DOCTORADO EN INGENIERÍA, CIENCIA Y TECNOLOGÍA",Posgrado,Doctorado,DOCTORADO
DOCTORADO EN INGENIERIA-CIENCIA Y TECNOLOGIA DE MATERIALES,Posgrado,Doctorado,DOCTORADO
DOCTORADO EN INGENIERÍA CIVIL,Posgrado,Doctorado,DOCTORADO
Doctorado en Ingeniería de la Sostenibilidad,Posgrado,Doctorado,DOCTORADO
DOCTORADO EN INGENIERÍA DE MATERIALES,Posgrado,Doctorado,DOCTORADO
DOCTORADO EN INGENIERÍA DE PROCESOS,Posgrado,Doctorado,DOCTORADO
DOCTORADO EN INGENIERÍA DE SISTEMAS Y COMPUTACIÓN,Posgrado,Doctorado,DOCTORADO
Doctorado en Ingeniería e Innovación Tecnológica,Posgrado,Doctorado,DOCTORADO
DOCTORADO EN INGENIERIA ELECTRICA Y ELECTRONICA,Posgrado,Doctorado,DOCTORADO
Doctorado en Ingeniería Electrónica,Posgrado,Doctorado,DOCTORADO
DOCTORADO EN INGENIERÍA ELECTRÓNICA Y DE COMPUTACIÓN,Posgrado,Doctorado,DOCTORADO
DOCTORADO EN INGENIERÍA ENERGÉTICA,Posgrado,Doctorado,DOCTORADO
DOCTORADO EN INGENIERÍA - INDUSTRIA Y ORGANIZACIONES,Posgrado,Doctorado,DOCTORADO
DOCTORADO EN INGENIERÍA INDUSTRIAL,Posgrado,Doctorado,DOCTORADO
DOCTORADO EN INGENIERÍA - INGENIERÍA CIVIL,Posgrado,Doctorado,DOCTORADO
Doctorado en Ingeniería - Ingeniería Civil e Ingeniería Ambiental,Posgrado,Doctorado,DOCTORADO
DOCTORADO EN INGENIERIA - INGENIERIA ELECTRICA,Posgrado,Doctorado,DOCTORADO
DOCTORADO EN INGENIERIA - INGENIERIA MECANICA Y MECATRONICA,Posgrado,Doctorado,DOCTORADO
DOCTORADO EN INGENIERIA - INGENIERIA QUIMICA,Posgrado,Doctorado,DOCTORADO
DOCTORADO EN INGENIERÍA MATEMÁTICA,Posgrado,Doctorado,DOCTORADO
DOCTORADO EN INGENIERÍA MECÁNICA,Posgrado,Doctorado,DOCTORADO
DOCTORADO EN INGENIERIA QUIMICA,Posgrado,Doctorado,DOCTORADO
DOCTORADO EN INGENIERIA - RECURSOS HIDRAULICOS,Posgrado,Doctorado,DOCTORADO
DOCTORADO EN INGENIERIA - SISTEMAS,Posgrado,Doctorado,DOCTORADO
DOCTORADO EN INGENIERIA - SISTEMAS ENERGETICOS,Posgrado,Doctorado,DOCTORADO
DOCTORADO EN INGENIERÍA - SISTEMAS Y COMPUTACIÓN,Posgrado,Doctorado,DOCTORADO
DOCTORADO EN INGENIERIA TELEMÁTICA,Posgrado,Doctorado,DOCTORADO
DOCTORADO EN INGENIERÍA Y CIENCIA DE LOS MATERIALES,Posgrado,Doctorado,DOCTORADO
DOCTORADO EN INGENIERÍA Y CIENCIAS APLICADAS,Posgrado,Doctorado,DOCTORADO
DOCTORADO EN INNOVACION,Posgrado,Doctorado,DOCTORADO
"DOCTORADO EN INNOVACIÓN, DESARROLLO Y ORGANIZACIONES",Posgrado,Doctorado,DOCTORADO
Doctorado en Innovación Educativa,Posgrado,Doctorado,DOCTORADO
DOCTORADO EN INNOVACIÓN EDUCATIVA CON USO DE TIC,Posgrado,Doctorado,DOCTORADO
Doctorado en Innovación Educativa y Cultura Digital,Posgrado,Doctorado,DOCTORADO
DOCTORADO EN INNOVACIÓN Y NEGOCIOS,Posgrado,Doctorado,DOCTORADO
DOCTORADO EN INTELIGENCIA ARTIFICIAL,Posgrado,Doctorado,DOCTORADO
DOCTORADO EN INVESTIGACIÓN CLÍNICA,Posgrado,Doctorado,DOCTORADO
DOCTORADO EN LENGUAJE Y CULTURA,Posgrado,Doctorado,DOCTORADO
DOCTORADO EN LINGÜÍSTICA,Posgrado,Doctorado,DOCTORADO
DOCTORADO EN LITERATURA,Posgrado,Doctorado,DOCTORADO
DOCTORADO EN LOGÍSTICA Y GESTIÓN DE CADENAS DE SUMINISTROS,Posgrado,Doctorado,DOCTORADO
DOCTORADO EN MATEMATICAS,Posgrado,Doctorado,DOCTORADO
DOCTORADO EN MECANICA APLICADA,Posgrado,Doctorado,DOCTORADO
DOCTORADO EN MEDICINA CLÍNICA,Posgrado,Doctorado,DOCTORADO
DOCTORADO EN MEDICINA TROPICAL,Posgrado,Doctorado,DOCTORADO
DOCTORADO EN MICROBIOLOGÍA,Posgrado,Doctorado,DOCTORADO
DOCTORADO EN MICROBIOLOGÍA Y SALUD TROPICAL,Posgrado,Doctorado,DOCTORADO
DOCTORADO EN MODELACIÓN Y COMPUTACIÓN CIENTÍFICA,Posgrado,Doctorado,DOCTORADO
DOCTORADO EN MODELADO EN POLÍTICA Y GESTIÓN PÚBLICA,Posgrado,Doctorado,DOCTORADO
DOCTORADO EN NEUROCIENCIA APLICADA Y COMPORTAMIENTO,Posgrado,Doctorado,DOCTORADO
DOCTORADO EN NEUROCIENCIAS,Posgrado,Doctorado,DOCTORADO
Doctorado en Neuroeducación,Posgrado,Doctorado,DOCTORADO
DOCTORADO EN NUTRICIÓN HUMANA Y ALIMENTOS,Posgrado,Doctorado,DOCTORADO
DOCTORADO EN ODONTOLOGÍA,Posgrado,Doctorado,DOCTORADO
DOCTORADO EN ONCOLOGIA,Posgrado,Doctorado,DOCTORADO
DOCTORADO EN PEDAGOGÍA,Posgrado,Doctorado,DOCTORADO
Doctorado en Pedagogía y Didáctica,Posgrado,Doctorado,DOCTORADO
Doctorado en Pedagogía y Neurociencia aplicada a la educación,Posgrado,Doctorado,DOCTORADO
Doctorado en Pedagogías y Saberes Educativos,Posgrado,Doctorado,DOCTORADO
DOCTORADO EN PLANIFICACIÓN Y MANEJO AMBIENTAL DE CUENCAS HIDROGRÁFICAS,Posgrado,Doctorado,DOCTORADO
Doctorado en Producción del Espacio,Posgrado,Doctorado,DOCTORADO
DOCTORADO EN PSICOANÁLISIS,Posgrado,Doctorado,DOCTORADO
DOCTORADO EN PSICOLOGIA,Posgrado,Doctorado,DOCTORADO
DOCTORADO EN PSICOLOGÍA SOCIAL,Posgrado,Doctorado,DOCTORADO
DOCTORADO EN QUIMICA,Posgrado,Doctorado,DOCTORADO
DOCTORADO EN RECURSOS ENERGETICOS RENOVABLES,Posgrado,Doctorado,DOCTORADO
DOCTORADO EN REGIONES SOSTENIBLES,Posgrado,Doctorado,DOCTORADO
DOCTORADO EN SALUD,Posgrado,Doctorado,DOCTORADO
Doctorado en Salud Global,Posgrado,Doctorado,DOCTORADO
Doctorado en Salud Mental,Posgrado,Doctorado,DOCTORADO
DOCTORADO EN SALUD PUBLICA,Posgrado,Doctorado,DOCTORADO
Doctorado en Seguridad y Convivencia,Posgrado,Doctorado,DOCTORADO
DOCTORADO EN SOCIEDAD Y CULTURA CARIBE,Posgrado,Doctorado,DOCTORADO
DOCTORADO EN SOCIOLOGIA,Posgrado,Doctorado,DOCTORADO
DOCTORADO EN SOSTENIBILIDAD,Posgrado,Doctorado,DOCTORADO
Doctorado en Sustentabilidad Territorio y Ruralidad,Posgrado,Doctorado,DOCTORADO
Doctorado en Tecnologías de Información,Posgrado,Doctorado,DOCTORADO
Doctorado en Tecnologias de la Informaciòn,Posgrado,Doctorado,DOCTORADO
DOCTORADO EN TECNOLOGIAS DE LA INFORMACION Y LA COMUNICACION,Posgrado,Doctorado,DOCTORADO
DOCTORADO EN TEOLOGIA,Posgrado,Doctorado,DOCTORADO
Doctorado en Territorio y Desarrollo Rural,Posgrado,Doctorado,DOCTORADO
DOCTORADO EN TOXICOLOGÍA AMBIENTAL,Posgrado,Doctorado,DOCTORADO
DOCTORADO EN TURISMO,Posgrado,Doctorado,DOCTORADO
DOCTORADO EN VIROLOGÍA,Posgrado,Doctorado,DOCTORADO
DOCTORADO FORMACION EN DIVERSIDAD,Posgrado,Doctorado,DOCTORADO
DOCTORADO INTERINSTITUCIONAL EN EDUCACION,Posgrado,Doctorado,DOCTORADO
Administración en Salud,Posgrado,Especialización universitaria,ESPECIALIZACION PROFESIONAL
Economía,Posgrado,Especialización universitaria,ESPECIALIZACION PROFESIONAL
ESPECALIZACIÓN EN PROCESOS FAMILIARES Y COMUNITARIOS,Posgrado,Especialización universitaria,ESPECIALIZACION PROFESIONAL
ESPECIACLIZACIÓN EN GERENCIAL DEL TALENTO HUMANO,Posgrado,Especialización universitaria,ESPECIALIZACION PROFESIONAL
ESPECIALIDAD EN ANATOMOPATOLOGIA VETERINARIA,Posgrado,Especialización universitaria,ESPECIALIZACION PROFESIONAL
ESPECIALIDAD EN ANESTESIOLOGIA Y REANIMACION,Posgrado,Especialización médico quirúrgica,ESPECIALIZACION PROFESIONAL
ESPECIALIDAD EN CIRUGIA GENERAL,Posgrado,Especialización médico quirúrgica,ESPECIALIZACION PROFESIONAL
ESPECIALIDAD EN CIRUGIA ORAL Y MAXILOFACIAL,Posgrado,Especialización universitaria,ESPECIALIZACION PROFESIONAL
ESPECIALIDAD EN CIRUGIA PEDIATRICA,Posgrado,Especialización médico quirúrgica,ESPECIALIZACION PROFESIONAL
ESPECIALIDAD EN CIRUGIA PLASTICA,Posgrado,Especialización médico quirúrgica,ESPECIALIZACION PROFESIONAL
ESPECIALIDAD EN CUIDADO INTENSIVO PEDIATRICO,Posgrado,Especialización universitaria,ESPECIALIZACION PROFESIONAL
ESPECIALIDAD EN DERMATOLOGIA,Posgrado,Especialización médico quirúrgica,ESPECIALIZACION PROFESIONAL
ESPECIALIDAD EN ENDOCRINOLOGIA,Posgrado,Especialización médico quirúrgica,ESPECIALIZACION PROFESIONAL
ESPECIALIDAD EN ENDODONCIA,Posgrado,Especialización universitaria,ESPECIALIZACION PROFESIONAL
ESPECIALIDAD EN ESTOMATOLOGÍA PEDIÁTRICA Y ORTOPEDIA MAXILAR,Posgrado,Especialización universitaria,ESPECIALIZACION PROFESIONAL
ESPECIALIDAD EN GASTROENTEROLOGIA,Posgrado,Especialización médico quirúrgica,ESPECIALIZACION PROFESIONAL
ESPECIALIDAD EN GERIATRIA,Posgrado,Especialización médico quirúrgica,ESPECIALIZACION PROFESIONAL
ESPECIALIDAD EN HEMATOLOGIA,Posgrado,Especialización médico quirúrgica,ESPECIALIZACION PROFESIONAL
ESPECIALIDAD EN INFECTOLOGIA,Posgrado,Especialización médico quirúrgica,ESPECIALIZACION PROFESIONAL
ESPECIALIDAD EN MEDICINA AEROESPACIAL,Posgrado,Especialización médico quirúrgica,ESPECIALIZACION PROFESIONAL
ESPECIALIDAD EN MEDICINA DEL DEPORTE,Posgrado,Especialización médico quirúrgica,ESPECIALIZACION PROFESIONAL
ESPECIALIDAD EN MEDICINA FISICA Y REHABILITACION,Posgrado,Especialización médico quirúrgica,ESPECIALIZACION PROFESIONAL
ESPECIALIDAD EN MEDICINA FORENSE,Posgrado,Especialización médico quirúrgica,ESPECIALIZACION PROFESIONAL
ESPECIALIDAD EN MEDICINA INTERNA,Posgrado,Especialización médico quirúrgica,ESPECIALIZACION PROFESIONAL
ESPECIALIDAD EN NEUMOLOGIA CLINICA,Posgrado,Especialización médico quirúrgica,ESPECIALIZACION PROFESIONAL
ESPECIALIDAD EN NEUROCIRUGIA,Posgrado,Especialización médico quirúrgica,ESPECIALIZACION PROFESIONAL
ESPECIALIDAD EN NEUROLOGIA CLINICA,Posgrado,Especialización médico quirúrgica,ESPECIALIZACION PROFESIONAL
ESPECIALIDAD EN NEUROPEDIATRIA,Posgrado,Especialización médico quirúrgica,ESPECIALIZACION PROFESIONAL
ESPECIALIDAD EN OBSTETRICIA Y GINECOLOGIA,Posgrado,Especialización médico quirúrgica,ESPECIALIZACION PROFESIONAL
ESPECIALIDAD EN OFTALMOLOGIA,Posgrado,Especialización médico quirúrgica,ESPECIALIZACION PROFESIONAL
ESPECIALIDAD EN ONCOHEMATOLOGIA PEDIATRICA,Posgrado,Especialización médico quirúrgica,ESPECIALIZACION PROFESIONAL
Especialidad en Ortodoncia y Ortopedia Maxilar,Posgrado,Especialización universitaria,ESPECIALIZACION PROFESIONAL
ESPECIALIDAD EN ORTOPEDIA Y TRAUMATOLOGIA,Posgrado,Especialización médico quirúrgica,ESPECIALIZACION PROFESIONAL
ESPECIALIDAD EN OTORRINOLARINGOLOGIA,Posgrado,Especialización médico quirúrgica,ESPECIALIZACION PROFESIONAL
ESPECIALIDAD EN PATOLOGIA ANATOMICA Y CLINICA,Posgrado,Especialización médico quirúrgica,ESPECIALIZACION PROFESIONAL
ESPECIALIDAD EN PEDIATRIA,Posgrado,Especialización médico quirúrgica,ESPECIALIZACION PROFESIONAL
ESPECIALIDAD EN PERINATOLOGIA Y NEONATOLOGIA,Posgrado,Especialización médico quirúrgica,ESPECIALIZACION PROFESIONAL
ESPECIALIDAD EN PERIODONCIA,Posgrado,Especialización universitaria,ESPECIALIZACION PROFESIONAL
ESPECIALIDAD EN PSIQUIATRIA,Posgrado,Especialización médico quirúrgica,ESPECIALIZACION PROFESIONAL
ESPECIALIDAD EN RADIOLOGIA E IMAGENES DIAGNOSTICAS,Posgrado,Especialización médico quirúrgica,ESPECIALIZACION PROFESIONAL
ESPECIALIDAD EN RADIOLOGIA PEDIÁTRICA,Posgrado,Especialización médico quirúrgica,ESPECIALIZACION PROFESIONAL
ESPECIALIDAD EN REHABILITACION ORAL,Posgrado,Especialización universitaria,ESPECIALIZACION PROFESIONAL
ESPECIALIDAD EN REUMATOLOGIA,Posgrado,Especialización médico quirúrgica,ESPECIALIZACION PROFESIONAL
ESPECIALIDAD EN UROLOGIA,Posgrado,Especialización médico quirúrgica,ESPECIALIZACION PROFESIONAL
ESPECIALIZACI¿N EN ALTA GERENCIA,Posgrado,Especialización universitaria,ESPECIALIZACION PROFESIONAL
ESPECIALIZACI¿N EN DESARROLLO HUMANO Y ORGANIZACIONAL,Posgrado,Especialización universitaria,ESPECIALIZACION PROFESIONAL
ESPECIALIZACI¿N EN PLANEACION URBANO - REGIONAL,Posgrado,Especialización universitaria,ESPECIALIZACION PROFESIONAL
ESPECIALIZACI¿N INTERDISCIPLINARIA EN SALUD FAMILIAR INTEGRAL,Posgrado,Especialización universitaria,ESPECIALIZACION PROFESIONAL
ESPECIALIZACI¿N TECNOL¿GICA  EN MANEJO DE T¿CNICAS INVESTIGATIVAS AVANZADAS,Posgrado,Especialización tecnológica,ESPECIALIZACION PROFESIONAL
ESPECIALIZACION ADMINISTRACION DE NEGOCIOS INTERNACIONALES,Posgrado,Especialización universitaria,ESPECIALIZACION PROFESIONAL
Especialización clínica cirugía de tejidos blandos en animales de compañía,Posgrado,Especialización universitaria,ESPECIALIZACION PROFESIONAL
ESPECIALIZACION CLINICA EN ORTOPEDIA MAXILAR,Posgrado,Especialización universitaria,ESPECIALIZACION PROFESIONAL
ESPECIALIZACION DE ENFERMERIA EN ATENCION DOMICILIARIA,Posgrado,Especialización universitaria,ESPECIALIZACION PROFESIONAL
ESPECIALIZACIÓN DE ENFERMERÍA EN CUIDADO CRÍTICO PARA EL ADULTO,Posgrado,Especialización universitaria,ESPECIALIZACION PROFESIONAL
ESPECIALIZACION DE ENFERMERIA EN CUIDADO PALIATIVO,Posgrado,Especialización universitaria,ESPECIALIZACION PROFESIONAL
ESPECIALIZACIÓN DE GERENCIA DE PROYECTOS EN INTELIGENCIA DE NEGOCIOS,Posgrado,Especialización universitaria,ESPECIALIZACION PROFESIONAL
Especialización de Sistemas de Información Geográfica,Posgrado,Especialización universitaria,ESPECIALIZACION PROFESIONAL
ESPECIALIZACION EN ACCION SIN DAÑO Y CONSTRUCCION DE PAZ,Posgrado,Especialización universitaria,ESPECIALIZACION PROFESIONAL
ESPECIALIZACIÒN EN ACONDICIONAMIENTO FÌSICO PARA LA SALUD,Posgrado,Especialización universitaria,ESPECIALIZACION PROFESIONAL
ESPECIALIZACIÓN EN ACONDICIONAMIENTO FÍSICO Y COACHING,Posgrado,Especialización universitaria,ESPECIALIZACION PROFESIONAL
ESPECIALIZACION EN ACTIVIDAD FISICA,Posgrado,Especialización universitaria,ESPECIALIZACION PROFESIONAL
"ESPECIALIZACIÓN EN ACTIVIDAD FÍSICA, DEPORTE Y SALUD",Posgrado,Especialización universitaria,ESPECIALIZACION PROFESIONAL
ESPECIALIZACIÓN EN ACTIVIDAD FÍSICA Y SALUD,Posgrado,Especialización universitaria,ESPECIALIZACION PROFESIONAL
ESPECIALIZACION EN ACTUARIA,Posgrado,Especialización universitaria,ESPECIALIZACION PROFESIONAL
ESPECIALIZACIÓN EN ACTUARÍA Y FINANZAS,Posgrado,Especialización universitaria,ESPECIALIZACION PROFESIONAL
ESPECIALIZACION EN ADICCIONES,Posgrado,Especialización universitaria,ESPECIALIZACION PROFESIONAL
ESPECIALIZACION EN ADMINISTRACION AERONAUTICA Y AEROESPACIAL,Posgrado,Especialización universitaria,ESPECIALIZACION PROFESIONAL
ESPECIALIZACION EN ADMINISTRACION DE EMPRESAS,Posgrado,Especialización universitaria,ESPECIALIZACION PROFESIONAL
ESPECIALIZACION EN ADMINISTRACION DE EMPRESAS DE LA CONSTRUCCION,Posgrado,Especialización universitaria,ESPECIALIZACION PROFESIONAL
ESPECIALIZACIÓN EN ADMINISTRACIÓN DE JUSTICIA,Posgrado,Especialización universitaria,ESPECIALIZACION PROFESIONAL
ESPECIALIZACIÓN EN ADMINISTRACIÓN DE LA INFORMACIÓN Y BASES DE DATOS,Posgrado,Especialización universitaria,ESPECIALIZACION PROFESIONAL
ESPECIALIZACION EN ADMINISTRACION DE LA SALUD,Posgrado,Especialización universitaria,ESPECIALIZACION PROFESIONAL
ESPECIALIZACION EN ADMINISTRACION DE LA SEGURIDAD,Posgrado,Especialización universitaria,ESPECIALIZACION PROFESIONAL
ESPECIALIZACION EN ADMINISTRACION DE NEGOCIOS,Posgrado,Especialización universitaria,ESPECIALIZACION PROFESIONAL
ESPECIALIZACIÓN EN ADMINISTRACIÓN DE PROYECTOS,Posgrado,Especialización universitaria,ESPECIALIZACION PROFESIONAL
Especialización en Administración de Riesgos,Posgrado,Especialización universitaria,ESPECIALIZACION PROFESIONAL
ESPECIALIZACION EN ADMINISTRACION DE SALUD,Posgrado,Especialización universitaria,ESPECIALIZACION PROFESIONAL
ESPECIALIZACION EN ADMINISTRACION DE SEGURIDAD Y SALUD EN EL TRABAJO,Posgrado,Especialización universitaria,ESPECIALIZACION PROFESIONAL
ESPECIALIZACION EN ADMINISTRACION DE SERVICIOS DE SALUD,Posgrado,Especialización universitaria,ESPECIALIZACION PROFESIONAL
ESPECIALIZACION EN ADMINISTRACION DEL TALENTO HUMANO Y DE RECURSOS MILITARES PARA LA DEFENSA NACIONAL,Posgrado,Especialización universitaria,ESPECIALIZACION PROFESIONAL
ESPECIALIZACION EN ADMINISTRACION DEPORTIVA,Posgrado,Especialización universitaria,ESPECIALIZACION PROFESIONAL
ESPECIALIZACION EN ADMINISTRACION EN SALUD,Posgrado,Especialización universitaria,ESPECIALIZACION PROFESIONAL
ESPECIALIZACION EN ADMINISTRACION EN SALUD PUBLICA,Posgrado,Especialización universitaria,ESPECIALIZACION PROFESIONAL
ESPECIALIZACION EN ADMINISTRACION ESTRATEGICA DEL CONTROL INTERNO,Posgrado,Especialización universitaria,ESPECIALIZACION PROFESIONAL
ESPECIALIZACION EN ADMINISTRACION FINANCIERA,Posgrado,Especialización universitaria,ESPECIALIZACION PROFESIONAL
ESPECIALIZACIÓN EN ADMINISTRACIÓN FINANCIERA ESTRATEGICA,Posgrado,Especialización universitaria,ESPECIALIZACION PROFESIONAL
ESPECIALIZACION EN ADMINISTRACION HOSPITALARIA,Posgrado,Especialización universitaria,ESPECIALIZACION PROFESIONAL
ESPECIALIZACION EN ADMINISTRACION PUBLICA,Posgrado,Especialización universitaria,ESPECIALIZACION PROFESIONAL
ESPECIALIZACIÒN EN ADMINISTRACIÓN TOTAL DE LA CALIDAD,Posgrado,Especialización universitaria,ESPECIALIZACION PROFESIONAL
Especialización en Administración Tributaria,Posgrado,Especialización universitaria,ESPECIALIZACION PROFESIONAL
ESPECIALIZACIÓN EN ADMINISTRACIÓN TURÍSTICA,Posgrado,Especialización universitaria,ESPECIALIZACION PROFESIONAL
ESPECIALIZACION EN ADMINISTRACION Y AUDITORIA TRIBUTARIA,Posgrado,Especialización universitaria,ESPECIALIZACION PROFESIONAL
ESPECIALIZACION EN ADMINISTRACION Y DESARROLLO INMOBILIARIO,Posgrado,Especialización universitaria,ESPECIALIZACION PROFESIONAL
ESPECIALIZACION EN ADMINISTRACION Y EVALUACION DE PROYECTOS AGROPECUARIOS Y AGROINDUSTRIALES,Posgrado,Especialización universitaria,ESPECIALIZACION PROFESIONAL
ESPECIALIZACIÓN EN ADMINISTRACIÓN Y GERENCIA DE LA SALUD,Posgrado,Especialización universitaria,ESPECIALIZACION PROFESIONAL
Especialización en Administración y Gestión Deportiva,Posgrado,Especialización universitaria,ESPECIALIZACION PROFESIONAL
ESPECIALIZACION EN ADMINSTRACION FINANCIERA,Posgrado,Especialización universitaria,ESPECIALIZACION PROFESIONAL
"Especialización en Aduanas, Puertos, Cambios y Logística",Posgrado,Especialización universitaria,ESPECIALIZACION PROFESIONAL
Especialización en Agilidad Empresarial,Posgrado,Especialización universitaria,ESPECIALIZACION PROFESIONAL
ESPECIALIZACIÓN EN AGRICULTURA FAMILIAR,Posgrado,Especialización universitaria,ESPECIALIZACION PROFESIONAL
Especialización en Agroecología,Posgrado,Especialización universitaria,ESPECIALIZACION PROFESIONAL
ESPECIALIZACIÓN EN AGROECOLOGÍA Y DESARROLLO AGROECOTURÍSTICO,Posgrado,Especialización universitaria,ESPECIALIZACION PROFESIONAL
Especialización en Agroecología y Desarrollo Sostenible,Posgrado,Especialización universitaria,ESPECIALIZACION PROFESIONAL
ESPECIALIZACION EN AGRONEGOCIOS,Posgrado,Especialización universitaria,ESPECIALIZACION PROFESIONAL
ESPECIALIZACIÓN EN AGRONEGOCIOS ALIMENTARIOS SOSTENIBLES,Posgrado,Especialización universitaria,ESPECIALIZACION PROFESIONAL
ESPECIALIZACIÓN EN AGRONEGOCIOS SOSTENIBLES,Posgrado,Especialización universitaria,ESPECIALIZACION PROFESIONAL
ESPECIALIZACION EN AGUAS Y SANEAMIENTO AMBIENTAL,Posgrado,Especialización universitaria,ESPECIALIZACION PROFESIONAL
ESPECIALIZACIÓN EN ALERGOLOGÍA,Posgrado,Especialización médico quirúrgica,ESPECIALIZACION PROFESIONAL
ESPECIALIZACION EN ALERGOLOGIA CLINICA,Posgrado,Especialización médico quirúrgica,ESPECIALIZACION PROFESIONAL
ESPECIALIZACIÓN EN ALIMENTACIÓN Y NUTRICIÓN,Posgrado,Especialización universitaria,ESPECIALIZACION PROFESIONAL
ESPECIALIZACION EN ALIMENTACION Y NUTRICION EN PROMOCION DE LA SALUD,Posgrado,Especialización universitaria,ESPECIALIZACION PROFESIONAL
ESPECIALIZACIÓN EN ALTA DIRECCIÓN Y AUDITORÍA EN INSTITUCIONES DE SALUD,Posgrado,Especialización universitaria,ESPECIALIZACION PROFESIONAL
ESPECIALIZACION EN ALTA DIRRECION DEL ESTADO,Posgrado,Especialización universitaria,ESPECIALIZACION PROFESIONAL
ESPECIALIZACION EN ALTA GERENCIA,Posgrado,Especialización universitaria,ESPECIALIZACION PROFESIONAL
ESPECIALIZACIÓN EN ALTA GERENCIA DE EMPRESAS,Posgrado,Especialización universitaria,ESPECIALIZACION PROFESIONAL
Especialización en Alta Gerencia de Organizaciones de Economía Solidaria,Posgrado,Especialización universitaria,ESPECIALIZACION PROFESIONAL
ESPECIALIZACION EN ALTA GERENCIA DE SEGURIDAD Y DEFENSA,Posgrado,Especialización universitaria,ESPECIALIZACION PROFESIONAL
ESPECIALIZACION EN ALTA GERENCIA DEL SISTEMA  DE SEGURIDAD SOCIAL EN SALUD,Posgrado,Especialización universitaria,ESPECIALIZACION PROFESIONAL
ESPECIALIZACION EN ALTA GERENCIA EN MERCADOTECNIA,Posgrado,Especialización universitaria,ESPECIALIZACION PROFESIONAL
ESPECIALIZACION EN ALTA GERENCIA EN TURISMO DE SALUD,Posgrado,Especialización universitaria,ESPECIALIZACION PROFESIONAL
ESPECIALIZACIÓN EN ALTA GERENCIA ESTRATÉGICA,Posgrado,Especialización universitaria,ESPECIALIZACION PROFESIONAL
ESPECIALIZACIÓN EN ALTA GERENCIA PARA SISTEMAS INTEGRADOS DE GESTIÓN,Posgrado,Especialización universitaria,ESPECIALIZACION PROFESIONAL
ESPECIALIZACIÓN EN ALTA GERENCIA Y DESARROLLO ORGANIZACIONAL,Posgrado,Especialización universitaria,ESPECIALIZACION PROFESIONAL
ESPECIALIZACION EN ALTA GERENCIA Y ECONOMIA SOLIDARIA,Posgrado,Especialización universitaria,ESPECIALIZACION PROFESIONAL
ESPECIALIZACIÓN EN ALTO GOBIERNO,Posgrado,Especialización universitaria,ESPECIALIZACION PROFESIONAL
ESPECIALIZACION EN AMBIENTE Y DESARROLLO LOCAL,Posgrado,Especialización universitaria,ESPECIALIZACION PROFESIONAL
"ESPECIALIZACIÓN EN AMBIENTES VIRTUALES DE APRENDIZAJE, AVA",Posgrado,Especialización universitaria,ESPECIALIZACION PROFESIONAL
Especialización en Ambientes Virtuales de Aprendizaje - E Learning,Posgrado,Especialización universitaria,ESPECIALIZACION PROFESIONAL
Especialización en Análisis de Datos,Posgrado,Especialización universitaria,ESPECIALIZACION PROFESIONAL
Especialización en Análisis de Datos Sociales,Posgrado,Especialización universitaria,ESPECIALIZACION PROFESIONAL
ESPECIALIZACION EN ANALISIS DE POLITICAS PUBLICAS,Posgrado,Especialización universitaria,ESPECIALIZACION PROFESIONAL
ESPECIALIZACION EN ANALISIS ESPACIAL,Posgrado,Especialización universitaria,ESPECIALIZACION PROFESIONAL
ESPECIALIZACIÓN EN ANÁLISIS ESTADÍSTICO PARA CIENCIA DE DATOS,Posgrado,Especialización universitaria,ESPECIALIZACION PROFESIONAL
Especialización en Análisis Estratégico de Datos,Posgrado,Especialización universitaria,ESPECIALIZACION PROFESIONAL
ESPECIALIZACION EN ANALISIS QUIMICO INSTRUMENTAL,Posgrado,Especialización universitaria,ESPECIALIZACION PROFESIONAL
ESPECIALIZACION EN ANALISIS Y DISENO DE ESTRUCTURAS,Posgrado,Especialización universitaria,ESPECIALIZACION PROFESIONAL
Especialización en análisis y diseño estructural,Posgrado,Especialización universitaria,ESPECIALIZACION PROFESIONAL
Especialización en Análisis y Planeación Estratégica de Medios,Posgrado,Especialización universitaria,ESPECIALIZACION PROFESIONAL
ESPECIALIZACIÓN EN ANALÍTICA,Posgrado,Especialización universitaria,ESPECIALIZACION PROFESIONAL
ESPECIALIZACIÓN EN ANALÍTICA APLICADA A NEGOCIOS,Posgrado,Especialización universitaria,ESPECIALIZACION PROFESIONAL
ESPECIALIZACIÓN EN ANALÍTICA DE BIG DATA,Posgrado,Especialización universitaria,ESPECIALIZACION PROFESIONAL
ESPECIALIZACIÓN EN ANALÍTICA DE DATOS,Posgrado,Especialización universitaria,ESPECIALIZACION PROFESIONAL
ESPECIALIZACIÓN EN ANALÍTICA DE DATOS APLICADA A LOS NEGOCIOS,Posgrado,Especialización universitaria,ESPECIALIZACION PROFESIONAL
Especialización en Analítica de Datos Aplicada al Sector Salud,Posgrado,Especialización universitaria,ESPECIALIZACION PROFESIONAL
Especialización en Analítica de Datos e Información,Posgrado,Especialización universitaria,ESPECIALIZACION PROFESIONAL
Especialización en Analítica de Datos e Inteligencia Artificial,Posgrado,Especialización universitaria,ESPECIALIZACION PROFESIONAL
Especialización en Analítica de Datos e Inteligencia de Negocios,Posgrado,Especialización universitaria,ESPECIALIZACION PROFESIONAL
Especialización en Analítica de Datos en Salud,Posgrado,Especialización universitaria,ESPECIALIZACION PROFESIONAL
Especialización en Analítica de Datos Organizacionales,Posgrado,Especialización universitaria,ESPECIALIZACION PROFESIONAL
Especialización en analítica de datos para la gerencia de organizaciones inteligentes,Posgrado,Especialización universitaria,ESPECIALIZACION PROFESIONAL
Especialización en Analítica de Datos para los Negocios,Posgrado,Especialización universitaria,ESPECIALIZACION PROFESIONAL
Especialización en Analítica de Negocios,Posgrado,Especialización universitaria,ESPECIALIZACION PROFESIONAL
ESPECIALIZACIÓN EN ANALÍTICA ESTRATÉGICA DE DATOS,Posgrado,Especialización universitaria,ESPECIALIZACION PROFESIONAL
Especialización en Analítica para los Negocios,Posgrado,Especialización universitaria,ESPECIALIZACION PROFESIONAL
ESPECIALIZACION EN ANALITICA Y BIG DATA,Posgrado,Especialización universitaria,ESPECIALIZACION PROFESIONAL
ESPECIALIZACIÓN EN ANALÍTICA Y CIENCIA DE DATOS,Posgrado,Especialización universitaria,ESPECIALIZACION PROFESIONAL
Especialización en Analítica y Ciencia de Datos Aplicada,Posgrado,Especialización universitaria,ESPECIALIZACION PROFESIONAL
ESPECIALIZACIÓN EN ANALÍTICA Y GESTIÓN FINANCIERA,Posgrado,Especialización universitaria,ESPECIALIZACION PROFESIONAL
ESPECIALIZACION EN ANESTESIA CARDIOVASCULAR,Posgrado,Especialización médico quirúrgica,ESPECIALIZACION PROFESIONAL
ESPECIALIZACION EN ANESTESIA CARDIOVASCULAR Y TORACICA,Posgrado,Especialización médico quirúrgica,ESPECIALIZACION PROFESIONAL
ESPECIALIZACION EN ANESTESIA VETERINARIA,Posgrado,Especialización universitaria,ESPECIALIZACION PROFESIONAL
ESPECIALIZACION EN ANESTESIOLOGIA,Posgrado,Especialización médico quirúrgica,ESPECIALIZACION PROFESIONAL
ESPECIALIZACION EN ANESTESIOLOGIA CARDIOVASCULAR,Posgrado,Especialización médico quirúrgica,ESPECIALIZACION PROFESIONAL
ESPECIALIZACIÓN EN ANESTESIOLOGÍA VETERINARIA,Posgrado,Especialización universitaria,ESPECIALIZACION PROFESIONAL
ESPECIALIZACIÓN EN ANESTESIOLOGÍA Y MEDICINA PERIOPERATORIA,Posgrado,Especialización médico quirúrgica,ESPECIALIZACION PROFESIONAL
ESPECIALIZACION EN ANESTESIOLOGIA Y REANIMACION,Posgrado,Especialización médico quirúrgica,ESPECIALIZACION PROFESIONAL
ESPECIALIZACION EN ANIMACION,Posgrado,Especialización universitaria,ESPECIALIZACION PROFESIONAL
ESPECIALIZACIÓN EN ANIMACIÓN 3D PARA ENTORNOS TRANSMEDIA,Posgrado,Especialización universitaria,ESPECIALIZACION PROFESIONAL
ESPECIALIZACIÓN EN ANIMACIÓN DE PERSONAJES 3D,Posgrado,Especialización universitaria,ESPECIALIZACION PROFESIONAL
ESPECIALIZACIÓN EN ANIMACIÓN DIGITAL,Posgrado,Especialización universitaria,ESPECIALIZACION PROFESIONAL
Especialización en  Aplicación de Nuevas Tecnologías en el Derecho (Legaltech),Posgrado,Especialización universitaria,ESPECIALIZACION PROFESIONAL
ESPECIALIZACIÓN EN APLICACIÓN DE TIC PARA LA ENSEÑANZA,Posgrado,Especialización universitaria,ESPECIALIZACION PROFESIONAL
ESPECIALIZACIÓN EN APLICACIÓN Y TECNOLOGÍA DE DRONES,Posgrado,Especialización universitaria,ESPECIALIZACION PROFESIONAL
Especialización en Aprendizaje Automático mediante Inteligencia Artificial,Posgrado,Especialización universitaria,ESPECIALIZACION PROFESIONAL
ESPECIALIZACION EN APROVECHAMIENTO DE RECURSOS HIDRAULICOS,Posgrado,Especialización universitaria,ESPECIALIZACION PROFESIONAL
ESPECIALIZACION EN ARCHIVISTICA,Posgrado,Especialización universitaria,ESPECIALIZACION PROFESIONAL
ESPECIALIZACIÓN EN ARGUMENTACIÓN JURÍDICA,Posgrado,Especialización universitaria,ESPECIALIZACION PROFESIONAL
ESPECIALIZACION EN ARQUEOLOGIA,Posgrado,Especialización universitaria,ESPECIALIZACION PROFESIONAL
ESPECIALIZACIÓN EN ARQUITECTURA BIOCLIMÁTICA,Posgrado,Especialización universitaria,ESPECIALIZACION PROFESIONAL
ESPECIALIZACIÓN EN ARQUITECTURA DE SOFTWARE,Posgrado,Especialización universitaria,ESPECIALIZACION PROFESIONAL
ESPECIALIZACIÓN EN ARQUITECTURA EMPRESARIAL DE SOFTWARE,Posgrado,Especialización universitaria,ESPECIALIZACION PROFESIONAL
Especialización en Arquitectura Legal y Forense,Posgrado,Especialización universitaria,ESPECIALIZACION PROFESIONAL
ESPECIALIZACIÓN EN ARQUITECTURA Y URBANISMO BIOCLIMÁTICO,Posgrado,Especialización universitaria,ESPECIALIZACION PROFESIONAL
"ESPECIALIZACIÓN EN ARTES, CULTURAS, SABERES Y PATRIMONIO HISTÓRICO",Posgrado,Especialización universitaria,ESPECIALIZACION PROFESIONAL
Especialización en Aseguramiento de la Calidad de Software,Posgrado,Especialización universitaria,ESPECIALIZACION PROFESIONAL
ESPECIALIZACIÓN EN ASEGURAMIENTO DE LA CALIDAD E INOCUIDAD AGROALIMENTARIA,Posgrado,Especialización universitaria,ESPECIALIZACION PROFESIONAL
ESPECIALIZACIÒN EN ASEGURAMIENTO DE LA INFORMACIÓN FINANCIERA Y CONTROL INTERNO,Posgrado,Especialización universitaria,ESPECIALIZACION PROFESIONAL
ESPECIALIZACIÓN EN ASEGURAMIENTO DE LA INFORMACIÓN  Y  CONTROL INTERNO,Posgrado,Especialización universitaria,ESPECIALIZACION PROFESIONAL
ESPECIALIZACION EN ASEGURAMIENTO Y CONTROL INTERNO,Posgrado,Especialización universitaria,ESPECIALIZACION PROFESIONAL
Especialización en Asesoría Integral de Cultivos Semestrales,Posgrado,Especialización universitaria,ESPECIALIZACION PROFESIONAL
ESPECIALIZACIÓN EN ASUNTOS MIGRATORIOS Y GEOPOLÍTICA,Posgrado,Especialización universitaria,ESPECIALIZACION PROFESIONAL
ESPECIALIZACIÓN EN ATENCIÓN A LA PRIMERA INFANCIA,Posgrado,Especialización universitaria,ESPECIALIZACION PROFESIONAL
ESPECIALIZACIÓN EN ATENCIÓN DE ENFERMERA EN QUIRÓFANOS Y CENTRAL DE ESTERILIZACIÓN,Posgrado,Especialización universitaria,ESPECIALIZACION PROFESIONAL
ESPECIALIZACION EN ATENCION DE ENFERMERIA EN CUIDADO CRITICO,Posgrado,Especialización universitaria,ESPECIALIZACION PROFESIONAL
ESPECIALIZACIÓN EN ATENCIÓN DE ENFERMERÍA EN URGENCIAS,Posgrado,Especialización universitaria,ESPECIALIZACION PROFESIONAL
ESPECIALIZACIÓN EN ATENCIÓN INTEGRAL A LA PRIMERA INFANCIA,Posgrado,Especialización universitaria,ESPECIALIZACION PROFESIONAL
ESPECIALIZACIÓN EN ATENCIÓN PSICOSOCIAL A VICTIMAS Y SOBREVIVIENTES,Posgrado,Especialización universitaria,ESPECIALIZACION PROFESIONAL
ESPECIALIZACION EN AUDIOLOGIA,Posgrado,Especialización universitaria,ESPECIALIZACION PROFESIONAL
ESPECIALIZACION EN AUDITORIA CLINICA,Posgrado,Especialización universitaria,ESPECIALIZACION PROFESIONAL
ESPECIALIZACIÓN EN AUDITORÍA DE CONTROL INTERNO Y ASEGURAMIENTO,Posgrado,Especialización universitaria,ESPECIALIZACION PROFESIONAL
ESPECIALIZACION EN AUDITORIA DE LA CALIDAD EN SALUD,Posgrado,Especialización universitaria,ESPECIALIZACION PROFESIONAL
ESPECIALIZACION EN AUDITORIA DE SALUD,Posgrado,Especialización universitaria,ESPECIALIZACION PROFESIONAL
ESPECIALIZACION EN AUDITORIA DE SERVICIOS DE SALUD,Posgrado,Especialización universitaria,ESPECIALIZACION PROFESIONAL
ESPECIALIZACION EN AUDITORIA DE SISTEMAS,Posgrado,Especialización universitaria,ESPECIALIZACION PROFESIONAL
ESPECIALIZACION EN AUDITORIA DE SISTEMAS DE INFORMACION,Posgrado,Especialización universitaria,ESPECIALIZACION PROFESIONAL
ESPECIALIZACION EN AUDITORIA EN GERENCIA DE SERVICIOS DE SALUD,Posgrado,Especialización universitaria,ESPECIALIZACION PROFESIONAL
ESPECIALIZACION EN AUDITORIA EN SALUD,Posgrado,Especialización universitaria,ESPECIALIZACION PROFESIONAL
Especialización en Auditoría en Salud y Sistema Obligatorio de Garantía de Calidad,Posgrado,Especialización universitaria,ESPECIALIZACION PROFESIONAL
Especialización en Auditoria en Servicios de Salud,Posgrado,Especialización universitaria,ESPECIALIZACION PROFESIONAL
ESPECIALIZACIÓN EN AUDITORIA FORENSE,Posgrado,Especialización universitaria,ESPECIALIZACION PROFESIONAL
ESPECIALIZACIÓN EN AUDITORÍA FORENSE Y ADMINISTRACIÓN DE RIESGOS DE FRAUDE,Posgrado,Especialización universitaria,ESPECIALIZACION PROFESIONAL
Especialización en Auditoría Forense y Cumplimiento,Posgrado,Especialización universitaria,ESPECIALIZACION PROFESIONAL
Especialización en Auditoria Forense y Revisoría Fiscal,Posgrado,Especialización universitaria,ESPECIALIZACION PROFESIONAL
Especialización en Auditoría Integral en Organizaciones Sociales,Posgrado,Especialización universitaria,ESPECIALIZACION PROFESIONAL
Especialización en Auditoría Integral y Revisoría Fiscal,Posgrado,Especialización universitaria,ESPECIALIZACION PROFESIONAL
ESPECIALIZACIÓN EN AUDITORÍA INTERNACIONAL Y ASEGURAMIENTO DE INFORMACIÓN,Posgrado,Especialización universitaria,ESPECIALIZACION PROFESIONAL
ESPECIALIZACION EN AUDITORIA Y ADMINISTRACIÓN DE LA INFORMACIÓN TRIBUTARIA,Posgrado,Especialización universitaria,ESPECIALIZACION PROFESIONAL
Especialización en Auditoria y Aseguramiento de la Información Financiera,Posgrado,Especialización universitaria,ESPECIALIZACION PROFESIONAL
ESPECIALIZACION EN AUDITORIA Y CONTROL,Posgrado,Especialización universitaria,ESPECIALIZACION PROFESIONAL
ESPECIALIZACION EN AUDITORIA Y CONTROL DE GESTION,Posgrado,Especialización universitaria,ESPECIALIZACION PROFESIONAL
ESPECIALIZACION EN AUDITORIA Y CONTROL FISCAL,Posgrado,Especialización universitaria,ESPECIALIZACION PROFESIONAL
ESPECIALIZACION EN AUDITORIA Y GARANTIA DE CALIDAD EN SALUD,Posgrado,Especialización universitaria,ESPECIALIZACION PROFESIONAL
ESPECIALIZACION EN AUDITORIA Y GARANTIA DE CALIDAD EN SALUD CON ENFASIS EN EPIDEMIOLOGIA,Posgrado,Especialización universitaria,ESPECIALIZACION PROFESIONAL
ESPECIALIZACION EN AUDITORIA Y GARANTIA DE LA CALIDAD EN SALUD,Posgrado,Especialización universitaria,ESPECIALIZACION PROFESIONAL
Especialización en Auditoria y Gestión de Riesgos,Posgrado,Especialización universitaria,ESPECIALIZACION PROFESIONAL
ESPECIALIZACION EN AUTOMATICA,Posgrado,Especialización universitaria,ESPECIALIZACION PROFESIONAL
ESPECIALIZACION EN AUTOMATIZACION DE PROCESOS INDUSTRIALES,Posgrado,Especialización universitaria,ESPECIALIZACION PROFESIONAL
ESPECIALIZACION EN AUTOMATIZACION INDUSTRIAL,Posgrado,Especialización universitaria,ESPECIALIZACION PROFESIONAL
ESPECIALIZACIÓN EN AUTOMATIZACIÓN Y CONTROL DE PROCESOS INDUSTRIALES,Posgrado,Especialización universitaria,ESPECIALIZACION PROFESIONAL
ESPECIALIZACIÓN EN AUTOMATIZACIÓN Y CONTROL INDUSTRIAL,Posgrado,Especialización universitaria,ESPECIALIZACION PROFESIONAL
ESPECIALIZACION EN AVALUOS,Posgrado,Especialización universitaria,ESPECIALIZACION PROFESIONAL
Especialización en Banca de Inversión y Capital Privado,Posgrado,Especialización universitaria,ESPECIALIZACION PROFESIONAL
ESPECIALIZACION EN BASES DE DATOS,Posgrado,Especialización universitaria,ESPECIALIZACION PROFESIONAL
ESPECIALIZACIÓN EN BIENESTAR ANIMAL Y ETOLOGÍA,Posgrado,Especialización universitaria,ESPECIALIZACION PROFESIONAL
Especialización en Bienestar Integral en las Organizaciones,Posgrado,Especialización universitaria,ESPECIALIZACION PROFESIONAL
ESPECIALIZACIÓN EN BIG DATA,Posgrado,Especialización universitaria,ESPECIALIZACION PROFESIONAL
ESPECIALIZACIÓN EN BIG DATA E INTELIGENCIA DE NEGOCIOS,Posgrado,Especialización universitaria,ESPECIALIZACION PROFESIONAL
Especialización en Big Data e Inteligencia de Negocios (BI),Posgrado,Especialización universitaria,ESPECIALIZACION PROFESIONAL
Especialización en Big Data y Analítica,Posgrado,Especialización universitaria,ESPECIALIZACION PROFESIONAL
ESPECIALIZACIÓN EN BIG DATA Y ANALÍTICA DE DATOS,Posgrado,Especialización universitaria,ESPECIALIZACION PROFESIONAL
Especialización en BIM,Posgrado,Especialización universitaria,ESPECIALIZACION PROFESIONAL
ESPECIALIZACION EN BIOETICA,Posgrado,Especialización universitaria,ESPECIALIZACION PROFESIONAL
Especialización en Bioinformática,Posgrado,Especialización universitaria,ESPECIALIZACION PROFESIONAL
ESPECIALIZACION EN BIOINGENIERIA,Posgrado,Especialización universitaria,ESPECIALIZACION PROFESIONAL
ESPECIALIZACION EN BIOLOGIA DE ESTUARIOS,Posgrado,Especialización universitaria,ESPECIALIZACION PROFESIONAL
ESPECIALIZACIÓN EN BIONEGOCIOS,Posgrado,Especialización universitaria,ESPECIALIZACION PROFESIONAL
ESPECIALIZACION EN BIOTECNOLOGIA,Posgrado,Especialización universitaria,ESPECIALIZACION PROFESIONAL
ESPECIALIZACION EN BIOTECNOLOGIA AGRARIA,Posgrado,Especialización universitaria,ESPECIALIZACION PROFESIONAL
ESPECIALIZACION EN BIOTECNOLOGIA AGROAMBIENTAL,Posgrado,Especialización universitaria,ESPECIALIZACION PROFESIONAL
ESPECIALIZACIÓN EN BIOTECNOLOGÍA DE LA REPRODUCCIÓN ANIMAL,Posgrado,Especialización universitaria,ESPECIALIZACION PROFESIONAL
ESPECIALIZACIÓN EN BIOTECNOLOGÍA REPRODUCTIVA,Posgrado,Especialización universitaria,ESPECIALIZACION PROFESIONAL
ESPECIALIZACIÓN EN BRANDING Y COMUNICACIÓN ESTRATÉGICA,Posgrado,Especialización universitaria,ESPECIALIZACION PROFESIONAL
ESPECIALIZACION EN BUENAS PRACTICAS AGROPECUARIAS,Posgrado,Especialización universitaria,ESPECIALIZACION PROFESIONAL
ESPECIALIZACIÓN EN BUSINESS ANALYTICS,Posgrado,Especialización universitaria,ESPECIALIZACION PROFESIONAL
ESPECIALIZACIÓN EN CADENA DE SUMINISTRO Y OPERACIONES DIGITALES,Posgrado,Especialización universitaria,ESPECIALIZACION PROFESIONAL
ESPECIALIZACIÓN EN CAFÉ,Posgrado,Especialización universitaria,ESPECIALIZACION PROFESIONAL
Especialización en Calidad de la Carne,Posgrado,Especialización universitaria,ESPECIALIZACION PROFESIONAL
ESPECIALIZACIÓN EN CALIDAD DE LA GESTIÓN Y PRODUCTIVIDAD,Posgrado,Especialización universitaria,ESPECIALIZACION PROFESIONAL
ESPECIALIZACIÓN EN CALIDAD DE SOFTWARE,Posgrado,Especialización universitaria,ESPECIALIZACION PROFESIONAL
ESPECIALIZACION EN CALIDAD Y AUDITORIA EN SALUD,Posgrado,Especialización universitaria,ESPECIALIZACION PROFESIONAL
ESPECIALIZACIÓN EN CALIDAD Y PRODUCCIÓN EN LA INDUSTRIA ALIMENTARIA,Posgrado,Especialización universitaria,ESPECIALIZACION PROFESIONAL
Especialización en Cannabis y Cannabinoides,Posgrado,Especialización universitaria,ESPECIALIZACION PROFESIONAL
ESPECIALIZACION EN CARDIOLOGIA,Posgrado,Especialización médico quirúrgica,ESPECIALIZACION PROFESIONAL
ESPECIALIZACION EN CARDIOLOGIA CLINICA,Posgrado,Especialización médico quirúrgica,ESPECIALIZACION PROFESIONAL
ESPECIALIZACION EN CARDIOLOGIA INTERVENCIONISTA Y HEMODINAMIA,Posgrado,Especialización médico quirúrgica,ESPECIALIZACION PROFESIONAL
ESPECIALIZACIÓN EN CARDIOLOGÍA INTERVENCIONISTA Y HEMODINAMIA PEDIÁTRICA,Posgrado,Especialización médico quirúrgica,ESPECIALIZACION PROFESIONAL
ESPECIALIZACION EN CARDIOLOGIA INTERVENCIONISTA Y HEMODINÁMICA,Posgrado,Especialización médico quirúrgica,ESPECIALIZACION PROFESIONAL
ESPECIALIZACION EN CARDIOLOGIA PEDIATRICA,Posgrado,Especialización médico quirúrgica,ESPECIALIZACION PROFESIONAL
ESPECIALIZACIÓN EN CASACIÓN PENAL,Posgrado,Especialización universitaria,ESPECIALIZACION PROFESIONAL
ESPECIALIZACION EN CIBERSEGURIDAD,Posgrado,Especialización universitaria,ESPECIALIZACION PROFESIONAL
ESPECIALIZACIÓN EN CIBERSEGURIDAD ORGANIZACIONAL,Posgrado,Especialización universitaria,ESPECIALIZACION PROFESIONAL
Especialización en Ciberseguridad y Ciberdefensa,Posgrado,Especialización universitaria,ESPECIALIZACION PROFESIONAL
ESPECIALIZACIÓN EN CIENCIA DE DATOS,Posgrado,Especialización universitaria,ESPECIALIZACION PROFESIONAL
Especialización en Ciencia de Datos e Inteligencia Artificial,Posgrado,Especialización universitaria,ESPECIALIZACION PROFESIONAL
Especialización en Ciencia de Datos y Analítica,Posgrado,Especialización universitaria,ESPECIALIZACION PROFESIONAL
Especialización en Ciencia de Datos y Analítica Educativa,Posgrado,Especialización universitaria,ESPECIALIZACION PROFESIONAL
ESPECIALIZACION EN CIENCIA POLITICA,Posgrado,Especialización universitaria,ESPECIALIZACION PROFESIONAL
ESPECIALIZACION EN CIENCIA Y TECNOLOGIA COSMETICA,Posgrado,Especialización universitaria,ESPECIALIZACION PROFESIONAL
ESPECIALIZACION EN CIENCIA Y TECNOLOGIA DE ALIMENTOS,Posgrado,Especialización universitaria,ESPECIALIZACION PROFESIONAL
ESPECIALIZACIÓN EN CIENCIAS APLICADAS AL ENTRENAMIENTO DEPORTIVO,Posgrado,Especialización universitaria,ESPECIALIZACION PROFESIONAL
Especialización en Ciencias Cosméticas,Posgrado,Especialización universitaria,ESPECIALIZACION PROFESIONAL
ESPECIALIZACIÓN EN CIENCIAS CRIMINOLÓGICAS Y PENALES,Posgrado,Especialización universitaria,ESPECIALIZACION PROFESIONAL
Especialización en Ciencias Forenses Animales,Posgrado,Especialización universitaria,ESPECIALIZACION PROFESIONAL
ESPECIALIZACION  EN CIENCIAS FORENSES Y TECNICA PROBATORIA,Posgrado,Especialización universitaria,ESPECIALIZACION PROFESIONAL
ESPECIALIZACION EN CIENCIAS MILITARES PARA EL PLANEAMIENTO,Posgrado,Especialización universitaria,ESPECIALIZACION PROFESIONAL
Especialización en Ciencias Penales,Posgrado,Especialización universitaria,ESPECIALIZACION PROFESIONAL
ESPECIALIZACION EN CIENCIAS PENALES Y CRIMINOLOGICAS,Posgrado,Especialización universitaria,ESPECIALIZACION PROFESIONAL
ESPECIALIZACION EN CIENCIAS TRIBUTARIAS,Posgrado,Especialización universitaria,ESPECIALIZACION PROFESIONAL
ESPECIALIZACION EN CIRUGIA CARDIOVASCULAR,Posgrado,Especialización médico quirúrgica,ESPECIALIZACION PROFESIONAL
ESPECIALIZACIÓN EN CIRUGIA CRANEOFACIAL,Posgrado,Especialización médico quirúrgica,ESPECIALIZACION PROFESIONAL
ESPECIALIZACIÓN EN CIRUGÍA DE CABEZA  Y CUELLO,Posgrado,Especialización médico quirúrgica,ESPECIALIZACION PROFESIONAL
ESPECIALIZACION EN CIRUGIA DE COLUMNA,Posgrado,Especialización médico quirúrgica,ESPECIALIZACION PROFESIONAL
ESPECIALIZACIÓN EN CIRUGÍA DE LA MANO,Posgrado,Especialización médico quirúrgica,ESPECIALIZACION PROFESIONAL
ESPECIALIZACION EN CIRUGIA DE LA MANO Y MIEMBRO SUPERIOR,Posgrado,Especialización médico quirúrgica,ESPECIALIZACION PROFESIONAL
ESPECIALIZACIÓN EN CIRUGÍA DE MAMA Y TEJIDOS BLANDOS,Posgrado,Especialización médico quirúrgica,ESPECIALIZACION PROFESIONAL
ESPECIALIZACION EN CIRUGIA DE MANO,Posgrado,Especialización médico quirúrgica,ESPECIALIZACION PROFESIONAL
ESPECIALIZACION EN CIRUGIA DE PIE Y TOBILLO,Posgrado,Especialización médico quirúrgica,ESPECIALIZACION PROFESIONAL
ESPECIALIZACION EN  CIRUGIA DE RODILLA,Posgrado,Especialización médico quirúrgica,ESPECIALIZACION PROFESIONAL
Especialización en Cirugía de Tejidos Blandos en Pequeños Animales,Posgrado,Especialización universitaria,ESPECIALIZACION PROFESIONAL
ESPECIALIZACION EN CIRUGIA DE TORAX,Posgrado,Especialización médico quirúrgica,ESPECIALIZACION PROFESIONAL
ESPECIALIZACION EN CIRUGÍA DE TRASPLANTES,Posgrado,Especialización médico quirúrgica,ESPECIALIZACION PROFESIONAL
ESPECIALIZACIÓN EN CIRUGÍA DE TRASPLANTES DE ÓRGANOS ABDOMINALES,Posgrado,Especialización médico quirúrgica,ESPECIALIZACION PROFESIONAL
ESPECIALIZACION EN CIRUGIA DE TRAUMA Y EMERGENCIAS,Posgrado,Especialización médico quirúrgica,ESPECIALIZACION PROFESIONAL
ESPECIALIZACIÓN EN CIRUGÍA ENDOSCÓPICA GINECOLÓGICA,Posgrado,Especialización médico quirúrgica,ESPECIALIZACION PROFESIONAL
ESPECIALIZACION EN CIRUGIA GENERAL,Posgrado,Especialización médico quirúrgica,ESPECIALIZACION PROFESIONAL
ESPECIALIZACION EN CIRUGIA LAPAROSCOPICA AVANZADA,Posgrado,Especialización médico quirúrgica,ESPECIALIZACION PROFESIONAL
ESPECIALIZACION EN CIRUGIA MAXILOFACIAL,Posgrado,Especialización médico quirúrgica,ESPECIALIZACION PROFESIONAL
ESPECIALIZACION EN CIRUGIA ONCOLOGICA,Posgrado,Especialización médico quirúrgica,ESPECIALIZACION PROFESIONAL
ESPECIALIZACION EN CIRUGIA ORAL Y MAXILOFACIAL,Posgrado,Especialización médico quirúrgica,ESPECIALIZACION PROFESIONAL
Especialización en Cirugía Oral y Patología,Posgrado,Especialización universitaria,ESPECIALIZACION PROFESIONAL
ESPECIALIZACION EN CIRUGIA PEDIATRICA,Posgrado,Especialización médico quirúrgica,ESPECIALIZACION PROFESIONAL
ESPECIALIZACION EN CIRUGÍA PLÁSTICA OCULAR,Posgrado,Especialización médico quirúrgica,ESPECIALIZACION PROFESIONAL
ESPECIALIZACION EN CIRUGIA PLASTICA RECONSTRUCTIVA Y ESTETICA,Posgrado,Especialización médico quirúrgica,ESPECIALIZACION PROFESIONAL
ESPECIALIZACION EN CIRUGIA PLASTICA RECONSTRUTIVA Y ESTETICA,Posgrado,Especialización médico quirúrgica,ESPECIALIZACION PROFESIONAL
ESPECIALIZACION EN CIRUGIA RECONSTRUCTIVA Y DEL REEMPLAZO ARTICULAR DE CADERA Y RODILLA,Posgrado,Especialización médico quirúrgica,ESPECIALIZACION PROFESIONAL
ESPECIALIZACION EN CIRUGIA VASCULAR,Posgrado,Especialización médico quirúrgica,ESPECIALIZACION PROFESIONAL
ESPECIALIZACION EN CIRUGIA VASCULAR PERIFERICA,Posgrado,Especialización médico quirúrgica,ESPECIALIZACION PROFESIONAL
ESPECIALIZACION EN CIRUGIA VASCULAR Y ANGIOLOGIA,Posgrado,Especialización médico quirúrgica,ESPECIALIZACION PROFESIONAL
"ESPECIALIZACIÓN EN CIUDADANÍA, DERECHOS Y GESTIÓN DE PAZ",Posgrado,Especialización universitaria,ESPECIALIZACION PROFESIONAL
ESPECIALIZACIÓN EN CLIMA ESCOLAR,Posgrado,Especialización universitaria,ESPECIALIZACION PROFESIONAL
ESPECIALIZACION EN COLOPROCTOLOGIA,Posgrado,Especialización médico quirúrgica,ESPECIALIZACION PROFESIONAL
ESPECIALIZACIÓN EN COMERCIO EXTERIOR,Posgrado,Especialización universitaria,ESPECIALIZACION PROFESIONAL
ESPECIALIZACION EN COMERCIO INTERNACIONAL,Posgrado,Especialización universitaria,ESPECIALIZACION PROFESIONAL
ESPECIALIZACIÓN EN COMPETITIVIDAD TURÍSTICA,Posgrado,Especialización universitaria,ESPECIALIZACION PROFESIONAL
Especialización en Compliance y Derecho de los Negocios,Posgrado,Especialización universitaria,ESPECIALIZACION PROFESIONAL
ESPECIALIZACIÓN EN COMPLIANCE Y GESTIÓN DE RIESGOS,Posgrado,Especialización universitaria,ESPECIALIZACION PROFESIONAL
ESPECIALIZACIÓN EN COMPORTAMIENTO DEL CONSUMIDOR,Posgrado,Especialización universitaria,ESPECIALIZACION PROFESIONAL
ESPECIALIZACION EN COMPORTAMIENTO DEL CONSUMIDOR E INVESTIGACION DE MERCADOS,Posgrado,Especialización universitaria,ESPECIALIZACION PROFESIONAL
ESPECIALIZACIÓN EN COMUNICACIÓN CORPORATIVA,Posgrado,Especialización universitaria,ESPECIALIZACION PROFESIONAL
ESPECIALIZACIÓN EN COMUNICACIÓN CORPORATIVA Y ESTRATÉGICA,Posgrado,Especialización universitaria,ESPECIALIZACION PROFESIONAL
ESPECIALIZACION EN COMUNICACION DIGITAL,Posgrado,Especialización universitaria,ESPECIALIZACION PROFESIONAL
ESPECIALIZACIÓN EN COMUNICACIÓN DIGITAL E INTELIGENCIA ARTIFICIAL,Posgrado,Especialización universitaria,ESPECIALIZACION PROFESIONAL
ESPECIALIZACIÓN EN COMUNICACIÓN DIGITAL Y MEDIOS INTERACTIVOS,Posgrado,Especialización universitaria,ESPECIALIZACION PROFESIONAL
ESPECIALIZACION EN COMUNICACION EDUCATIVA,Posgrado,Especialización universitaria,ESPECIALIZACION PROFESIONAL
Especialización en Comunicación en Salud,Posgrado,Especialización universitaria,ESPECIALIZACION PROFESIONAL
ESPECIALIZACIÓN EN COMUNICACION ESTRATEGICA,Posgrado,Especialización universitaria,ESPECIALIZACION PROFESIONAL
ESPECIALIZACIÓN EN COMUNICACIÓN ESTRATÉGICA DE MARCA EN ENTORNOS DIGITALES,Posgrado,Especialización universitaria,ESPECIALIZACION PROFESIONAL
ESPECIALIZACIÓN EN COMUNICACIÓN ESTRATÉGICA PARA LA WEB,Posgrado,Especialización universitaria,ESPECIALIZACION PROFESIONAL
ESPECIALIZACIÓN EN COMUNICACIÓN ESTRATÉGICA PARA LAS ORGANIZACIONES,Posgrado,Especialización universitaria,ESPECIALIZACION PROFESIONAL
Especialización en Comunicación Gubernamental,Posgrado,Especialización universitaria,ESPECIALIZACION PROFESIONAL
ESPECIALIZACION EN COMUNICACION  ORGANIZACIONAL,Posgrado,Especialización universitaria,ESPECIALIZACION PROFESIONAL
ESPECIALIZACIÓN EN COMUNICACIÓN PARA EL DESARROLLO TERRITORIAL,Posgrado,Especialización universitaria,ESPECIALIZACION PROFESIONAL
ESPECIALIZACIÓN EN COMUNICACIÓN Y NARRATIVAS TRANSMEDIA,Posgrado,Especialización universitaria,ESPECIALIZACION PROFESIONAL
ESPECIALIZACIÓN EN COMUNICACIÓN Y PERIODISMO CON INTELIGENCIA ARTIFICIAL,Posgrado,Especialización universitaria,ESPECIALIZACION PROFESIONAL
ESPECIALIZACION EN COMUNICACIÓN Y PERIODISMO DIGITAL,Posgrado,Especialización universitaria,ESPECIALIZACION PROFESIONAL
Especialización en Comunicación y Reputación Corporativa,Posgrado,Especialización universitaria,ESPECIALIZACION PROFESIONAL
ESPECIALIZACION EN CONFLICTOS ARMADOS Y PAZ,Posgrado,Especialización universitaria,ESPECIALIZACION PROFESIONAL
ESPECIALIZACIÓN EN CONSERVACIÓN Y GESTIÓN DEL PATRIMONIO INMUEBLE,Posgrado,Especialización universitaria,ESPECIALIZACION PROFESIONAL
Especialización en Conservación y Restauración del Patrimonio Arquitectónico.,Posgrado,Especialización universitaria,ESPECIALIZACION PROFESIONAL
ESPECIALIZACIÓN EN CONSTRUCCIÓN,Posgrado,Especialización universitaria,ESPECIALIZACION PROFESIONAL
Especialización en Construcción de Paz y Reconciliación,Posgrado,Especialización universitaria,ESPECIALIZACION PROFESIONAL
ESPECIALIZACIÓN EN CONSTRUCCIÓN DE PAZ Y TERRITORIO,Posgrado,Especialización universitaria,ESPECIALIZACION PROFESIONAL
ESPECIALIZACION EN CONSTRUCCION DE SOFTWARE,Posgrado,Especialización universitaria,ESPECIALIZACION PROFESIONAL
ESPECIALIZACIÓN EN CONSTRUCCIÓN SOSTENIBLE,Posgrado,Especialización universitaria,ESPECIALIZACION PROFESIONAL
ESPECIALIZACIÓN EN CONSULTORÍA EN FAMILIA Y REDES SOCIALES,Posgrado,Especialización universitaria,ESPECIALIZACION PROFESIONAL
ESPECIALIZACIÓN EN CONSULTORÍA PARA LA COMUNICACIÓN PÚBLICA,Posgrado,Especialización universitaria,ESPECIALIZACION PROFESIONAL
ESPECIALIZACION EN CONTABILIDAD FINANCIERA INTERNACIONAL,Posgrado,Especialización universitaria,ESPECIALIZACION PROFESIONAL
ESPECIALIZACIÓN EN CONTABILIDAD GERENCIAL,Posgrado,Especialización universitaria,ESPECIALIZACION PROFESIONAL
ESPECIALIZACION EN CONTABILIDAD INTERNACIONAL,Posgrado,Especialización universitaria,ESPECIALIZACION PROFESIONAL
ESPECIALIZACIÓN EN CONTABILIDAD INTERNACIONAL EN EL SECTOR PUBLICO,Posgrado,Especialización universitaria,ESPECIALIZACION PROFESIONAL
ESPECIALIZACIÓN EN CONTABILIDAD INTERNACIONAL Y AUDITORÍA,Posgrado,Especialización universitaria,ESPECIALIZACION PROFESIONAL
ESPECIALIZACIÓN EN CONTABILIDAD Y AUDITORÍA EN ENTORNOS DIGITALES,Posgrado,Especialización universitaria,ESPECIALIZACION PROFESIONAL
ESPECIALIZACION EN CONTRATACION E INTERVENTORIA DE SERVICIOS ALIMENTARIOS A COLECTIVIDADES,Posgrado,Especialización universitaria,ESPECIALIZACION PROFESIONAL
Especialización en Contratación en Entornos Digitales,Posgrado,Especialización universitaria,ESPECIALIZACION PROFESIONAL
ESPECIALIZACION EN CONTRATACION ESTATAL,Posgrado,Especialización universitaria,ESPECIALIZACION PROFESIONAL
Especialización en Contratación Estatal y Derecho Sancionatorio,Posgrado,Especialización universitaria,ESPECIALIZACION PROFESIONAL
ESPECIALIZACIÓN EN CONTRATACIÓN ESTATAL Y NEGOCIOS JURÍDICOS DE LA ADMINISTRACIÓN,Posgrado,Especialización universitaria,ESPECIALIZACION PROFESIONAL
ESPECIALIZACIÓN EN CONTRATACIÓN ESTATAL Y SU GESTIÓN,Posgrado,Especialización universitaria,ESPECIALIZACION PROFESIONAL
ESPECIALIZACIÓN  EN CONTRATACIÓN INTERNACIONAL,Posgrado,Especialización universitaria,ESPECIALIZACION PROFESIONAL
ESPECIALIZACION EN CONTRATACION PUBLICA,Posgrado,Especialización universitaria,ESPECIALIZACION PROFESIONAL
ESPECIALIZACIÓN EN CONTRATACIÓN Y COMERCIO INTERNACIONAL,Posgrado,Especialización universitaria,ESPECIALIZACION PROFESIONAL
Especialización en Contrato Estatal de Infraestructura Pública,Posgrado,Especialización universitaria,ESPECIALIZACION PROFESIONAL
ESPECIALIZACIÓN EN CONTROL DE GESTIÓN Y REVISORÍA FISCAL,Posgrado,Especialización universitaria,ESPECIALIZACION PROFESIONAL
ESPECIALIZACIÓN EN CONTROL DE LA CONTAMINACIÓN AMBIENTAL,Posgrado,Especialización universitaria,ESPECIALIZACION PROFESIONAL
ESPECIALIZACION EN CONTROL GERENCIAL CORPORATIVO,Posgrado,Especialización universitaria,ESPECIALIZACION PROFESIONAL
ESPECIALIZACION EN CONTROL INTERNO,Posgrado,Especialización universitaria,ESPECIALIZACION PROFESIONAL
ESPECIALIZACION EN CONTROL ORGANIZACIONAL,Posgrado,Especialización universitaria,ESPECIALIZACION PROFESIONAL
ESPECIALIZACIÓN EN CONTROL Y RESPONSABILIDAD FISCAL,Posgrado,Especialización universitaria,ESPECIALIZACION PROFESIONAL
Especialización en Cooperación Internacional al Desarrollo,Posgrado,Especialización universitaria,ESPECIALIZACION PROFESIONAL
ESPECIALIZACION EN COOPERACION INTERNACIONAL PARA EL DESARROLLO,Posgrado,Especialización universitaria,ESPECIALIZACION PROFESIONAL
ESPECIALIZACION EN COOPERACION INTERNACIONAL Y GESTION DE PROYECTOS PARA EL DESARROLLO,Posgrado,Especialización universitaria,ESPECIALIZACION PROFESIONAL
ESPECIALIZACIÓN EN CREACIÓN DE CONTENIDOS PUBLICITARIOS CON FINES SOCIALES Y AMBIENTALES,Posgrado,Especialización universitaria,ESPECIALIZACION PROFESIONAL
Especialización en Creación de Recursos Educativos Digitales,Posgrado,Especialización universitaria,ESPECIALIZACION PROFESIONAL
ESPECIALIZACION EN CREACION MULTIMEDIA,Posgrado,Especialización universitaria,ESPECIALIZACION PROFESIONAL
ESPECIALIZACIÓN EN CREACIÓN Y GESTIÓN FOTOGRÁFICA MULTIPLATAFORMA,Posgrado,Especialización universitaria,ESPECIALIZACION PROFESIONAL
ESPECIALIZACIÓN EN CREATIVIDAD,Posgrado,Especialización universitaria,ESPECIALIZACION PROFESIONAL
ESPECIALIZACIÓN EN CREATIVIDAD ESTRATÉGICA,Posgrado,Especialización universitaria,ESPECIALIZACION PROFESIONAL
ESPECIALIZACIÓN EN CRIMINOLOGÍA Y POLÍTICA CRIMINAL,Posgrado,Especialización universitaria,ESPECIALIZACION PROFESIONAL
ESPECIALIZACION EN CRIMINOLOGIA Y PSICOLOGIA FORENSE APLICADA,Posgrado,Especialización universitaria,ESPECIALIZACION PROFESIONAL
"Especialización en Crisis, Conflicto y Salud Mental en la Adolescencia",Posgrado,Especialización universitaria,ESPECIALIZACION PROFESIONAL
ESPECIALIZACION EN CUIDADO DE ENFERMERIA EN URGENCIAS,Posgrado,Especialización universitaria,ESPECIALIZACION PROFESIONAL
ESPECIALIZACIÓN EN CUIDADO INTENSIVO PEDIÁTRICO,Posgrado,Especialización médico quirúrgica,ESPECIALIZACION PROFESIONAL
ESPECIALIZACION EN CUIDADO PSICOESPIRITUAL,Posgrado,Especialización universitaria,ESPECIALIZACION PROFESIONAL
ESPECIALIZACION EN CULTIVOS PERENNES INDUSTRIALES,Posgrado,Especialización universitaria,ESPECIALIZACION PROFESIONAL
ESPECIALIZACION EN CULTURA DE PAZ Y DERECHO INTERNACIONAL HUMANITARIO,Posgrado,Especialización universitaria,ESPECIALIZACION PROFESIONAL
ESPECIALIZACION EN CULTURA POLITICA: PEDAGOGIA DE LOS DERECHOS HUMANOS,Posgrado,Especialización universitaria,ESPECIALIZACION PROFESIONAL
ESPECIALIZACION EN CULTURA Y CLIMA ORGANIZACIONAL,Posgrado,Especialización universitaria,ESPECIALIZACION PROFESIONAL
ESPECIALIZACIÓN EN CUMPLIMIENTO ANTI LAVADO DE ACTIVOS Y CONTRA LA FINANCIACIÓN DEL TERRORISMO,Posgrado,Especialización universitaria,ESPECIALIZACION PROFESIONAL
Especialización en Currículo y Calidad Educativa,Posgrado,Especialización universitaria,ESPECIALIZACION PROFESIONAL
Especialización en Daño Resarcible,Posgrado,Especialización universitaria,ESPECIALIZACION PROFESIONAL
ESPECIALIZACIÓN EN DATA ANALYTICS PARA MARKETING DIGITAL,Posgrado,Especialización universitaria,ESPECIALIZACION PROFESIONAL
ESPECIALIZACIÓN EN DEFENSA DE LOS DERECHOS HUMANOS,Posgrado,Especialización universitaria,ESPECIALIZACION PROFESIONAL
ESPECIALIZACIÓN EN DEMOCRACIA Y RÉGIMEN ELECTORAL,Posgrado,Especialización universitaria,ESPECIALIZACION PROFESIONAL
Especialización en Deporte Escolar,Posgrado,Especialización universitaria,ESPECIALIZACION PROFESIONAL
ESPECIALIZACIÓN EN DEPORTE Y DESARROLLO SOCIAL,Posgrado,Especialización universitaria,ESPECIALIZACION PROFESIONAL
ESPECIALIZACIÓN EN DERECHO,Posgrado,Especialización universitaria,ESPECIALIZACION PROFESIONAL
ESPECIALIZACION EN DERECHO ADMINISTRATIVO,Posgrado,Especialización universitaria,ESPECIALIZACION PROFESIONAL
ESPECIALIZACION EN DERECHO ADMINISTRATIVO  DISCIPLINARIO,Posgrado,Especialización universitaria,ESPECIALIZACION PROFESIONAL
ESPECIALIZACION EN DERECHO ADMINISTRATIVO LABORAL,Posgrado,Especialización universitaria,ESPECIALIZACION PROFESIONAL
ESPECIALIZACIÓN EN DERECHO ADMINISTRATIVO Y CONSTITUCIONAL,Posgrado,Especialización universitaria,ESPECIALIZACION PROFESIONAL
ESPECIALIZACIÓN EN DERECHO ADMINISTRATIVO Y CONTRACTUAL,Posgrado,Especialización universitaria,ESPECIALIZACION PROFESIONAL
ESPECIALIZACION EN DERECHO ADMINISTRATIVO Y DE LA FUNCION PUBLICA,Posgrado,Especialización universitaria,ESPECIALIZACION PROFESIONAL
Especialización en Derecho Administrativo y de la Gestión Pública,Posgrado,Especialización universitaria,ESPECIALIZACION PROFESIONAL
ESPECIALIZACION EN DERECHO ADMINISTRATIVO Y DE LO CONTENCIOSO,Posgrado,Especialización universitaria,ESPECIALIZACION PROFESIONAL
ESPECIALIZACIÓN EN DERECHO ADMINISTRATIVO Y PROCEDIMIENTO ADMINISTRATIVO,Posgrado,Especialización universitaria,ESPECIALIZACION PROFESIONAL
Especialización en Derecho Administrativo y Regulación,Posgrado,Especialización universitaria,ESPECIALIZACION PROFESIONAL
ESPECIALIZACIÓN EN  DERECHO ADMINSITRATIVO,Posgrado,Especialización universitaria,ESPECIALIZACION PROFESIONAL
ESPECIALIZACION EN DERECHO ADUANERO Y COMERCIO EXTERIOR,Posgrado,Especialización universitaria,ESPECIALIZACION PROFESIONAL
ESPECIALIZACIÓN EN DERECHO ADUANERO Y DEL COMERCIO EXTERIOR,Posgrado,Especialización universitaria,ESPECIALIZACION PROFESIONAL
ESPECIALIZACION EN DERECHO AMBIENTAL,Posgrado,Especialización universitaria,ESPECIALIZACION PROFESIONAL
"ESPECIALIZACIÓN EN DERECHO AMBIENTAL, CAMBIO CLIMÁTICO Y SOSTENIBILIDAD",Posgrado,Especialización universitaria,ESPECIALIZACION PROFESIONAL
"ESPECIALIZACIÓN EN DERECHO AMBIENTAL, TERRITORIAL Y URBANÍSTICO",Posgrado,Especialización universitaria,ESPECIALIZACION PROFESIONAL
ESPECIALIZACIÓN EN DERECHO AMBIENTAL Y DESARROLLO,Posgrado,Especialización universitaria,ESPECIALIZACION PROFESIONAL
ESPECIALIZACIÓN EN DERECHO AMBIENTAL Y RESPONSABILIDAD EMPRESARIAL,Posgrado,Especialización universitaria,ESPECIALIZACION PROFESIONAL
ESPECIALIZACION EN DERECHO CIVIL,Posgrado,Especialización universitaria,ESPECIALIZACION PROFESIONAL
ESPECIALIZACIÓN EN DERECHO CIVIL Y DE FAMILIA,Posgrado,Especialización universitaria,ESPECIALIZACION PROFESIONAL
??ESPECIALIZACIÓN EN DERECHO COMERCIAL?,Posgrado,Especialización universitaria,ESPECIALIZACION PROFESIONAL
ESPECIALIZACIÓN EN DERECHO COMERCIAL Y DE LA EMPRESA,Posgrado,Especialización universitaria,ESPECIALIZACION PROFESIONAL
ESPECIALIZACION EN DERECHO COMERCIAL Y FINANCIERO,Posgrado,Especialización universitaria,ESPECIALIZACION PROFESIONAL
ESPECIALIZACIÓN EN DERECHO COMERCIAL Y MARÍTIMO,Posgrado,Especialización universitaria,ESPECIALIZACION PROFESIONAL
ESPECIALIZACION EN DERECHO CONSTITTUCIONAL,Posgrado,Especialización universitaria,ESPECIALIZACION PROFESIONAL
ESPECIALIZACION EN DERECHO CONSTITUCIONAL,Posgrado,Especialización universitaria,ESPECIALIZACION PROFESIONAL
ESPECIALIZACION EN DERECHO CONSTITUCIONAL Y ADMINISTRATIVO,Posgrado,Especialización universitaria,ESPECIALIZACION PROFESIONAL
ESPECIALIZACIÓN EN DERECHO CONSTITUCIONAL Y DE LOS DERECHOS HUMANOS,Posgrado,Especialización universitaria,ESPECIALIZACION PROFESIONAL
Especialización en Derecho Constitucional y Derechos Humanos,Posgrado,Especialización universitaria,ESPECIALIZACION PROFESIONAL
ESPECIALIZACIÓN EN DERECHO CONSTITUCIONAL Y LOS DERECHOS HUMANOS,Posgrado,Especialización universitaria,ESPECIALIZACION PROFESIONAL
ESPECIALIZACIÓN EN DERECHO CONSTITUCIONAL Y SISTEMA INTERAMERICANO DE DERECHOS HUMANOS,Posgrado,Especialización universitaria,ESPECIALIZACION PROFESIONAL
ESPECIALIZACION EN DERECHO CONTENCIOSO ADMINISTRATIVO,Posgrado,Especialización universitaria,ESPECIALIZACION PROFESIONAL
ESPECIALIZACION EN DERECHO CONTRACTUAL,Posgrado,Especialización universitaria,ESPECIALIZACION PROFESIONAL
ESPECIALIZACION EN DERECHO CONTRACTUAL Y RELACIONES JURIDICO NEGOCIALES,Posgrado,Especialización universitaria,ESPECIALIZACION PROFESIONAL
ESPECIALIZACIÓN EN DERECHO DE DAÑOS,Posgrado,Especialización universitaria,ESPECIALIZACION PROFESIONAL
ESPECIALIZACION EN DERECHO DE DAÑOS Y RESPONSABILIDAD PUBLICA Y PRIVADA,Posgrado,Especialización universitaria,ESPECIALIZACION PROFESIONAL
ESPECIALIZACION EN DERECHO DE FAMILIA,Posgrado,Especialización universitaria,ESPECIALIZACION PROFESIONAL
"ESPECIALIZACION EN DERECHO DE FAMILIA, INFANCIA Y ADOLESCENCIA",Posgrado,Especialización universitaria,ESPECIALIZACION PROFESIONAL
Especialización en Derecho de Género,Posgrado,Especialización universitaria,ESPECIALIZACION PROFESIONAL
ESPECIALIZACIÓN EN DERECHO DE HIDROCARBUROS,Posgrado,Especialización universitaria,ESPECIALIZACION PROFESIONAL
ESPECIALIZACIÓN EN DERECHO DE LA COMPETENCIA,Posgrado,Especialización universitaria,ESPECIALIZACION PROFESIONAL
ESPECIALIZACIÓN EN DERECHO DE LA COMPETENCIA Y PROTECCIÓN DEL CONSUMIDOR,Posgrado,Especialización universitaria,ESPECIALIZACION PROFESIONAL
ESPECIALIZACIÓN EN DERECHO DE LA EMPRESA,Posgrado,Especialización universitaria,ESPECIALIZACION PROFESIONAL
Especialización en Derecho de la Empresa y del Tributo,Posgrado,Especialización universitaria,ESPECIALIZACION PROFESIONAL
ESPECIALIZACIÓN EN DERECHO DE LA INFRAESTRUCTURA,Posgrado,Especialización universitaria,ESPECIALIZACION PROFESIONAL
ESPECIALIZACIÓN EN DERECHO DE LA PROPIEDAD INTELECTUAL,Posgrado,Especialización universitaria,ESPECIALIZACION PROFESIONAL
ESPECIALIZACIÓN EN DERECHO DE LA RESPONSABILIDAD,Posgrado,Especialización universitaria,ESPECIALIZACION PROFESIONAL
ESPECIALIZACION EN DERECHO DE LA SEGURIDAD SOCIAL,Posgrado,Especialización universitaria,ESPECIALIZACION PROFESIONAL
Especialización en Derecho de las Familias,Posgrado,Especialización universitaria,ESPECIALIZACION PROFESIONAL
ESPECIALIZACIÓN EN DERECHO DE LAS FINTECH,Posgrado,Especialización universitaria,ESPECIALIZACION PROFESIONAL
"ESPECIALIZACIÓN EN DERECHO DE LAS INDUSTRIAS EXTRACTIVAS, PARTICIPACIÓN Y TERRITORIO",Posgrado,Especialización universitaria,ESPECIALIZACION PROFESIONAL
Especialización en Derecho de las Nuevas Tecnologías,Posgrado,Especialización universitaria,ESPECIALIZACION PROFESIONAL
Especialización en Derecho de los Contratos y  Prevención de Riesgos Contractuales,Posgrado,Especialización universitaria,ESPECIALIZACION PROFESIONAL
ESPECIALIZACION EN DERECHO DE LOS NEGOCIOS,Posgrado,Especialización universitaria,ESPECIALIZACION PROFESIONAL
ESPECIALIZACION EN DERECHO DE LOS NEGOCIOS INTERNACIONALES,Posgrado,Especialización universitaria,ESPECIALIZACION PROFESIONAL
ESPECIALIZACION EN DERECHO DE POLICIA,Posgrado,Especialización universitaria,ESPECIALIZACION PROFESIONAL
ESPECIALIZACION EN DERECHO DE SEGUROS,Posgrado,Especialización universitaria,ESPECIALIZACION PROFESIONAL
ESPECIALIZACION EN DERECHO DE SOCIEDADES,Posgrado,Especialización universitaria,ESPECIALIZACION PROFESIONAL
ESPECIALIZACIÓN EN DERECHO DE TIERRAS,Posgrado,Especialización universitaria,ESPECIALIZACION PROFESIONAL
ESPECIALIZACIÓN EN DERECHO DEL MAR,Posgrado,Especialización universitaria,ESPECIALIZACION PROFESIONAL
ESPECIALIZACION EN DERECHO DEL MEDIO AMBIENTE,Posgrado,Especialización universitaria,ESPECIALIZACION PROFESIONAL
ESPECIALIZACIÓN EN DERECHO DEL MEDIO AMBIENTE Y MINERO-ENERGÉTICO,Posgrado,Especialización universitaria,ESPECIALIZACION PROFESIONAL
ESPECIALIZACION EN DERECHO DEL PROCESO,Posgrado,Especialización universitaria,ESPECIALIZACION PROFESIONAL
ESPECIALIZACIÓN EN DERECHO DEL TRABAJO,Posgrado,Especialización universitaria,ESPECIALIZACION PROFESIONAL
"ESPECIALIZACIÓN EN DERECHO DEL TRABAJO, PENSIONES Y RIESGOS LABORALES",Posgrado,Especialización universitaria,ESPECIALIZACION PROFESIONAL
ESPECIALIZACION EN DERECHO DEL TRABAJO Y DE LA SEGURIDAD SOCIAL,Posgrado,Especialización universitaria,ESPECIALIZACION PROFESIONAL
ESPECIALIZACIÓN EN DERECHO DEL TRABAJO Y GESTIÓN HUMANA,Posgrado,Especialización universitaria,ESPECIALIZACION PROFESIONAL
Especialización en Derecho del Trabajo y Relaciones Laborales,Posgrado,Especialización universitaria,ESPECIALIZACION PROFESIONAL
ESPECIALIZACION EN DERECHO DEL TRABAJO Y SEGURIDAD SOCIAL,Posgrado,Especialización universitaria,ESPECIALIZACION PROFESIONAL
ESPECIALIZACIÓN EN DERECHO DEL TRANSPORTE,Posgrado,Especialización universitaria,ESPECIALIZACION PROFESIONAL
ESPECIALIZACIÓN EN DERECHO DEPORTIVO,Posgrado,Especialización universitaria,ESPECIALIZACION PROFESIONAL
Especialización en Derecho Digital,Posgrado,Especialización universitaria,ESPECIALIZACION PROFESIONAL
ESPECIALIZACION EN DERECHO DISCIPLINARIO,Posgrado,Especialización universitaria,ESPECIALIZACION PROFESIONAL
"ESPECIALIZACIÓN EN DERECHO ECONÓMICO, DE LA LIBRE COMPETENCIA Y EL CONSUMO",Posgrado,Especialización universitaria,ESPECIALIZACION PROFESIONAL
ESPECIALIZACIÓN EN DERECHO ECONÓMICO INTERNACIONAL,Posgrado,Especialización universitaria,ESPECIALIZACION PROFESIONAL
ESPECIALIZACION EN DERECHO EMPRESARIAL,Posgrado,Especialización universitaria,ESPECIALIZACION PROFESIONAL
ESPECIALIZACION EN DERECHO EMPRESARIAL Y DE LOS NEGOCIOS,Posgrado,Especialización universitaria,ESPECIALIZACION PROFESIONAL
ESPECIALIZACION EN DERECHO FINANCIERO,Posgrado,Especialización universitaria,ESPECIALIZACION PROFESIONAL
ESPECIALIZACION EN DERECHO FINANCIERO Y BURSATIL,Posgrado,Especialización universitaria,ESPECIALIZACION PROFESIONAL
ESPECIALIZACION EN DERECHO FINANCIERO Y DE MERCADO DE VALORES,Posgrado,Especialización universitaria,ESPECIALIZACION PROFESIONAL
ESPECIALIZACION EN DERECHO INFORMATICO,Posgrado,Especialización universitaria,ESPECIALIZACION PROFESIONAL
ESPECIALIZACIÓN EN DERECHO INFORMÁTICO CON ÉNFASIS EN EL PROCESO Y LOS MEDIOS DE PRUEBA,Posgrado,Especialización universitaria,ESPECIALIZACION PROFESIONAL
ESPECIALIZACIÓN EN DERECHO INFORMÁTICO Y DE LAS NUEVAS TECNOLOGÍAS,Posgrado,Especialización universitaria,ESPECIALIZACION PROFESIONAL
ESPECIALIZACIÓN EN DERECHO INFORMÁTICO Y DE LAS TECNOLOGÍAS,Posgrado,Especialización universitaria,ESPECIALIZACION PROFESIONAL
"ESPECIALIZACION EN DERECHO INMOBILIARIO, NOTARIAL Y URBANISTICO",Posgrado,Especialización universitaria,ESPECIALIZACION PROFESIONAL
ESPECIALIZACIÓN EN DERECHO INMOBILIARIO Y  GESTIÓN URBANA,Posgrado,Especialización universitaria,ESPECIALIZACION PROFESIONAL
ESPECIALIZACIÓN EN DERECHO INTERNACIONAL,Posgrado,Especialización universitaria,ESPECIALIZACION PROFESIONAL
ESPECIALIZACIÓN EN DERECHO INTERNACIONAL DE LOS DERECHOS HUMANOS Y CULTURA DE PAZ,Posgrado,Especialización universitaria,ESPECIALIZACION PROFESIONAL
ESPECIALIZACIÓN EN DERECHO INTERNACIONAL DE LOS DERECHOS HUMANOS Y DERECHO INTERNACIONAL HUMANITARIO,Posgrado,Especialización universitaria,ESPECIALIZACION PROFESIONAL
ESPECIALIZACIÓN EN DERECHO INTERNACIONAL HUMANITARIO,Posgrado,Especialización universitaria,ESPECIALIZACION PROFESIONAL
ESPECIALIZACIÓN EN DERECHO INTERNACIONAL PÚBLICO,Posgrado,Especialización universitaria,ESPECIALIZACION PROFESIONAL
ESPECIALIZACION EN DERECHO LABORAL,Posgrado,Especialización universitaria,ESPECIALIZACION PROFESIONAL
ESPECIALIZACION EN DERECHO LABORAL Y DE LA SEGURIDAD SOCIAL,Posgrado,Especialización universitaria,ESPECIALIZACION PROFESIONAL
ESPECIALIZACION EN DERECHO LABORAL Y RELACIONES INDUSTRIALES,Posgrado,Especialización universitaria,ESPECIALIZACION PROFESIONAL
ESPECIALIZACION EN DERECHO LABORAL Y SEGURIDAD SOCIAL,Posgrado,Especialización universitaria,ESPECIALIZACION PROFESIONAL
ESPECIALIZACION EN DERECHO MARITIMO,Posgrado,Especialización universitaria,ESPECIALIZACION PROFESIONAL
Especialización en Derecho Marítimo y Aduanero,Posgrado,Especialización universitaria,ESPECIALIZACION PROFESIONAL
ESPECIALIZACION EN DERECHO MARITIMO Y PORTUARIO,Posgrado,Especialización universitaria,ESPECIALIZACION PROFESIONAL
ESPECIALIZACIÓN EN DERECHO MATRIMONIAL CANÓNICO,Posgrado,Especialización universitaria,ESPECIALIZACION PROFESIONAL
ESPECIALIZACION EN DERECHO MEDICO,Posgrado,Especialización universitaria,ESPECIALIZACION PROFESIONAL
ESPECIALIZACIÓN EN DERECHO MÉDICO SANITARIO,Posgrado,Especialización universitaria,ESPECIALIZACION PROFESIONAL
ESPECIALIZACION EN DERECHO MINERO ENERGETICO,Posgrado,Especialización universitaria,ESPECIALIZACION PROFESIONAL
ESPECIALIZACION EN DERECHO MINERO ENERGETICO E HIDROCARBUROS,Posgrado,Especialización universitaria,ESPECIALIZACION PROFESIONAL
ESPECIALIZACIÓN EN DERECHO MINERO ENERGETICO Y DESARROLLO SOSTENIBLE,Posgrado,Especialización universitaria,ESPECIALIZACION PROFESIONAL
ESPECIALIZACION EN DERECHO MINERO Y AMBIENTAL,Posgrado,Especialización universitaria,ESPECIALIZACION PROFESIONAL
ESPECIALIZACION EN DERECHO NOTARIAL Y DE REGISTRO,Posgrado,Especialización universitaria,ESPECIALIZACION PROFESIONAL
ESPECIALIZACION EN DERECHO NOTARIAL Y REGISTRAL,Posgrado,Especialización universitaria,ESPECIALIZACION PROFESIONAL
ESPECIALIZACION EN DERECHO PENAL,Posgrado,Especialización universitaria,ESPECIALIZACION PROFESIONAL
ESPECIALIZACION EN DERECHO PENAL Y CIENCIAS FORENSES,Posgrado,Especialización universitaria,ESPECIALIZACION PROFESIONAL
ESPECIALIZACIÓN EN DERECHO PENAL Y CRIMINALÍSTICA,Posgrado,Especialización universitaria,ESPECIALIZACION PROFESIONAL
ESPECIALIZACION EN DERECHO PENAL Y CRIMINOLOGIA,Posgrado,Especialización universitaria,ESPECIALIZACION PROFESIONAL
ESPECIALIZACION  EN DERECHO PENAL Y PROCESAL PENAL,Posgrado,Especialización universitaria,ESPECIALIZACION PROFESIONAL
ESPECIALIZACIÓN EN DERECHO PENAL Y SISTEMA PENAL ACUSATORIO,Posgrado,Especialización universitaria,ESPECIALIZACION PROFESIONAL
ESPECIALIZACION EN DERECHO PRIVADO,Posgrado,Especialización universitaria,ESPECIALIZACION PROFESIONAL
ESPECIALIZACION EN DERECHO PRIVADO ECONÓMICO,Posgrado,Especialización universitaria,ESPECIALIZACION PROFESIONAL
ESPECIALIZACION EN DERECHO PROBATORIO,Posgrado,Especialización universitaria,ESPECIALIZACION PROFESIONAL
"ESPECIALIZACIÓN EN DERECHO PROBATORIO, PROCESAL Y ORALIDAD JUDICIAL",Posgrado,Especialización universitaria,ESPECIALIZACION PROFESIONAL
ESPECIALIZACION EN DERECHO PROCESAL,Posgrado,Especialización universitaria,ESPECIALIZACION PROFESIONAL
Especialización en Derecho Procesal Agrario,Posgrado,Especialización universitaria,ESPECIALIZACION PROFESIONAL
ESPECIALIZACION EN DERECHO PROCESAL CIVIL,Posgrado,Especialización universitaria,ESPECIALIZACION PROFESIONAL
ESPECIALIZACION EN DERECHO PROCESAL CONSTITUCIONAL,Posgrado,Especialización universitaria,ESPECIALIZACION PROFESIONAL
ESPECIALIZACIÓN EN DERECHO PROCESAL CONSTITUCIONAL Y CONTENCIOSO ADMINISTRATIVO,Posgrado,Especialización universitaria,ESPECIALIZACION PROFESIONAL
ESPECIALIZACIÓN EN DERECHO PROCESAL CONTEMPORÁNEO,Posgrado,Especialización universitaria,ESPECIALIZACION PROFESIONAL
ESPECIALIZACION EN DERECHO PROCESAL PENAL,Posgrado,Especialización universitaria,ESPECIALIZACION PROFESIONAL
ESPECIALIZACION EN DERECHO PROCESAL PENAL CON ENFASIS EN TECNICAS DE LA ORALIDAD,Posgrado,Especialización universitaria,ESPECIALIZACION PROFESIONAL
"Especialización en derecho procesal penal, investigación y juzgamiento de ciberdelitos",Posgrado,Especialización universitaria,ESPECIALIZACION PROFESIONAL
ESPECIALIZACION EN DERECHO PROCESAL PENAL Y CRIMINAL¿STICA,Posgrado,Especialización universitaria,ESPECIALIZACION PROFESIONAL
ESPECIALIZACIÓN EN DERECHO PROCESAL PENAL Y TÉCNICAS DE LITIGACIÓN,Posgrado,Especialización universitaria,ESPECIALIZACION PROFESIONAL
"ESPECIALIZACION EN DERECHO PROCESAL, PROBATORIO Y ORALIDAD",Posgrado,Especialización universitaria,ESPECIALIZACION PROFESIONAL
"Especialización en Derecho Procesal, Probatorio y Tecnologías Digitales",Posgrado,Especialización universitaria,ESPECIALIZACION PROFESIONAL
Especialización en Derecho Procesal y Litigio Estratégico,Posgrado,Especialización universitaria,ESPECIALIZACION PROFESIONAL
ESPECIALIZACION EN DERECHO PROCESAL Y PROBATORIO,Posgrado,Especialización universitaria,ESPECIALIZACION PROFESIONAL
ESPECIALIZACION EN DERECHO PUBLICO,Posgrado,Especialización universitaria,ESPECIALIZACION PROFESIONAL
ESPECIALIZACION EN DERECHO PUBLICO FINANCIERO,Posgrado,Especialización universitaria,ESPECIALIZACION PROFESIONAL
ESPECIALIZACIÓN EN DERECHO PÚBLICO PARA LA GESTIÓN ADMINISTRATIVA,Posgrado,Especialización universitaria,ESPECIALIZACION PROFESIONAL
ESPECIALIZACIÓN EN DERECHO SANCIONATORIO,Posgrado,Especialización universitaria,ESPECIALIZACION PROFESIONAL
ESPECIALIZACIÓN EN DERECHO SOCIETARIO,Posgrado,Especialización universitaria,ESPECIALIZACION PROFESIONAL
ESPECIALIZACION EN DERECHO SUSTANTIVO Y CONTENCIOSO CONSTITUCIONAL,Posgrado,Especialización universitaria,ESPECIALIZACION PROFESIONAL
ESPECIALIZACION EN DERECHO TRIBUTARIO,Posgrado,Especialización universitaria,ESPECIALIZACION PROFESIONAL
ESPECIALIZACIÓN EN DERECHO TRIBUTARIO CORPORATIVO,Posgrado,Especialización universitaria,ESPECIALIZACION PROFESIONAL
ESPECIALIZACION EN DERECHO TRIBUTARIO INTERNACIONAL,Posgrado,Especialización universitaria,ESPECIALIZACION PROFESIONAL
ESPECIALIZACION EN DERECHO TRIBUTARIO Y ADUANERO,Posgrado,Especialización universitaria,ESPECIALIZACION PROFESIONAL
ESPECIALIZACION EN DERECHO URBANISTICO,Posgrado,Especialización universitaria,ESPECIALIZACION PROFESIONAL
ESPECIALIZACIÓN EN DERECHO URBANÍSTICO E INMOBILIARIO,Posgrado,Especialización universitaria,ESPECIALIZACION PROFESIONAL
ESPECIALIZACIÓN EN DERECHO URBANO,Posgrado,Especialización universitaria,ESPECIALIZACION PROFESIONAL
"ESPECIALIZACION EN DERECHO URBANO, GESTION Y PLANEAMIENTOS INMOBILIARIOS",Posgrado,Especialización universitaria,ESPECIALIZACION PROFESIONAL
ESPECIALIZACIÓN EN DERECHO Y EMPRESA,Posgrado,Especialización universitaria,ESPECIALIZACION PROFESIONAL
Especialización en Derecho y Nuevas Tecnologías,Posgrado,Especialización universitaria,ESPECIALIZACION PROFESIONAL
ESPECIALIZACION EN DERECHO Y NUEVAS TECNOLOGIAS SOBRE LA VIDA,Posgrado,Especialización universitaria,ESPECIALIZACION PROFESIONAL
ESPECIALIZACIÓN EN DERECHO Y POLÍTICA PARA COMUNICADORES,Posgrado,Especialización universitaria,ESPECIALIZACION PROFESIONAL
"ESPECIALIZACIÓN EN DERECHOS DE AUTOR, PROPIEDAD INDUSTRIAL Y NUEVAS TECNOLOGÍAS",Posgrado,Especialización universitaria,ESPECIALIZACION PROFESIONAL
ESPECIALIZACIÓN EN DERECHOS DE LOS NIÑOS,Posgrado,Especialización universitaria,ESPECIALIZACION PROFESIONAL
ESPECIALIZACION EN DERECHOS HUMANOS,Posgrado,Especialización universitaria,ESPECIALIZACION PROFESIONAL
"Especialización en Derechos Humanos, Derecho Internacional Humanitario y Construcción de Paz",Posgrado,Especialización universitaria,ESPECIALIZACION PROFESIONAL
"ESPECIALIZACIÓN EN DERECHOS HUMANOS, DERECHO INTERNACIONAL HUMANITARIO Y JUSTICIA TRANSICIONAL",Posgrado,Especialización universitaria,ESPECIALIZACION PROFESIONAL
"ESPECIALIZACION EN DERECHOS HUMANOS, DERECHO INTERNACIONAL HUMANITARIO Y RESOLUCIÓN DE CONFLICTOS",Posgrado,Especialización universitaria,ESPECIALIZACION PROFESIONAL
ESPECIALIZACION EN DERECHOS HUMANOS Y COMPETENCIAS CIUDADANAS,Posgrado,Especialización universitaria,ESPECIALIZACION PROFESIONAL
ESPECIALIZACION EN DERECHOS HUMANOS Y DERECHO INTERNACIONAL HUMANITARIO,Posgrado,Especialización universitaria,ESPECIALIZACION PROFESIONAL
Especialización en Derechos Humanos y Justicia Social,Posgrado,Especialización universitaria,ESPECIALIZACION PROFESIONAL
ESPECIALIZACIÓN EN DERECHOS HUMANOS Y JUSTICIA TRANSICIONAL,Posgrado,Especialización universitaria,ESPECIALIZACION PROFESIONAL
ESPECIALIZACIÓN EN DERECHOS HUMANOS Y LITIGIO INTERNACIONAL,Posgrado,Especialización universitaria,ESPECIALIZACION PROFESIONAL
ESPECIALIZACIÓN EN DERECHOS HUMANOS Y PERSPECTIVAS DE PAZ,Posgrado,Especialización universitaria,ESPECIALIZACION PROFESIONAL
ESPECIALIZACION EN DERECHOS HUMANOS Y SISTEMAS DE PROTECCION,Posgrado,Especialización universitaria,ESPECIALIZACION PROFESIONAL
ESPECIALIZACIÓN EN DERECHOS HUMANOS Y TERRITORIOS,Posgrado,Especialización universitaria,ESPECIALIZACION PROFESIONAL
ESPECIALIZACION EN DERMATOLOGIA,Posgrado,Especialización médico quirúrgica,ESPECIALIZACION PROFESIONAL
ESPECIALIZACIÓN EN DERMATOLOGÍA ONCOLÓGICA,Posgrado,Especialización médico quirúrgica,ESPECIALIZACION PROFESIONAL
ESPECIALIZACIÓN EN DERMATOPATOLOGÍA,Posgrado,Especialización médico quirúrgica,ESPECIALIZACION PROFESIONAL
ESPECIALIZACIÓN EN DESARROLLLO REGIONAL Y LOCAL,Posgrado,Especialización universitaria,ESPECIALIZACION PROFESIONAL
Especialización en desarrollo ágil de software,Posgrado,Especialización universitaria,ESPECIALIZACION PROFESIONAL
ESPECIALIZACION EN DESARROLLO DE BASES DE DATOS,Posgrado,Especialización universitaria,ESPECIALIZACION PROFESIONAL
ESPECIALIZACIÓN EN DESARROLLO DE NEGOCIOS DIGITALES,Posgrado,Especialización universitaria,ESPECIALIZACION PROFESIONAL
ESPECIALIZACIÓN EN DESARROLLO DE PRODUCTOS,Posgrado,Especialización universitaria,ESPECIALIZACION PROFESIONAL
ESPECIALIZACION EN DESARROLLO DE SOFTWARE,Posgrado,Especialización universitaria,ESPECIALIZACION PROFESIONAL
ESPECIALIZACIÓN  EN DESARROLLO DE SOLUCIONES INFORMÁTICAS,Posgrado,Especialización universitaria,ESPECIALIZACION PROFESIONAL
ESPECIALIZACION EN DESARROLLO ECONOMICO REGIONAL,Posgrado,Especialización universitaria,ESPECIALIZACION PROFESIONAL
ESPECIALIZACION EN DESARROLLO FAMILIAR,Posgrado,Especialización universitaria,ESPECIALIZACION PROFESIONAL
ESPECIALIZACION EN DESARROLLO HUMANO CON ENFASIS EN PROCESOS AFECTIVOS Y CREATIVIDAD,Posgrado,Especialización universitaria,ESPECIALIZACION PROFESIONAL
ESPECIALIZACIÓN EN DESARROLLO HUMANO LOCAL,Posgrado,Especialización universitaria,ESPECIALIZACION PROFESIONAL
ESPECIALIZACION EN DESARROLLO HUMANO Y ORGANIZACIONAL,Posgrado,Especialización universitaria,ESPECIALIZACION PROFESIONAL
ESPECIALIZACIÓN EN DESARROLLO INFANTIL Y EDUACIÓN INICIAL,Posgrado,Especialización universitaria,ESPECIALIZACION PROFESIONAL
Especialización en Desarrollo Integral de la Infancia y Adolescencia,Posgrado,Especialización universitaria,ESPECIALIZACION PROFESIONAL
ESPECIALIZACIÓN EN DESARROLLO INTEGRAL DE LA INFANCIA Y LA ADOLESCENCIA,Posgrado,Especialización universitaria,ESPECIALIZACION PROFESIONAL
Especialización en Desarrollo Organizacional,Posgrado,Especialización universitaria,ESPECIALIZACION PROFESIONAL
Especialización en Desarrollo Organizacional y Gestión  del Talento Humano,Posgrado,Especialización universitaria,ESPECIALIZACION PROFESIONAL
ESPECIALIZACION EN DESARROLLO ORGANIZACIONAL Y PROCESOS HUMANOS,Posgrado,Especialización universitaria,ESPECIALIZACION PROFESIONAL
ESPECIALIZACION EN DESARROLLO RURAL,Posgrado,Especialización universitaria,ESPECIALIZACION PROFESIONAL
ESPECIALIZACION EN DESARROLLO SOCIAL,Posgrado,Especialización universitaria,ESPECIALIZACION PROFESIONAL
Especialización en Desarrollo Territorial,Posgrado,Especialización universitaria,ESPECIALIZACION PROFESIONAL
ESPECIALIZACIÓN EN DESARROLLO TERRITORIAL Y GESTIÓN PÚBLICA,Posgrado,Especialización universitaria,ESPECIALIZACION PROFESIONAL
ESPECIALIZACION EN DESARROLLO Y GERENCIA INTEGRAL DE PROYECTOS,Posgrado,Especialización universitaria,ESPECIALIZACION PROFESIONAL
ESPECIALIZACIÓN EN DIAGNÓSTICO POR IMAGEN DE PEQUEÑAS ESPECIES,Posgrado,Especialización universitaria,ESPECIALIZACION PROFESIONAL
Especialización en Diagnóstico Veterinario,Posgrado,Especialización universitaria,ESPECIALIZACION PROFESIONAL
ESPECIALIZACION EN DIALOGO INTERRELIGIOSO E INTERCULTURAL,Posgrado,Especialización universitaria,ESPECIALIZACION PROFESIONAL
ESPECIALIZACIÓN EN DIDÁCTICA DE LA MATEMÁTICA PARA LA EDUCACIÓN BÁSICA,Posgrado,Especialización universitaria,ESPECIALIZACION PROFESIONAL
ESPECIALIZACION EN DIDACTICA DE LAS MATEMATICAS,Posgrado,Especialización universitaria,ESPECIALIZACION PROFESIONAL
ESPECIALIZACIÓN EN DIDÁCTICA DEL INGLÉS,Posgrado,Especialización universitaria,ESPECIALIZACION PROFESIONAL
ESPECIALIZACIÓN EN DIDÁCTICA PARA INTEGRAR EL INGLÉS EN LOS PROCESOS EDUCATIVOS,Posgrado,Especialización universitaria,ESPECIALIZACION PROFESIONAL
ESPECIALIZACION EN DIDACTICA PARA LECTURAS Y ESCRITURAS CON ENFASIS EN LITERATURA,Posgrado,Especialización universitaria,ESPECIALIZACION PROFESIONAL
ESPECIALIZACIÓN EN DIDÁCTICA Y TIC,Posgrado,Especialización universitaria,ESPECIALIZACION PROFESIONAL
ESPECIALIZACION EN DIDACTICAS PARA LECTURAS Y ESCRITURAS CON ENFASIS EN LITERATURA,Posgrado,Especialización universitaria,ESPECIALIZACION PROFESIONAL
Especialización en Dirección Comercial y Ventas,Posgrado,Especialización universitaria,ESPECIALIZACION PROFESIONAL
Especialización en Dirección de Arte de Obras Audiovisuales,Posgrado,Especialización universitaria,ESPECIALIZACION PROFESIONAL
ESPECIALIZACIÓN EN DIRECCIÓN DE CONSTRUCCIÓN DE EDIFICACIONES,Posgrado,Especialización universitaria,ESPECIALIZACION PROFESIONAL
ESPECIALIZACIÓN EN DIRECCIÓN DE EMPRESAS,Posgrado,Especialización universitaria,ESPECIALIZACION PROFESIONAL
ESPECIALIZACIÓN EN DIRECCIÓN DE INDUSTRIAS CREATIVAS,Posgrado,Especialización universitaria,ESPECIALIZACION PROFESIONAL
ESPECIALIZACIÓN EN DIRECCIÓN DE INSTITUCIONES EDUCATIVAS,Posgrado,Especialización universitaria,ESPECIALIZACION PROFESIONAL
Especialización en Dirección de la Producción con Sistemas Integrados de Gestión,Posgrado,Especialización universitaria,ESPECIALIZACION PROFESIONAL
ESPECIALIZACION EN DIRECCION DE MARKETING,Posgrado,Especialización universitaria,ESPECIALIZACION PROFESIONAL
ESPECIALIZACIÓN EN DIRECCIÓN DE OPERACIONES,Posgrado,Especialización universitaria,ESPECIALIZACION PROFESIONAL
ESPECIALIZACIÓN EN DIRECCIÓN DE OPERACIONES Y LOGÍSTICA,Posgrado,Especialización universitaria,ESPECIALIZACION PROFESIONAL
ESPECIALIZACIÓN EN DIRECCIÓN DE OPERACIONES Y MEJORAMIENTO CONTINUO,Posgrado,Especialización universitaria,ESPECIALIZACION PROFESIONAL
ESPECIALIZACIÓN EN DIRECCIÓN DE ORGANIZACIONES,Posgrado,Especialización universitaria,ESPECIALIZACION PROFESIONAL
ESPECIALIZACION EN DIRECCION DE ORGANIZACIONES PRESTADORAS DE SERVICIOS DE SALUD,Posgrado,Especialización universitaria,ESPECIALIZACION PROFESIONAL
ESPECIALIZACION EN DIRECCION DE PRODUCCION Y OPERACIONES,Posgrado,Especialización universitaria,ESPECIALIZACION PROFESIONAL
ESPECIALIZACIÓN EN DIRECCIÓN DE SISTEMAS DE GESTIÓN,Posgrado,Especialización universitaria,ESPECIALIZACION PROFESIONAL
ESPECIALIZACION EN DIRECCION EN EMPRESAS,Posgrado,Especialización universitaria,ESPECIALIZACION PROFESIONAL
ESPECIALIZACIÓN EN DIRECCIÓN ESTRATEGICA DE MERCADEO Y ESTRATEGIAS DIGITALES COMERCIALES,Posgrado,Especialización universitaria,ESPECIALIZACION PROFESIONAL
ESPECIALIZACIÓN EN  DIRECCIÓN ESTRATÉGICA EMPRESARIAL,Posgrado,Especialización universitaria,ESPECIALIZACION PROFESIONAL
ESPECIALIZACION EN DIRECCION FINANCIERA,Posgrado,Especialización universitaria,ESPECIALIZACION PROFESIONAL
ESPECIALIZACIÓN EN DIRECCIÓN PARA EL DESARROLLO DE LA GESTIÓN PÚBLICA,Posgrado,Especialización universitaria,ESPECIALIZACION PROFESIONAL
Especialización en Dirección y Desarrollo del Talento Humano,Posgrado,Especialización universitaria,ESPECIALIZACION PROFESIONAL
ESPECIALIZACIÓN EN DIRECCION Y GESTION DE LA CALIDAD,Posgrado,Especialización universitaria,ESPECIALIZACION PROFESIONAL
ESPECIALIZACIÓN EN DIRECCIÓN Y GESTIÓN DE PROYECTOS,Posgrado,Especialización universitaria,ESPECIALIZACION PROFESIONAL
Especialización en Dirección y Gestión de Tecnologías de la Información,Posgrado,Especialización universitaria,ESPECIALIZACION PROFESIONAL
ESPECIALIZACION EN DIRECCION Y GESTION DEPORTIVA,Posgrado,Especialización universitaria,ESPECIALIZACION PROFESIONAL
ESPECIALIZACIÓN EN DIRECCIÓN Y GESTIÓN EDUCATIVA,Posgrado,Especialización universitaria,ESPECIALIZACION PROFESIONAL
ESPECIALIZACIÓN EN DIRECCIÓN Y LIDERAZGO EN ORGANIZACIONES EDUCATIVAS,Posgrado,Especialización universitaria,ESPECIALIZACION PROFESIONAL
Especialización en Dirección y Producción de Contenidos Audiovisuales,Posgrado,Especialización universitaria,ESPECIALIZACION PROFESIONAL
ESPECIALIZACIÓN EN DISCAPACIDAD,Posgrado,Especialización universitaria,ESPECIALIZACION PROFESIONAL
Especialización en Discapacidad e inclusión,Posgrado,Especialización universitaria,ESPECIALIZACION PROFESIONAL
"ESPECIALIZACION EN DISCAPACIDAD, EDUCACION FISICA, RECREACION Y DEPORTE:ADAPTADOS",Posgrado,Especialización universitaria,ESPECIALIZACION PROFESIONAL
ESPECIALIZACIÓN EN DISEÑO AVANZADO POR COMPUTADOR,Posgrado,Especialización universitaria,ESPECIALIZACION PROFESIONAL
"ESPECIALIZACION EN DISEÑO, CONSTRUCCION, Y CONSERVACION DE VIAS",Posgrado,Especialización universitaria,ESPECIALIZACION PROFESIONAL
ESPECIALIZACION EN DISEÑO DE AMBIENTES,Posgrado,Especialización universitaria,ESPECIALIZACION PROFESIONAL
ESPECIALIZACIÓN EN DISEÑO DE CONTENIDOS DIGITALES,Posgrado,Especialización universitaria,ESPECIALIZACION PROFESIONAL
ESPECIALIZACIÓN EN DISEÑO DE EMPAQUES,Posgrado,Especialización universitaria,ESPECIALIZACION PROFESIONAL
Especialización en Diseño de Experiencia e interfaz de Usuario,Posgrado,Especialización universitaria,ESPECIALIZACION PROFESIONAL
ESPECIALIZACIÓN EN DISEÑO DE EXPERIENCIAS DIGITALES,Posgrado,Especialización universitaria,ESPECIALIZACION PROFESIONAL
Especialización en Diseño de Experiencias Expositivas,Posgrado,Especialización universitaria,ESPECIALIZACION PROFESIONAL
ESPECIALIZACIÓN EN DISEÑO DE EXPERIENCIAS LÚDICAS,Posgrado,Especialización universitaria,ESPECIALIZACION PROFESIONAL
ESPECIALIZACIÓN EN DISEÑO DE INTERIORES,Posgrado,Especialización universitaria,ESPECIALIZACION PROFESIONAL
ESPECIALIZACIÓN EN DISEÑO DE MAQUINARIA Y EQUIPO,Posgrado,Especialización universitaria,ESPECIALIZACION PROFESIONAL
ESPECIALIZACIÓN EN DISEÑO DE PROCESOS QUÍMICOS Y BIOTECNOLÓGICOS,Posgrado,Especialización universitaria,ESPECIALIZACION PROFESIONAL
Especialización en Diseño de Redes de Distribución de Energía Eléctrica,Posgrado,Especialización universitaria,ESPECIALIZACION PROFESIONAL
"ESPECIALIZACION EN DISEÑO DE VIAS URBANAS ,TRANSITO Y TRANSPORTE",Posgrado,Especialización universitaria,ESPECIALIZACION PROFESIONAL
ESPECIALIZACION EN DISEÑO ESTRATEGICO PARA LA INNOVACION,Posgrado,Especialización universitaria,ESPECIALIZACION PROFESIONAL
Especialización en Diseño Gráfico Digital,Posgrado,Especialización universitaria,ESPECIALIZACION PROFESIONAL
ESPECIALIZACIÓN EN DISEÑO INTEGRADO DE SISTEMAS TÉCNICOS,Posgrado,Especialización universitaria,ESPECIALIZACION PROFESIONAL
ESPECIALIZACIÓN EN DISEÑO INTERACTIVO DIGITAL,Posgrado,Especialización universitaria,ESPECIALIZACION PROFESIONAL
Especialización en Diseño Interior,Posgrado,Especialización universitaria,ESPECIALIZACION PROFESIONAL
ESPECIALIZACION EN DISEÑO MECANICO,Posgrado,Especialización universitaria,ESPECIALIZACION PROFESIONAL
ESPECIALIZACION EN DISEÑO PUBLICITARIO,Posgrado,Especialización universitaria,ESPECIALIZACION PROFESIONAL
ESPECIALIZACIÓN EN DISEÑO PUBLICITARIO EN CONTENIDOS DIGITALES,Posgrado,Especialización universitaria,ESPECIALIZACION PROFESIONAL
ESPECIALIZACION EN DISEÑO URBANO,Posgrado,Especialización universitaria,ESPECIALIZACION PROFESIONAL
ESPECIALIZACIÓN EN DISEÑO VIAL E INGENIERÍA DE PAVIMENTOS,Posgrado,Especialización universitaria,ESPECIALIZACION PROFESIONAL
ESPECIALIZACIÓN EN DISEÑO Y CONSTRUCCIÓN DE OBRAS DE INFRAESTRUCTURA Y EDIFICACIONES,Posgrado,Especialización universitaria,ESPECIALIZACION PROFESIONAL
ESPECIALIZACIÓN EN DISEÑO Y CONSTRUCCIÓN DE PAVIMENTOS,Posgrado,Especialización universitaria,ESPECIALIZACION PROFESIONAL
ESPECIALIZACIÓN EN DISEÑO Y CONSTRUCCIÓN DE VÍAS,Posgrado,Especialización universitaria,ESPECIALIZACION PROFESIONAL
ESPECIALIZACION EN DISEÑO Y CONSTRUCCION DE VIAS Y AEROPISTAS,Posgrado,Especialización universitaria,ESPECIALIZACION PROFESIONAL
Especialización en Diseño y Creación con Inteligencia Artificial,Posgrado,Especialización universitaria,ESPECIALIZACION PROFESIONAL
ESPECIALIZACIÓN EN DISEÑO Y CREACIÓN DE PRODUCTOS Y SERVICIOS,Posgrado,Especialización universitaria,ESPECIALIZACION PROFESIONAL
ESPECIALIZACION EN DISEÑO Y DESARROLLO DE PRODUCTO,Posgrado,Especialización universitaria,ESPECIALIZACION PROFESIONAL
ESPECIALIZACIÓN EN DISEÑO Y DESARROLLO DE VIDEOJUEGOS,Posgrado,Especialización universitaria,ESPECIALIZACION PROFESIONAL
ESPECIALIZACION EN DISEÑO Y EVALUACION DE PROYECTOS,Posgrado,Especialización universitaria,ESPECIALIZACION PROFESIONAL
Especialización en Diseño y Evaluación de Proyectos de Energías Renovables,Posgrado,Especialización universitaria,ESPECIALIZACION PROFESIONAL
ESPECIALIZACIÓN EN DISEÑO Y GESTIÓN DE AMBIENTES EDUCATIVOS DIGITALES,Posgrado,Especialización universitaria,ESPECIALIZACION PROFESIONAL
Especialización en Diseño y Gestión de Ciudades Inclusivas,Posgrado,Especialización universitaria,ESPECIALIZACION PROFESIONAL
Especialización en Diseño y Gestión de Soluciones de Software,Posgrado,Especialización universitaria,ESPECIALIZACION PROFESIONAL
ESPECIALIZACIÓN EN DISEÑO Y GESTIÓN SOCIAL DE TECNOLOGÍA,Posgrado,Especialización universitaria,ESPECIALIZACION PROFESIONAL
ESPECIALIZACIÓN EN DISEÑO Y VALIDACION DE INSTRUMENTOS DE MEDICION,Posgrado,Especialización universitaria,ESPECIALIZACION PROFESIONAL
ESPECIALIZACIÓN EN DOCENCIA,Posgrado,Especialización universitaria,ESPECIALIZACION PROFESIONAL
ESPECIALIZACION EN DOCENCIA DE LA EDUCACION SUPERIOR,Posgrado,Especialización universitaria,ESPECIALIZACION PROFESIONAL
ESPECIALIZACION EN DOCENCIA DE LAS CIENCIAS PARA EL NIVEL BASICO,Posgrado,Especialización universitaria,ESPECIALIZACION PROFESIONAL
ESPECIALIZACIÓN EN DOCENCIA E INVESTIGACIÓN UNIVERSITARIA,Posgrado,Especialización universitaria,ESPECIALIZACION PROFESIONAL
ESPECIALIZACIÓN EN DOCENCIA MEDIADA POR LAS TIC,Posgrado,Especialización universitaria,ESPECIALIZACION PROFESIONAL
ESPECIALIZACION EN DOCENCIA PARA LA EDUCACION SUPERIOR,Posgrado,Especialización universitaria,ESPECIALIZACION PROFESIONAL
ESPECIALIZACION EN DOCENCIA UNIVERSITARIA,Posgrado,Especialización universitaria,ESPECIALIZACION PROFESIONAL
ESPECIALIZACIÓN EN DOCENCIA Y EVALUACIÓN,Posgrado,Especialización universitaria,ESPECIALIZACION PROFESIONAL
ESPECIALIZACIÓN EN DOCENCIA Y GESTIÓN DE LA EDUCACIÓN SUPERIOR,Posgrado,Especialización universitaria,ESPECIALIZACION PROFESIONAL
ESPECIALIZACIÓN EN DRAMATURGIA DEL ACTOR,Posgrado,Especialización universitaria,ESPECIALIZACION PROFESIONAL
ESPECIALIZACIÓN EN E-COMMERCE Y MARKETING DIGITAL,Posgrado,Especialización universitaria,ESPECIALIZACION PROFESIONAL
ESPECIALIZACION EN ECOCARDIOGRAFIA,Posgrado,Especialización médico quirúrgica,ESPECIALIZACION PROFESIONAL
ESPECIALIZACIÓN EN ECOLOGÍA POLÍTICA,Posgrado,Especialización universitaria,ESPECIALIZACION PROFESIONAL
ESPECIALIZACIÓN EN ECONOMETRÍA,Posgrado,Especialización universitaria,ESPECIALIZACION PROFESIONAL
ESPECIALIZACION EN ECONOMIA,Posgrado,Especialización universitaria,ESPECIALIZACION PROFESIONAL
ESPECIALIZACION EN ECONOMIA AMBIENTAL Y DESARROLLO SOSTENIBLE,Posgrado,Especialización universitaria,ESPECIALIZACION PROFESIONAL
ESPECIALIZACIÓN EN ECONOMÍA CIRCULAR,Posgrado,Especialización universitaria,ESPECIALIZACION PROFESIONAL
ESPECIALIZACIÓN EN ECONOMÍA CIRCULAR Y GESTIÓN EFICIENTE DE RECURSOS,Posgrado,Especialización universitaria,ESPECIALIZACION PROFESIONAL
ESPECIALIZACIÓN EN ECONOMÍA DE LA CULTURA,Posgrado,Especialización universitaria,ESPECIALIZACION PROFESIONAL
ESPECIALIZACIÓN EN ECONOMÍA DE LA INNOVACIÓN Y EL CAMBIO TÉCNICO,Posgrado,Especialización universitaria,ESPECIALIZACION PROFESIONAL
ESPECIALIZACION EN ECONOMIA DEL SECTOR PUBLICO,Posgrado,Especialización universitaria,ESPECIALIZACION PROFESIONAL
ESPECIALIZACIÓN EN ECONOMÍA MINERA,Posgrado,Especialización universitaria,ESPECIALIZACION PROFESIONAL
ESPECIALIZACION EN ECONOMIA PARA INGENIEROS,Posgrado,Especialización universitaria,ESPECIALIZACION PROFESIONAL
Especialización en Economía para las Organizaciones,Posgrado,Especialización universitaria,ESPECIALIZACION PROFESIONAL
ESPECIALIZACIÓN EN ECONOMÍA PARA NO ECONOMISTAS,Posgrado,Especialización universitaria,ESPECIALIZACION PROFESIONAL
ESPECIALIZACIÓN EN ECONOMÍA PÚBLICA Y GESTIÓN TERRITORIAL,Posgrado,Especialización universitaria,ESPECIALIZACION PROFESIONAL
ESPECIALIZACIÓN EN ECONOMÍA SOCIAL,Posgrado,Especialización universitaria,ESPECIALIZACION PROFESIONAL
ESPECIALIZACIÓN EN ECONOMÍA SOCIAL Y SOLIDARIA,Posgrado,Especialización universitaria,ESPECIALIZACION PROFESIONAL
ESPECIALIZACIÓN EN ECONOMÍA URBANA Y REGIONAL,Posgrado,Especialización universitaria,ESPECIALIZACION PROFESIONAL
ESPECIALIZACION EN ECONOMIA Y GESTION DE LA SALUD,Posgrado,Especialización universitaria,ESPECIALIZACION PROFESIONAL
ESPECIALIZACIÓN EN ECONOMÍAS ALTERNATIVAS PARA EL FORTALECIMIENTO DEL TEJIDO SOCIOTERRITORIAL,Posgrado,Especialización universitaria,ESPECIALIZACION PROFESIONAL
ESPECIALIZACIÓN EN EDICIÓN DE PUBLICACIONES,Posgrado,Especialización universitaria,ESPECIALIZACION PROFESIONAL
ESPECIALIZACIÓN EN EDIFICACIÓN SOSTENIBLE,Posgrado,Especialización universitaria,ESPECIALIZACION PROFESIONAL
ESPECIALIZACION EN EDUCACIÓN,Posgrado,Especialización universitaria,ESPECIALIZACION PROFESIONAL
ESPECIALIZACION EN EDUCACION AMBIENTAL,Posgrado,Especialización universitaria,ESPECIALIZACION PROFESIONAL
ESPECIALIZACION EN EDUCACION AMBIENTAL Y DESARROLLO DE LA COMUNIDAD,Posgrado,Especialización universitaria,ESPECIALIZACION PROFESIONAL
Especialización en Educación Ambiental y Desarrollo Sostenible,Posgrado,Especialización universitaria,ESPECIALIZACION PROFESIONAL
ESPECIALIZACION EN EDUCACION ARTISTICA,Posgrado,Especialización universitaria,ESPECIALIZACION PROFESIONAL
ESPECIALIZACION EN EDUCACION BILINGUE,Posgrado,Especialización universitaria,ESPECIALIZACION PROFESIONAL
ESPECIALIZACION EN EDUCACION COMUNITARIA,Posgrado,Especialización universitaria,ESPECIALIZACION PROFESIONAL
"ESPECIALIZACIÓN EN EDUCACIÓN, CULTURA Y POLITICA",Posgrado,Especialización universitaria,ESPECIALIZACION PROFESIONAL
ESPECIALIZACIÓN EN EDUCACIÓN E INTERVENCIÓN PARA LA PRIMERA INFANCIA,Posgrado,Especialización universitaria,ESPECIALIZACION PROFESIONAL
ESPECIALIZACION EN EDUCACION:EDUCACION ESPECIAL E INCLUSION SOCIAL,Posgrado,Especialización universitaria,ESPECIALIZACION PROFESIONAL
"ESPECIALIZACIÓN EN EDUCACIÓN, EMPRENDIMIENTO Y ECONOMÍA SOLIDARIA",Posgrado,Especialización universitaria,ESPECIALIZACION PROFESIONAL
ESPECIALIZACIÓN EN EDUCACIÓN EN CONTEXTOS RURALES,Posgrado,Especialización universitaria,ESPECIALIZACION PROFESIONAL
ESPECIALIZACIÓN EN EDUCACIÓN EN DERECHOS HUMANOS,Posgrado,Especialización universitaria,ESPECIALIZACION PROFESIONAL
ESPECIALIZACION EN EDUCACION EN TECNOLOGIA,Posgrado,Especialización universitaria,ESPECIALIZACION PROFESIONAL
ESPECIALIZACION EN EDUCACION: FORMACION INTEGRAL DE LA INFANCIA,Posgrado,Especialización universitaria,ESPECIALIZACION PROFESIONAL
ESPECIALIZACION EN EDUCACIÓN INCLUSIVA,Posgrado,Especialización universitaria,ESPECIALIZACION PROFESIONAL
ESPECIALIZACIÓN EN EDUCACIÓN LUDICA,Posgrado,Especialización universitaria,ESPECIALIZACION PROFESIONAL
ESPECIALIZACION EN EDUCACION MATEMATICA PARA PROFESORES DE PRIMARIA,Posgrado,Especialización universitaria,ESPECIALIZACION PROFESIONAL
ESPECIALIZACION EN EDUCACION MATEMATICA PARA PROFESORES DE SECUNDARIA Y MEDIA,Posgrado,Especialización universitaria,ESPECIALIZACION PROFESIONAL
ESPECIALIZACIÓN EN EDUCACIÓN MEDIADA POR LAS TECNOLOGÍAS DE LA INFORMACIÓN Y LA COMUNICACIÓN,Posgrado,Especialización universitaria,ESPECIALIZACION PROFESIONAL
Especialización en Educación Mediada por las TIC,Posgrado,Especialización universitaria,ESPECIALIZACION PROFESIONAL
ESPECIALIZACIÓN EN EDUCACIÓN MEDIADA POR TECNOLOGÍAS,Posgrado,Especialización universitaria,ESPECIALIZACION PROFESIONAL
ESPECIALIZACIÓN EN EDUCACIÓN MUSICAL,Posgrado,Especialización universitaria,ESPECIALIZACION PROFESIONAL
ESPECIALIZACIÓN EN EDUCACIÓN PARA LA ATENCIÓN A LA POBLACIÓN AFECTADA POR EL CONFLICTO ARMADO Y EN PROBLEMÁTICA FRONTERIZA,Posgrado,Especialización universitaria,ESPECIALIZACION PROFESIONAL
ESPECIALIZACIÓN EN EDUCACIÓN PARA LA DIVERSIDAD EN LA NIÑEZ,Posgrado,Especialización universitaria,ESPECIALIZACION PROFESIONAL
ESPECIALIZACION EN EDUCACIÓN PARA LA INCLUSIÓN Y LA DIVERSIDAD,Posgrado,Especialización universitaria,ESPECIALIZACION PROFESIONAL
ESPECIALIZACIÓN EN EDUCACIÓN PARA LA PAZ Y FORMACIÓN CIUDADANA,Posgrado,Especialización universitaria,ESPECIALIZACION PROFESIONAL
ESPECIALIZACION EN EDUCACION PARA LA RECREACION COMUNITARIA,Posgrado,Especialización universitaria,ESPECIALIZACION PROFESIONAL
ESPECIALIZACION EN EDUCACION PARA LA SOSTENIBILIDAD AMBIENTAL,Posgrado,Especialización universitaria,ESPECIALIZACION PROFESIONAL
ESPECIALIZACIÓN EN EDUCACIÓN PARA PROFESIONALES DE LA SALUD,Posgrado,Especialización universitaria,ESPECIALIZACION PROFESIONAL
Especialización en Educación Superior y  Transformación Digital,Posgrado,Especialización universitaria,ESPECIALIZACION PROFESIONAL
Especialización en Educación y Comunicación Ambiental,Posgrado,Especialización universitaria,ESPECIALIZACION PROFESIONAL
ESPECIALIZACIÓN EN EDUCACIÓN Y DISCAPACIDAD,Posgrado,Especialización universitaria,ESPECIALIZACION PROFESIONAL
ESPECIALIZACIÓN EN EDUCACIÓN Y DIVERSIDAD,Posgrado,Especialización universitaria,ESPECIALIZACION PROFESIONAL
ESPECIALIZACION EN EDUCACION Y GESTION AMBIENTAL,Posgrado,Especialización universitaria,ESPECIALIZACION PROFESIONAL
ESPECIALIZACIÓN EN EDUCACIÓN Y ORIENTACIÓN FAMILIAR,Posgrado,Especialización universitaria,ESPECIALIZACION PROFESIONAL
ESPECIALIZACION EN EDUCACION Y SAGRADA ESCRITURA,Posgrado,Especialización universitaria,ESPECIALIZACION PROFESIONAL
ESPECIALIZACION EN EDUMATICA,Posgrado,Especialización universitaria,ESPECIALIZACION PROFESIONAL
ESPECIALIZACIÓN EN EDUMATICA: INNOVACIÓN EDUCATIVA MEDIADA POR TIC,Posgrado,Especialización universitaria,ESPECIALIZACION PROFESIONAL
ESPECIALIZACION EN EFICIENCIA ENERGETICA,Posgrado,Especialización universitaria,ESPECIALIZACION PROFESIONAL
ESPECIALIZACIÓN EN EJERCICIO DEL DERECHO ANTE LAS ALTAS CORTES,Posgrado,Especialización universitaria,ESPECIALIZACION PROFESIONAL
ESPECIALIZACION EN EJERCICIO FISICO PARA LA SALUD,Posgrado,Especialización universitaria,ESPECIALIZACION PROFESIONAL
ESPECIALIZACION EN EL ARTE EN LOS PROCESOS DE APRENDIZAJE,Posgrado,Especialización universitaria,ESPECIALIZACION PROFESIONAL
ESPECIALIZACION EN ELECTROFISIOLOGIA CARDIACA,Posgrado,Especialización médico quirúrgica,ESPECIALIZACION PROFESIONAL
ESPECIALIZACIÓN EN ELECTROFISIOLOGÍA CARDIOVASCULAR,Posgrado,Especialización médico quirúrgica,ESPECIALIZACION PROFESIONAL
ESPECIALIZACIÓN EN ELECTRÓNICA DIGITAL,Posgrado,Especialización universitaria,ESPECIALIZACION PROFESIONAL
ESPECIALIZACIÓN EN EMPRENDIMIENTO,Posgrado,Especialización universitaria,ESPECIALIZACION PROFESIONAL
Especialización en Emprendimiento Tecnológico,Posgrado,Especialización universitaria,ESPECIALIZACION PROFESIONAL
ESPECIALIZACIÓN EN EMPRENDIMIENTO Y DESARROLLO DE NEGOCIOS,Posgrado,Especialización universitaria,ESPECIALIZACION PROFESIONAL
ESPECIALIZACIÓN EN EMPRENDIMIENTO Y DESARROLLO DE PROYECTOS CREATIVOS,Posgrado,Especialización universitaria,ESPECIALIZACION PROFESIONAL
Especialización en Emprendimiento y Negocios Digitales,Posgrado,Especialización universitaria,ESPECIALIZACION PROFESIONAL
Especialización en Emprendimientos Digitales,Posgrado,Especialización universitaria,ESPECIALIZACION PROFESIONAL
ESPECIALIZACION EN ENDOCRINOLOGIA,Posgrado,Especialización médico quirúrgica,ESPECIALIZACION PROFESIONAL
ESPECIALIZACIÓN EN ENDOCRINOLOGÍA PEDIÁTRICA,Posgrado,Especialización médico quirúrgica,ESPECIALIZACION PROFESIONAL
ESPECIALIZACION EN ENDODONCIA,Posgrado,Especialización universitaria,ESPECIALIZACION PROFESIONAL
Especialización en Energía Solar,Posgrado,Especialización universitaria,ESPECIALIZACION PROFESIONAL
ESPECIALIZACIÓN EN ENERGÍAS ALTERNATIVAS,Posgrado,Especialización universitaria,ESPECIALIZACION PROFESIONAL
ESPECIALIZACION EN ENERGIAS RENOVABLES,Posgrado,Especialización universitaria,ESPECIALIZACION PROFESIONAL
Especialización en Energías Renovables y Eficiencia Energética,Posgrado,Especialización universitaria,ESPECIALIZACION PROFESIONAL
ESPECIALIZACIÓN EN ENFERMERÍA CARDIORRESPIRATORIA,Posgrado,Especialización universitaria,ESPECIALIZACION PROFESIONAL
ESPECIALIZACION EN ENFERMERIA CARDIOVASCULAR,Posgrado,Especialización universitaria,ESPECIALIZACION PROFESIONAL
ESPECIALIZACIÓN EN ENFERMERIA CUIDADO CRITICO ADULTO,Posgrado,Especialización universitaria,ESPECIALIZACION PROFESIONAL
ESPECIALIZACIÓN EN ENFERMERÍA DEL CUIDADO NEONATAL,Posgrado,Especialización universitaria,ESPECIALIZACION PROFESIONAL
ESPECIALIZACION EN ENFERMERIA EN CUIDADO A LAS PERSONAS CON HERIDAS Y OSTOMIAS,Posgrado,Especialización universitaria,ESPECIALIZACION PROFESIONAL
ESPECIALIZACION EN ENFERMERIA EN CUIDADO AL ADULTO EN ESTADO CRITICO DE SALUD,Posgrado,Especialización universitaria,ESPECIALIZACION PROFESIONAL
ESPECIALIZACION EN ENFERMERIA EN CUIDADO AL NI¿O EN ESTADO CRITICO DE SALUD,Posgrado,Especialización universitaria,ESPECIALIZACION PROFESIONAL
ESPECIALIZACION EN ENFERMERIA EN CUIDADO CRITICO,Posgrado,Especialización universitaria,ESPECIALIZACION PROFESIONAL
ESPECIALIZACION EN ENFERMERIA EN CUIDADO CRITICO DEL ADULTO,Posgrado,Especialización universitaria,ESPECIALIZACION PROFESIONAL
ESPECIALIZACION EN ENFERMERIA EN CUIDADO CRITICO PEDIÁTRICO,Posgrado,Especialización universitaria,ESPECIALIZACION PROFESIONAL
Especialización en Enfermería en Cuidado Crítito Pediátrico,Posgrado,Especialización universitaria,ESPECIALIZACION PROFESIONAL
ESPECIALIZACIÓN EN ENFERMERÍA EN CUIDADO DE PERSONAS CON HERIDAS Y ESTOMAS,Posgrado,Especialización universitaria,ESPECIALIZACION PROFESIONAL
ESPECIALIZACION EN ENFERMERIA EN CUIDADOS PALIATIVOS,Posgrado,Especialización universitaria,ESPECIALIZACION PROFESIONAL
ESPECIALIZACIÓN EN ENFERMERÍA EN URGENCIAS,Posgrado,Especialización universitaria,ESPECIALIZACION PROFESIONAL
ESPECIALIZACION EN ENFERMERIA MATERNA PERINATAL CON APOYO FAMILIAR,Posgrado,Especialización universitaria,ESPECIALIZACION PROFESIONAL
ESPECIALIZACIÓN EN ENFERMERIA MATERNO PERINATAL,Posgrado,Especialización universitaria,ESPECIALIZACION PROFESIONAL
ESPECIALIZACION EN ENFERMERIA MATERNOPERINATAL,Posgrado,Especialización universitaria,ESPECIALIZACION PROFESIONAL
ESPECIALIZACION EN ENFERMERIA NEFROLOGICA,Posgrado,Especialización universitaria,ESPECIALIZACION PROFESIONAL
ESPECIALIZACION EN ENFERMERIA NEFROLOGICA DEL ADULTO,Posgrado,Especialización universitaria,ESPECIALIZACION PROFESIONAL
ESPECIALIZACION EN ENFERMERIA NEONATAL,Posgrado,Especialización universitaria,ESPECIALIZACION PROFESIONAL
ESPECIALIZACION EN ENFERMERIA ONCOLOGICA,Posgrado,Especialización universitaria,ESPECIALIZACION PROFESIONAL
ESPECIALIZACION EN ENFERMERIA PARA EL CUIDADO DEL PACIENTE EN ESTADO CRITICO,Posgrado,Especialización universitaria,ESPECIALIZACION PROFESIONAL
ESPECIALIZACION EN ENFERMERIA PEDIATRICA,Posgrado,Especialización universitaria,ESPECIALIZACION PROFESIONAL
ESPECIALIZACIÓN EN ENSEÑANZA DE ESPAÑOL COMO LENGUA EXTRANJERA,Posgrado,Especialización universitaria,ESPECIALIZACION PROFESIONAL
ESPECIALIZACIÓN EN ENSEÑANZA DE LA FÍSICA,Posgrado,Especialización universitaria,ESPECIALIZACION PROFESIONAL
ESPECIALIZACIÓN EN ENSEÑANZA DE LAS CIENCIAS NATURALES CON ÉNFASIS EN EDUCACIÓN AMBIENTAL,Posgrado,Especialización universitaria,ESPECIALIZACION PROFESIONAL
ESPECIALIZACIÓN EN ENSEÑANZA  DEL  IDIOMA INGLÉS,Posgrado,Especialización universitaria,ESPECIALIZACION PROFESIONAL
ESPECIALIZACION EN ENSEÑANZA DEL INGLES,Posgrado,Especialización universitaria,ESPECIALIZACION PROFESIONAL
ESPECIALIZACIÓN EN ENTRENAMIENTO DE  FÚTBOL,Posgrado,Especialización universitaria,ESPECIALIZACION PROFESIONAL
ESPECIALIZACION EN ENTRENAMIENTO DEPORTIVO,Posgrado,Especialización universitaria,ESPECIALIZACION PROFESIONAL
Especialización en Entrenamiento Deportivo y Readaptación Funcional,Posgrado,Especialización universitaria,ESPECIALIZACION PROFESIONAL
ESPECIALIZACION EN EPIDEMIOLOGIA,Posgrado,Especialización universitaria,ESPECIALIZACION PROFESIONAL
ESPECIALIZACIÓN EN EPIDEMIOLOGÍA CLÍNICA,Posgrado,Especialización universitaria,ESPECIALIZACION PROFESIONAL
ESPECIALIZACION EN EPIDEMIOLOGIA VETERINARIA,Posgrado,Especialización universitaria,ESPECIALIZACION PROFESIONAL
ESPECIALIZACION EN ERGONOMIA,Posgrado,Especialización universitaria,ESPECIALIZACION PROFESIONAL
ESPECIALIZACIÓN EN ESCRITURA CREATIVA EN NUEVOS MEDIOS,Posgrado,Especialización universitaria,ESPECIALIZACION PROFESIONAL
ESPECIALIZACIÓN EN ESCULTURA Y TEXTURA DIGITAL,Posgrado,Especialización universitaria,ESPECIALIZACION PROFESIONAL
ESPECIALIZACION EN ESTADISTICA,Posgrado,Especialización universitaria,ESPECIALIZACION PROFESIONAL
ESPECIALIZACION EN ESTADISTICA APLICADA,Posgrado,Especialización universitaria,ESPECIALIZACION PROFESIONAL
"ESPECIALIZACION EN ESTADO, POLÍTICAS PÚBLICAS Y DESARROLLO",Posgrado,Especialización universitaria,ESPECIALIZACION PROFESIONAL
ESPECIALIZACION EN ESTANDARES INTERNACIONALES DE CONTABILIDAD Y  AUDITORIA,Posgrado,Especialización universitaria,ESPECIALIZACION PROFESIONAL
ESPECIALIZACION EN ESTÁNDARES INTERNACIONALES DE INFORMACION FINANCIERA Y DE ASEGURAMIENTO,Posgrado,Especialización universitaria,ESPECIALIZACION PROFESIONAL
ESPECIALIZACIÓN EN ESTÁNDARES INTERNACIONALES NIIF-NIC,Posgrado,Especialización universitaria,ESPECIALIZACION PROFESIONAL
ESPECIALIZACION EN ESTOMATOLOGIA Y CIRUGIA ORAL,Posgrado,Especialización universitaria,ESPECIALIZACION PROFESIONAL
Especialización en Estrategia de Marketing Digital,Posgrado,Especialización universitaria,ESPECIALIZACION PROFESIONAL
ESPECIALIZACION EN ESTRATEGIA GERENCIAL Y PROSPECTIVA,Posgrado,Especialización universitaria,ESPECIALIZACION PROFESIONAL
"ESPECIALIZACIÓN EN ESTRATEGIA, GESTIÓN Y GOBIERNO DE DATOS",Posgrado,Especialización universitaria,ESPECIALIZACION PROFESIONAL
Especialización en Estrategia Publicitaria de Marca en  Entornos Digitales,Posgrado,Especialización universitaria,ESPECIALIZACION PROFESIONAL
ESPECIALIZACIÓN EN ESTRATEGIAS DE COMUNICACIÓN TRANSMEDIA,Posgrado,Especialización universitaria,ESPECIALIZACION PROFESIONAL
ESPECIALIZACIÓN EN ESTRATEGIAS PSICOPOLÍTICAS PARA LA DEMOCRACIA Y LA CONSTRUCCIÓN DE LA PAZ,Posgrado,Especialización universitaria,ESPECIALIZACION PROFESIONAL
ESPECIALIZACION EN ESTRUCTURAS,Posgrado,Especialización universitaria,ESPECIALIZACION PROFESIONAL
ESPECIALIZACION EN ESTUDIOS AMAZONICOS,Posgrado,Especialización universitaria,ESPECIALIZACION PROFESIONAL
ESPECIALIZACIÓN EN ESTUDIOS BÍBLICOS,Posgrado,Especialización universitaria,ESPECIALIZACION PROFESIONAL
ESPECIALIZACIÓN EN ESTUDIOS DE GÉNERO,Posgrado,Especialización universitaria,ESPECIALIZACION PROFESIONAL
ESPECIALIZACION EN ESTUDIOS FEMINISTAS Y DE GENERO,Posgrado,Especialización universitaria,ESPECIALIZACION PROFESIONAL
Especialización en Estudios Fronterizos,Posgrado,Especialización universitaria,ESPECIALIZACION PROFESIONAL
Especialización en Estudios Interdisciplinarios en Duelo,Posgrado,Especialización universitaria,ESPECIALIZACION PROFESIONAL
ESPECIALIZACION EN ESTUDIOS LATINOAMERICANOS,Posgrado,Especialización universitaria,ESPECIALIZACION PROFESIONAL
ESPECIALIZACION EN ESTUDIOS PEDAGOGICOS,Posgrado,Especialización universitaria,ESPECIALIZACION PROFESIONAL
ESPECIALIZACION EN ESTUDIOS PENALES,Posgrado,Especialización universitaria,ESPECIALIZACION PROFESIONAL
ESPECIALIZACION EN ESTUDIOS POLITICOS,Posgrado,Especialización universitaria,ESPECIALIZACION PROFESIONAL
ESPECIALIZACION EN ETICA,Posgrado,Especialización universitaria,ESPECIALIZACION PROFESIONAL
ESPECIALIZACIÓN EN ÉTICA TEOLÓGICA,Posgrado,Especialización universitaria,ESPECIALIZACION PROFESIONAL
ESPECIALIZACION EN EVALUACION AMBIENTAL DE PROYECTOS,Posgrado,Especialización universitaria,ESPECIALIZACION PROFESIONAL
ESPECIALIZACIÓN EN EVALUACIÓN CLÍNICA Y TRATAMIENTO DE TRASTORNOS EMOCIONALES Y AFECTIVOS,Posgrado,Especialización universitaria,ESPECIALIZACION PROFESIONAL
ESPECIALIZACIÓN EN EVALUACIÓN DE IMPACTO,Posgrado,Especialización universitaria,ESPECIALIZACION PROFESIONAL
Especialización en Evaluación de Impacto Ambiental,Posgrado,Especialización universitaria,ESPECIALIZACION PROFESIONAL
ESPECIALIZACION EN EVALUACION DEL IMPACTO AMBIENTAL DE PROYECTOS,Posgrado,Especialización universitaria,ESPECIALIZACION PROFESIONAL
ESPECIALIZACIÓN EN EVALUACION E INTERVENCIÓN PSICOEDUCATIVA,Posgrado,Especialización universitaria,ESPECIALIZACION PROFESIONAL
ESPECIALIZACIÓN EN EVALUACIÓN ECONOMICA EN SALUD,Posgrado,Especialización universitaria,ESPECIALIZACION PROFESIONAL
ESPECIALIZACIÓN EN EVALUACIÓN FINANCIERA DE PROYECTOS,Posgrado,Especialización universitaria,ESPECIALIZACION PROFESIONAL
ESPECIALIZACION EN EVALUACION INTEGRAL DE IMPACTOS AMBIENTALES,Posgrado,Especialización universitaria,ESPECIALIZACION PROFESIONAL
ESPECIALIZACION EN EVALUACION PEDAGOGICA,Posgrado,Especialización universitaria,ESPECIALIZACION PROFESIONAL
Especialización en Evaluación Psicológica Forense,Posgrado,Especialización universitaria,ESPECIALIZACION PROFESIONAL
ESPECIALIZACION EN EVALUACION SOCIAL DE PROYECTOS,Posgrado,Especialización universitaria,ESPECIALIZACION PROFESIONAL
ESPECIALIZACION EN EVALUACION SOCIO - ECONOMICA DE PROYECTOS,Posgrado,Especialización universitaria,ESPECIALIZACION PROFESIONAL
ESPECIALIZACIÓN EN EVALUACIÓN SOCIOECONÓMICA DE PROYECTOS,Posgrado,Especialización universitaria,ESPECIALIZACION PROFESIONAL
ESPECIALIZACION EN  EVALUACION Y DESARROLLO DE PROYECTOS,Posgrado,Especialización universitaria,ESPECIALIZACION PROFESIONAL
ESPECIALIZACIÓN EN EVALUACIÓN Y DIAGNÓSTICO NEUROPSICOLÓGICO,Posgrado,Especialización universitaria,ESPECIALIZACION PROFESIONAL
ESPECIALIZACION EN EVALUACION Y GERENCIA DE PROYECTOS,Posgrado,Especialización universitaria,ESPECIALIZACION PROFESIONAL
ESPECIALIZACIÓN EN EVALUACIÓN Y GESTIÓN AMBIENTAL,Posgrado,Especialización universitaria,ESPECIALIZACION PROFESIONAL
Especialización en Evaluación y Gestión de Políticas Públicas para la Igualdad Social,Posgrado,Especialización universitaria,ESPECIALIZACION PROFESIONAL
ESPECIALIZACION EN EVANGELIZACIÓN EN AMBIENTES VIRTUALES,Posgrado,Especialización universitaria,ESPECIALIZACION PROFESIONAL
ESPECIALIZACIÓN EN EXCELENCIA OPERACIONAL EN SALUD,Posgrado,Especialización universitaria,ESPECIALIZACION PROFESIONAL
Especialización en Experiencia y Servicio al Cliente,Posgrado,Especialización universitaria,ESPECIALIZACION PROFESIONAL
ESPECIALIZACIÓN EN EXPORTACIÓN DE SERVICIOS,Posgrado,Especialización universitaria,ESPECIALIZACION PROFESIONAL
Especialización en Extensión e Innovación Rural,Posgrado,Especialización universitaria,ESPECIALIZACION PROFESIONAL
ESPECIALIZACIÓN EN EXTENSIÓN RURAL,Posgrado,Especialización universitaria,ESPECIALIZACION PROFESIONAL
ESPECIALIZACION EN FAMILIA,Posgrado,Especialización universitaria,ESPECIALIZACION PROFESIONAL
"ESPECIALIZACIÓN EN FAMILIA, INFANCIA Y ADOLESCENCIA",Posgrado,Especialización universitaria,ESPECIALIZACION PROFESIONAL
ESPECIALIZACIÓN EN FAMILIA Y GÉNERO,Posgrado,Especialización universitaria,ESPECIALIZACION PROFESIONAL
ESPECIALIZACIÓN EN FAMILIA Y RESOLUCIÓN DE CONFLICTOS,Posgrado,Especialización universitaria,ESPECIALIZACION PROFESIONAL
ESPECIALIZACIÓN EN FAMILIA Y VÍNCULOS INTERGENERACIONALES,Posgrado,Especialización universitaria,ESPECIALIZACION PROFESIONAL
ESPECIALIZACION EN FARMACIA CLINICA,Posgrado,Especialización universitaria,ESPECIALIZACION PROFESIONAL
ESPECIALIZACIÓN EN FARMACOLOGÍA CLÍNICA,Posgrado,Especialización médico quirúrgica,ESPECIALIZACION PROFESIONAL
"Especialización en Fenómeno Religioso, Ética y Paz",Posgrado,Especialización universitaria,ESPECIALIZACION PROFESIONAL
ESPECIALIZACIÓN EN FILOSOFÍA CONTEMPORÁNEA,Posgrado,Especialización universitaria,ESPECIALIZACION PROFESIONAL
ESPECIALIZACION EN FILOSOFIA DEL DERECHO Y TEORIA JURIDICA,Posgrado,Especialización universitaria,ESPECIALIZACION PROFESIONAL
ESPECIALIZACION EN FINANZAS,Posgrado,Especialización universitaria,ESPECIALIZACION PROFESIONAL
Especialización en Finanzas Analíticas,Posgrado,Especialización universitaria,ESPECIALIZACION PROFESIONAL
Especialización en Finanzas Computacionales,Posgrado,Especialización universitaria,ESPECIALIZACION PROFESIONAL
ESPECIALIZACION EN FINANZAS CORPORATIVAS,Posgrado,Especialización universitaria,ESPECIALIZACION PROFESIONAL
ESPECIALIZACION EN FINANZAS CORPORATIVAS Y RIESGO FINANCIERO,Posgrado,Especialización universitaria,ESPECIALIZACION PROFESIONAL
ESPECIALIZACION EN FINANZAS CORPORATIVAS Y RIESGOS FINANCIEROS,Posgrado,Especialización universitaria,ESPECIALIZACION PROFESIONAL
ESPECIALIZACIÓN EN FINANZAS INTERNACIONALES,Posgrado,Especialización universitaria,ESPECIALIZACION PROFESIONAL
ESPECIALIZACION EN FINANZAS PUBLICAS,Posgrado,Especialización universitaria,ESPECIALIZACION PROFESIONAL
Especialización en Finanzas Sostenibles,Posgrado,Especialización universitaria,ESPECIALIZACION PROFESIONAL
ESPECIALIZACION EN FINANZAS TERRITORIALES,Posgrado,Especialización universitaria,ESPECIALIZACION PROFESIONAL
ESPECIALIZACION EN FINANZAS Y ADMINISTRACION PUBLICA,Posgrado,Especialización universitaria,ESPECIALIZACION PROFESIONAL
ESPECIALIZACIÓN EN FINANZAS Y BANCA,Posgrado,Especialización universitaria,ESPECIALIZACION PROFESIONAL
ESPECIALIZACION EN FINANZAS Y MERCADO DE CAPITALES,Posgrado,Especialización universitaria,ESPECIALIZACION PROFESIONAL
ESPECIALIZACIÓN EN FINANZAS Y PROYECTOS,Posgrado,Especialización universitaria,ESPECIALIZACION PROFESIONAL
ESPECIALIZACIÓN EN FINTECH,Posgrado,Especialización universitaria,ESPECIALIZACION PROFESIONAL
ESPECIALIZACIÓN EN FÍSICA APLICADA Y COMPUTACIONAL,Posgrado,Especialización universitaria,ESPECIALIZACION PROFESIONAL
ESPECIALIZACION EN FISICA GENERAL,Posgrado,Especialización universitaria,ESPECIALIZACION PROFESIONAL
ESPECIALIZACION EN FISIOTERAPIA CARDIOPULMONAR,Posgrado,Especialización universitaria,ESPECIALIZACION PROFESIONAL
ESPECIALIZACIÓN EN FISIOTERAPIA DEL DEPORTE,Posgrado,Especialización universitaria,ESPECIALIZACION PROFESIONAL
ESPECIALIZACION EN FISIOTERAPIA EN CUIDADO CRITICO,Posgrado,Especialización universitaria,ESPECIALIZACION PROFESIONAL
ESPECIALIZACIÓN EN FISIOTERAPIA EN CUIDADO CRÍTICO DEL ADULTO,Posgrado,Especialización universitaria,ESPECIALIZACION PROFESIONAL
ESPECIALIZACIÓN EN FISIOTERAPIA EN ORTOPEDIA Y TRAUMA,Posgrado,Especialización universitaria,ESPECIALIZACION PROFESIONAL
ESPECIALIZACION EN FISIOTERAPIA EN ORTOPEDIA Y TRAUMATOLOGIA,Posgrado,Especialización universitaria,ESPECIALIZACION PROFESIONAL
ESPECIALIZACIóN EN FISIOTERAPIA EN PACIENTE ADULTO CRITICO,Posgrado,Especialización universitaria,ESPECIALIZACION PROFESIONAL
Especialización en Fitness y Wellness,Posgrado,Especialización universitaria,ESPECIALIZACION PROFESIONAL
ESPECIALIZACIÓN EN FONOAUDIOLOGÍA EN CUIDADO CRÍTICO,Posgrado,Especialización universitaria,ESPECIALIZACION PROFESIONAL
"ESPECIALIZACION EN FORMULACION, GERENCIA Y EVALUACION DE PROYECTOS DE DESARROLLO",Posgrado,Especialización universitaria,ESPECIALIZACION PROFESIONAL
ESPECIALIZACION EN FORMULACION Y EVALUACION  DE PROYECTOS,Posgrado,Especialización universitaria,ESPECIALIZACION PROFESIONAL
ESPECIALIZACION EN FORMULACION Y EVALUACION DE PROYECTOS PUBLICOS Y PRIVADOS,Posgrado,Especialización universitaria,ESPECIALIZACION PROFESIONAL
ESPECIALIZACION EN FORMULACION Y EVALUACION SOCIAL Y ECONOMICA DE PROYECTOS,Posgrado,Especialización universitaria,ESPECIALIZACION PROFESIONAL
ESPECIALIZACIÓN EN FORMULACIÓN Y GESTIÓN INTEGRAL DE PROYECTOS,Posgrado,Especialización universitaria,ESPECIALIZACION PROFESIONAL
ESPECIALIZACION EN FOTOGRAFIA,Posgrado,Especialización universitaria,ESPECIALIZACION PROFESIONAL
ESPECIALIZACIÓN EN FRUTALES TROPICALES,Posgrado,Especialización universitaria,ESPECIALIZACION PROFESIONAL
Especialización en Gamificación y Design Thinking en el aula,Posgrado,Especialización universitaria,ESPECIALIZACION PROFESIONAL
ESPECIALIZACION EN GASTROENTEROLOGIA,Posgrado,Especialización médico quirúrgica,ESPECIALIZACION PROFESIONAL
ESPECIALIZACION EN GASTROENTEROLOGIA CLINICO QUIRURGICA,Posgrado,Especialización médico quirúrgica,ESPECIALIZACION PROFESIONAL
Especialización en Gastroenterología Pediátrica,Posgrado,Especialización médico quirúrgica,ESPECIALIZACION PROFESIONAL
Especialización en Gastronomía Colombiana,Posgrado,Especialización universitaria,ESPECIALIZACION PROFESIONAL
ESPECIALIZACION EN GENETICA MEDICA,Posgrado,Especialización médico quirúrgica,ESPECIALIZACION PROFESIONAL
ESPECIALIZACIÓN EN GEOGRAFÍA Y GESTIÓN AMBIENTAL DEL TERRITORIO,Posgrado,Especialización universitaria,ESPECIALIZACION PROFESIONAL
ESPECIALIZACION EN GEOMATICA,Posgrado,Especialización universitaria,ESPECIALIZACION PROFESIONAL
ESPECIALIZACIÓN EN GEOPOLITICA PARAS LAS RELACIONES INTERNACIONALES,Posgrado,Especialización universitaria,ESPECIALIZACION PROFESIONAL
Especialización en Geopolítica y Geoeconomía,Posgrado,Especialización universitaria,ESPECIALIZACION PROFESIONAL
ESPECIALIZACION EN GEOTECNIA,Posgrado,Especialización universitaria,ESPECIALIZACION PROFESIONAL
ESPECIALIZACION EN GEOTECNIA AMBIENTAL,Posgrado,Especialización universitaria,ESPECIALIZACION PROFESIONAL
ESPECIALIZACION EN GEOTECNIA VIAL,Posgrado,Especialización universitaria,ESPECIALIZACION PROFESIONAL
ESPECIALIZACION EN GEOTECNIA VIAL Y PAVIMENTOS,Posgrado,Especialización universitaria,ESPECIALIZACION PROFESIONAL
ESPECIALIZACIÓN EN GEOTECNIA Y ESTABILIDAD DE TALUDES,Posgrado,Especialización universitaria,ESPECIALIZACION PROFESIONAL
ESPECIALIZACION EN GERENCIA,Posgrado,Especialización universitaria,ESPECIALIZACION PROFESIONAL
ESPECIALIZACION EN GERENCIA ADMINISTRATIVA DE SALUD,Posgrado,Especialización universitaria,ESPECIALIZACION PROFESIONAL
ESPECIALIZACIÓN EN GERENCIA ADUANERA,Posgrado,Especialización universitaria,ESPECIALIZACION PROFESIONAL
ESPECIALIZACION EN GERENCIA AGRARIA,Posgrado,Especialización universitaria,ESPECIALIZACION PROFESIONAL
ESPECIALIZACIÓN EN GERENCIA AGROPECUARIA,Posgrado,Especialización universitaria,ESPECIALIZACION PROFESIONAL
ESPECIALIZACION EN GERENCIA AMBIENTAL,Posgrado,Especialización universitaria,ESPECIALIZACION PROFESIONAL
ESPECIALIZACIÓN EN GERENCIA AMBIENTAL EMPRESARIAL,Posgrado,Especialización universitaria,ESPECIALIZACION PROFESIONAL
ESPECIALIZACIÓN EN GERENCIA AMBIENTAL SOSTENIBLE,Posgrado,Especialización universitaria,ESPECIALIZACION PROFESIONAL
Especialización en Gerencia Ambiental y Desarrollo Sostenible,Posgrado,Especialización universitaria,ESPECIALIZACION PROFESIONAL
ESPECIALIZACION EN GERENCIA AMBIENTAL Y DESARROLLO SOSTENIBLE EMPRESARIAL.,Posgrado,Especialización universitaria,ESPECIALIZACION PROFESIONAL
ESPECIALIZACION EN GERENCIA AMBIENTAL Y GESTION DEL RIESGO DE DESASTRES,Posgrado,Especialización universitaria,ESPECIALIZACION PROFESIONAL
ESPECIALIZACION EN GERENCIA COMERCIAL,Posgrado,Especialización universitaria,ESPECIALIZACION PROFESIONAL
ESPECIALIZACIÓN EN GERENCIA COMERCIAL Y MERCADEO,Posgrado,Especialización universitaria,ESPECIALIZACION PROFESIONAL
ESPECIALIZACION EN GERENCIA DE ABASTECIMIENTO ESTRATEGICO,Posgrado,Especialización universitaria,ESPECIALIZACION PROFESIONAL
ESPECIALIZACIÓN EN GERENCIA DE AGRONEGOCIOS,Posgrado,Especialización universitaria,ESPECIALIZACION PROFESIONAL
ESPECIALIZACIÓN EN GERENCIA DE AGRONEGOCIOS SOSTENIBLES,Posgrado,Especialización universitaria,ESPECIALIZACION PROFESIONAL
Especialización en Gerencia de Cadenas de Suministros,Posgrado,Especialización universitaria,ESPECIALIZACION PROFESIONAL
ESPECIALIZACION EN GERENCIA DE CALIDAD DE PRODUCTOS Y SERVICIOS,Posgrado,Especialización universitaria,ESPECIALIZACION PROFESIONAL
ESPECIALIZACION EN GERENCIA DE COMERCIO INTERNACIONAL,Posgrado,Especialización universitaria,ESPECIALIZACION PROFESIONAL
Especialización en Gerencia de Comunicación Estratégica y de Marca,Posgrado,Especialización universitaria,ESPECIALIZACION PROFESIONAL
ESPECIALIZACION EN GERENCIA DE CONSTRUCCION,Posgrado,Especialización universitaria,ESPECIALIZACION PROFESIONAL
ESPECIALIZACION EN GERENCIA DE CONSTRUCCION DE OBRAS PUBLICAS DE INFRAESTRUCTURA,Posgrado,Especialización universitaria,ESPECIALIZACION PROFESIONAL
ESPECIALIZACION EN GERENCIA DE CONSTRUCCIONES,Posgrado,Especialización universitaria,ESPECIALIZACION PROFESIONAL
ESPECIALIZACIÓN EN GERENCIA DE CUSTOMER EXPERIENCE,Posgrado,Especialización universitaria,ESPECIALIZACION PROFESIONAL
ESPECIALIZACION EN GERENCIA DE DISEÑO,Posgrado,Especialización universitaria,ESPECIALIZACION PROFESIONAL
ESPECIALIZACIÓN EN GERENCIA DE DISEÑO DE PRODUCTO,Posgrado,Especialización universitaria,ESPECIALIZACION PROFESIONAL
ESPECIALIZACION EN GERENCIA  DE EMPRESAS,Posgrado,Especialización universitaria,ESPECIALIZACION PROFESIONAL
ESPECIALIZACION EN GERENCIA DE EMPRESAS AGROPECUARIAS,Posgrado,Especialización universitaria,ESPECIALIZACION PROFESIONAL
ESPECIALIZACION EN GERENCIA DE EMPRESAS COMERCIALES,Posgrado,Especialización universitaria,ESPECIALIZACION PROFESIONAL
ESPECIALIZACION EN GERENCIA DE EMPRESAS CONSTRUCTORAS,Posgrado,Especialización universitaria,ESPECIALIZACION PROFESIONAL
ESPECIALIZACIÓN EN GERENCIA DE EMPRESAS DE SALUD,Posgrado,Especialización universitaria,ESPECIALIZACION PROFESIONAL
ESPECIALIZACION EN GERENCIA DE EMPRESAS DE TELECOMUNICACIONES,Posgrado,Especialización universitaria,ESPECIALIZACION PROFESIONAL
"ESPECIALIZACIÓN EN GERENCIA DE EMPRESAS, SERVICIOS Y PRODUCTOS DE LA MÚSICA",Posgrado,Especialización universitaria,ESPECIALIZACION PROFESIONAL
ESPECIALIZACION EN GERENCIA DE FINANZAS,Posgrado,Especialización universitaria,ESPECIALIZACION PROFESIONAL
ESPECIALIZACION EN GERENCIA DE HIDROCARBUROS,Posgrado,Especialización universitaria,ESPECIALIZACION PROFESIONAL
ESPECIALIZACION EN GERENCIA DE IMPUESTOS,Posgrado,Especialización universitaria,ESPECIALIZACION PROFESIONAL
ESPECIALIZACIÓN EN GERENCIA DE INFORMACIÓN FINANCIERA,Posgrado,Especialización universitaria,ESPECIALIZACION PROFESIONAL
ESPECIALIZACION EN GERENCIA DE INGENIERIA HOSPITALARIA,Posgrado,Especialización universitaria,ESPECIALIZACION PROFESIONAL
ESPECIALIZACIÓN EN GERENCIA DE INSTITUCIONES DE LA SALUD,Posgrado,Especialización universitaria,ESPECIALIZACION PROFESIONAL
ESPECIALIZACION EN GERENCIA DE INSTITUCIONES DE SALUD,Posgrado,Especialización universitaria,ESPECIALIZACION PROFESIONAL
ESPECIALIZACION EN GERENCIA DE INSTITUCIONES DE SEGURIDAD SOCIAL EN SALUD,Posgrado,Especialización universitaria,ESPECIALIZACION PROFESIONAL
ESPECIALIZACION EN GERENCIA DE INSTITUCIONES EDUCATIVAS,Posgrado,Especialización universitaria,ESPECIALIZACION PROFESIONAL
ESPECIALIZACION EN GERENCIA DE INSTITUCIONES PRESTADORAS DE SERVICIO DE SALUD,Posgrado,Especialización universitaria,ESPECIALIZACION PROFESIONAL
ESPECIALIZACION EN GERENCIA DE INSTITUCIONES PRESTADORAS DE SERVICIOS DE SALUD,Posgrado,Especialización universitaria,ESPECIALIZACION PROFESIONAL
Especialización en Gerencia de Internacionalización de Empresas y Mercados Globales,Posgrado,Especialización universitaria,ESPECIALIZACION PROFESIONAL
ESPECIALIZACIÓN EN GERENCIA DE LA CADENA DE SUMINISTROS,Posgrado,Especialización universitaria,ESPECIALIZACION PROFESIONAL
Especialización en Gerencia de la Cadena de Valor y Productividad,Posgrado,Especialización universitaria,ESPECIALIZACION PROFESIONAL
ESPECIALIZACIÓN EN GERENCIA DE LA CADENA LOGÍSTICA,Posgrado,Especialización universitaria,ESPECIALIZACION PROFESIONAL
ESPECIALIZACION EN GERENCIA DE LA CALIDAD,Posgrado,Especialización universitaria,ESPECIALIZACION PROFESIONAL
ESPECIALIZACION EN GERENCIA DE LA CALIDAD DE LOS SERVICIOS DE SALUD,Posgrado,Especialización universitaria,ESPECIALIZACION PROFESIONAL
Especialización en Gerencia de la Calidad Educativa,Posgrado,Especialización universitaria,ESPECIALIZACION PROFESIONAL
ESPECIALIZACION EN GERENCIA DE LA CALIDAD EN SALUD,Posgrado,Especialización universitaria,ESPECIALIZACION PROFESIONAL
ESPECIALIZACION EN GERENCIA DE LA CALIDAD Y AUDITORIA EN SALUD,Posgrado,Especialización universitaria,ESPECIALIZACION PROFESIONAL
ESPECIALIZACION EN GERENCIA DE LA CALIDAD Y AUDITORIA EN SERVICIOS DE SALUD,Posgrado,Especialización universitaria,ESPECIALIZACION PROFESIONAL
ESPECIALIZACIÓN EN GERENCIA DE LA CALIDAD Y GESTIÓN CLÍNICA,Posgrado,Especialización universitaria,ESPECIALIZACION PROFESIONAL
Especialización en Gerencia de la Ciberseguridad,Posgrado,Especialización universitaria,ESPECIALIZACION PROFESIONAL
ESPECIALIZACIÓN EN GERENCIA DE LA COMUNICACIÓN CORPORATIVA,Posgrado,Especialización universitaria,ESPECIALIZACION PROFESIONAL
ESPECIALIZACIÓN EN GERENCIA DE LA COMUNICACIÓN ESTRATÉGICA,Posgrado,Especialización universitaria,ESPECIALIZACION PROFESIONAL
ESPECIALIZACION EN GERENCIA DE LA COMUNICACION ORGANIZACIONAL,Posgrado,Especialización universitaria,ESPECIALIZACION PROFESIONAL
ESPECIALIZACIÓN EN GERENCIA DE LA CONSTRUCCIÓN,Posgrado,Especialización universitaria,ESPECIALIZACION PROFESIONAL
ESPECIALIZACIÓN EN GERENCIA DE LA CONSTRUCCIÓN E INTERVENTORÍA,Posgrado,Especialización universitaria,ESPECIALIZACION PROFESIONAL
ESPECIALIZACIÓN EN GERENCIA DE LA EXPERIENCIA DIGITAL,Posgrado,Especialización universitaria,ESPECIALIZACION PROFESIONAL
Especialización en Gerencia de la Felicidad Organizacional,Posgrado,Especialización universitaria,ESPECIALIZACION PROFESIONAL
ESPECIALIZACION EN GERENCIA DE LA HACIENDA PUBLICA,Posgrado,Especialización universitaria,ESPECIALIZACION PROFESIONAL
Especialización en Gerencia de la Innovación Empresarial,Posgrado,Especialización universitaria,ESPECIALIZACION PROFESIONAL
Especialización en Gerencia de la Innovación Organizacional,Posgrado,Especialización universitaria,ESPECIALIZACION PROFESIONAL
ESPECIALIZACION EN GERENCIA DE LA INTERNACIONALIZACION EMPRESARIAL,Posgrado,Especialización universitaria,ESPECIALIZACION PROFESIONAL
ESPECIALIZACIÓN EN GERENCIA DE LA MARCA,Posgrado,Especialización universitaria,ESPECIALIZACION PROFESIONAL
ESPECIALIZACION EN GERENCIA DE LA PRODUCCION Y EL SERVICIO,Posgrado,Especialización universitaria,ESPECIALIZACION PROFESIONAL
Especialización en Gerencia de la Productividad y de las Operaciones Logísticas,Posgrado,Especialización universitaria,ESPECIALIZACION PROFESIONAL
ESPECIALIZACION EN GERENCIA DE LA PROTECCION SOCIAL,Posgrado,Especialización universitaria,ESPECIALIZACION PROFESIONAL
ESPECIALIZACIÓN EN GERENCIA DE LA RESPONSABILIDAD SOCIAL,Posgrado,Especialización universitaria,ESPECIALIZACION PROFESIONAL
ESPECIALIZACION EN GERENCIA DE LA RESPONSABILIDAD SOCIAL EMPRESARIAL,Posgrado,Especialización universitaria,ESPECIALIZACION PROFESIONAL
ESPECIALIZACIÓN EN GERENCIA DE LA SALUD,Posgrado,Especialización universitaria,ESPECIALIZACION PROFESIONAL
ESPECIALIZACION EN GERENCIA DE LA SALUD PUBLICA,Posgrado,Especialización universitaria,ESPECIALIZACION PROFESIONAL
Especialización en Gerencia de la Seguridad Industrial,Posgrado,Especialización universitaria,ESPECIALIZACION PROFESIONAL
ESPECIALIZACION EN GERENCIA DE LA SEGURIDAD SOCIAL,Posgrado,Especialización universitaria,ESPECIALIZACION PROFESIONAL
ESPECIALIZACION EN GERENCIA DE LA SEGURIDAD Y SALUD EN EL TRABAJO,Posgrado,Especialización universitaria,ESPECIALIZACION PROFESIONAL
ESPECIALIZACIÓN EN GERENCIA DE LA TRANSFORMACIÓN DIGITAL E INTELIGENCIA DE NEGOCIOS,Posgrado,Especialización universitaria,ESPECIALIZACION PROFESIONAL
Especialización en Gerencia de las Tecnologías de la Información y las Comunicaciones-TIC-,Posgrado,Especialización universitaria,ESPECIALIZACION PROFESIONAL
Especialización en Gerencia de Logística Internacional,Posgrado,Especialización universitaria,ESPECIALIZACION PROFESIONAL
ESPECIALIZACIÓN EN GERENCIA DE LOS RECURSOS PÚBLICOS Y COMPLIANCE,Posgrado,Especialización universitaria,ESPECIALIZACION PROFESIONAL
ESPECIALIZACION EN GERENCIA DE MANTENIMIENTO,Posgrado,Especialización universitaria,ESPECIALIZACION PROFESIONAL
Especialización en Gerencia de Mantenimiento y Activos Físicos,Posgrado,Especialización universitaria,ESPECIALIZACION PROFESIONAL
ESPECIALIZACION EN GERENCIA DE MANTENIMIENTO Y CONFIABILIDAD,Posgrado,Especialización universitaria,ESPECIALIZACION PROFESIONAL
ESPECIALIZACIÓN EN GERENCIA DE MANTENIMIENTO Y GESTIÓN DE ACTIVOS,Posgrado,Especialización universitaria,ESPECIALIZACION PROFESIONAL
ESPECIALIZACIÓN EN GERENCIA DE MARCA,Posgrado,Especialización universitaria,ESPECIALIZACION PROFESIONAL
ESPECIALIZACION EN GERENCIA DE MARKETING,Posgrado,Especialización universitaria,ESPECIALIZACION PROFESIONAL
ESPECIALIZACIÓN EN GERENCIA DE MARKETING DIGITAL,Posgrado,Especialización universitaria,ESPECIALIZACION PROFESIONAL
ESPECIALIZACION EN GERENCIA DE MARKETING ESTRATÉGICO,Posgrado,Especialización universitaria,ESPECIALIZACION PROFESIONAL
Especialización en Gerencia de Marketing y Comunicación Digital,Posgrado,Especialización universitaria,ESPECIALIZACION PROFESIONAL
ESPECIALIZACION EN GERENCIA  DE MERCADEO,Posgrado,Especialización universitaria,ESPECIALIZACION PROFESIONAL
Especialización en Gerencia de Mercadeo en Salud,Posgrado,Especialización universitaria,ESPECIALIZACION PROFESIONAL
ESPECIALIZACION EN GERENCIA DE MERCADEO ESTRATEGICO,Posgrado,Especialización universitaria,ESPECIALIZACION PROFESIONAL
ESPECIALIZACIÓN EN GERENCIA DE MERCADEO RELACIONAL,Posgrado,Especialización universitaria,ESPECIALIZACION PROFESIONAL
ESPECIALIZACION EN GERENCIA DE MERCADEO Y ESTRATEGIA DE VENTAS,Posgrado,Especialización universitaria,ESPECIALIZACION PROFESIONAL
ESPECIALIZACIÓN EN GERENCIA DE MERCADEO Y LOGÍSTICA,Posgrado,Especialización universitaria,ESPECIALIZACION PROFESIONAL
ESPECIALIZACION EN GERENCIA DE MERCADEO Y VENTAS,Posgrado,Especialización universitaria,ESPECIALIZACION PROFESIONAL
ESPECIALIZACION EN GERENCIA DE MERCADOS GLOBALES,Posgrado,Especialización universitaria,ESPECIALIZACION PROFESIONAL
Especialización en Gerencia de MiPymes,Posgrado,Especialización universitaria,ESPECIALIZACION PROFESIONAL
ESPECIALIZACION EN GERENCIA DE MULTIMEDIA Y COMUNICACION DIGITAL,Posgrado,Especialización universitaria,ESPECIALIZACION PROFESIONAL
ESPECIALIZACION EN GERENCIA DE NEGOCIOS,Posgrado,Especialización universitaria,ESPECIALIZACION PROFESIONAL
ESPECIALIZACIÓN EN GERENCIA DE NEGOCIOS DIGITALES,Posgrado,Especialización universitaria,ESPECIALIZACION PROFESIONAL
ESPECIALIZACION EN GERENCIA DE NEGOCIOS INTERNACIONALES,Posgrado,Especialización universitaria,ESPECIALIZACION PROFESIONAL
ESPECIALIZACION EN GERENCIA DE NEGOCIOS Y COMERCIO INTERNACIONAL,Posgrado,Especialización universitaria,ESPECIALIZACION PROFESIONAL
ESPECIALIZACION EN GERENCIA DE OBRAS,Posgrado,Especialización universitaria,ESPECIALIZACION PROFESIONAL
ESPECIALIZACION EN GERENCIA DE OPERACIONES,Posgrado,Especialización universitaria,ESPECIALIZACION PROFESIONAL
ESPECIALIZACION EN GERENCIA DE ORGANIZACIONES CON ENFASIS EN LIDERAZGO Y SERVICIO,Posgrado,Especialización universitaria,ESPECIALIZACION PROFESIONAL
Especialización en Gerencia de Organizaciones de Propiedad Horizontal,Posgrado,Especialización universitaria,ESPECIALIZACION PROFESIONAL
ESPECIALIZACION EN GERENCIA DE ORGANIZACIONES DE SALUD,Posgrado,Especialización universitaria,ESPECIALIZACION PROFESIONAL
ESPECIALIZACIÓN EN GERENCIA DE ORGANIZACIONES DEL SECTOR SALUD,Posgrado,Especialización universitaria,ESPECIALIZACION PROFESIONAL
ESPECIALIZACION EN GERENCIA DE PROCESOS DE CALIDAD E INNOVACION,Posgrado,Especialización universitaria,ESPECIALIZACION PROFESIONAL
ESPECIALIZACIÓN EN GERENCIA DE PROCESOS LOGÍSTICOS EN REDES DE VALOR,Posgrado,Especialización universitaria,ESPECIALIZACION PROFESIONAL
ESPECIALIZACION EN GERENCIA DE PROCESOS Y CALIDAD,Posgrado,Especialización universitaria,ESPECIALIZACION PROFESIONAL
ESPECIALIZACION EN GERENCIA DE PRODUCCION DE MEDIOS DE COMUNICACION,Posgrado,Especialización universitaria,ESPECIALIZACION PROFESIONAL
ESPECIALIZACION EN GERENCIA DE PRODUCCION Y OPERACIONES,Posgrado,Especialización universitaria,ESPECIALIZACION PROFESIONAL
ESPECIALIZACION EN GERENCIA DE PRODUCCION Y OPERACIONES LOGÍSTICAS,Posgrado,Especialización universitaria,ESPECIALIZACION PROFESIONAL
ESPECIALIZACION EN GERENCIA DE PRODUCCION Y PRODUCTIVIDAD,Posgrado,Especialización universitaria,ESPECIALIZACION PROFESIONAL
ESPECIALIZACION EN GERENCIA DE PRODUCION Y CALIDAD,Posgrado,Especialización universitaria,ESPECIALIZACION PROFESIONAL
ESPECIALIZACIÓN EN GERENCIA DE PRODUCTIVIDAD E INNOVACIÓN,Posgrado,Especialización universitaria,ESPECIALIZACION PROFESIONAL
ESPECIALIZACION EN GERENCIA DE PROYECTOS,Posgrado,Especialización universitaria,ESPECIALIZACION PROFESIONAL
ESPECIALIZACIÓN EN GERENCIA DE PROYECTOS AGROPECUARIOS SOSTENIBLES,Posgrado,Especialización universitaria,ESPECIALIZACION PROFESIONAL
ESPECIALIZACION EN GERENCIA DE PROYECTOS CON ENFOQUE EN HABILIDADES DIRECTIVAS,Posgrado,Especialización universitaria,ESPECIALIZACION PROFESIONAL
ESPECIALIZACIÓN EN GERENCIA DE PROYECTOS CULTURALES,Posgrado,Especialización universitaria,ESPECIALIZACION PROFESIONAL
ESPECIALIZACION EN GERENCIA DE PROYECTOS DE CONSTRUCCION,Posgrado,Especialización universitaria,ESPECIALIZACION PROFESIONAL
ESPECIALIZACION EN GERENCIA DE PROYECTOS DE CONSTRUCCION E INFRAESTRUCTURA,Posgrado,Especialización universitaria,ESPECIALIZACION PROFESIONAL
Especialización en Gerencia de Proyectos de Diseño,Posgrado,Especialización universitaria,ESPECIALIZACION PROFESIONAL
ESPECIALIZACIÓN EN GERENCIA DE PROYECTOS DE INGENIERÍA,Posgrado,Especialización universitaria,ESPECIALIZACION PROFESIONAL
ESPECIALIZACION EN GERENCIA DE PROYECTOS DE INGENIERIA DE TELECOMUNICACIONES,Posgrado,Especialización universitaria,ESPECIALIZACION PROFESIONAL
ESPECIALIZACION EN GERENCIA DE PROYECTOS  DE OBRAS PÚBLICAS,Posgrado,Especialización universitaria,ESPECIALIZACION PROFESIONAL
ESPECIALIZACIÓN EN GERENCIA DE PROYECTOS DE SERVICIOS CON TIC,Posgrado,Especialización universitaria,ESPECIALIZACION PROFESIONAL
ESPECIALIZACIÓN EN GERENCIA DE PROYECTOS DE TECNOLOGÍAS DE LA INFORMACIÓN,Posgrado,Especialización universitaria,ESPECIALIZACION PROFESIONAL
ESPECIALIZACION EN GERENCIA DE PROYECTOS DE TELECOMUNICACIONES,Posgrado,Especialización universitaria,ESPECIALIZACION PROFESIONAL
ESPECIALIZACIÓN EN GERENCIA DE PROYECTOS DE TRANSFORMACIÓN DIGITAL,Posgrado,Especialización universitaria,ESPECIALIZACION PROFESIONAL
ESPECIALIZACION EN GERENCIA DE PROYECTOS DEL TERRITORIO Y VALUACIÓN INMOBILIARIA,Posgrado,Especialización universitaria,ESPECIALIZACION PROFESIONAL
ESPECIALIZACION EN GERENCIA DE PROYECTOS EDUCATIVOS INSTITUCIONALES,Posgrado,Especialización universitaria,ESPECIALIZACION PROFESIONAL
ESPECIALIZACIÓN EN GERENCIA DE PROYECTOS EN ALIMENTACIÓN Y NUTRICIÓN,Posgrado,Especialización universitaria,ESPECIALIZACION PROFESIONAL
ESPECIALIZACIÓN EN GERENCIA DE PROYECTOS EN CONSTRUCCIÓN DE SOFTWARE,Posgrado,Especialización universitaria,ESPECIALIZACION PROFESIONAL
ESPECIALIZACIÓN EN GERENCIA DE PROYECTOS EN INGENIERÍA,Posgrado,Especialización universitaria,ESPECIALIZACION PROFESIONAL
ESPECIALIZACION EN GERENCIA DE PROYECTOS INFORMÁTICOS,Posgrado,Especialización universitaria,ESPECIALIZACION PROFESIONAL
ESPECIALIZACION EN GERENCIA DE PUBLICIDAD,Posgrado,Especialización universitaria,ESPECIALIZACION PROFESIONAL
ESPECIALIZACION EN GERENCIA DE RECURSOS ENERGETICOS,Posgrado,Especialización universitaria,ESPECIALIZACION PROFESIONAL
ESPECIALIZACION EN GERENCIA DE RECURSOS HUMANOS,Posgrado,Especialización universitaria,ESPECIALIZACION PROFESIONAL
ESPECIALIZACION EN GERENCIA DE RECURSOS NATURALES,Posgrado,Especialización universitaria,ESPECIALIZACION PROFESIONAL
ESPECIALIZACIÓN EN GERENCIA DE RESPONSABILIDAD SOCIAL Y VALOR COMPARTIDO,Posgrado,Especialización universitaria,ESPECIALIZACION PROFESIONAL
ESPECIALIZACIÓN EN GERENCIA DE RIESGOS,Posgrado,Especialización universitaria,ESPECIALIZACION PROFESIONAL
ESPECIALIZACIÓN EN GERENCIA DE RIESGOS DIGITALES,Posgrado,Especialización universitaria,ESPECIALIZACION PROFESIONAL
"ESPECIALIZACIÓN EN GERENCIA DE RIESGOS LABORALES, SEGURIDAD Y SALUD EN EL TRABAJO",Posgrado,Especialización universitaria,ESPECIALIZACION PROFESIONAL
ESPECIALIZACIÓN EN GERENCIA DE RIESGOS Y SEGUROS,Posgrado,Especialización universitaria,ESPECIALIZACION PROFESIONAL
ESPECIALIZACIÓN EN GERENCIA DE SEGURIDAD Y SALUD EN EL TRABAJO,Posgrado,Especialización universitaria,ESPECIALIZACION PROFESIONAL
ESPECIALIZACION EN GERENCIA DE SERVICIOS DE INFORMACION,Posgrado,Especialización universitaria,ESPECIALIZACION PROFESIONAL
ESPECIALIZACION EN GERENCIA DE SERVICIOS DE SALUD,Posgrado,Especialización universitaria,ESPECIALIZACION PROFESIONAL
ESPECIALIZACIÓN EN GERENCIA DE SERVICIOS EN SALUD,Posgrado,Especialización universitaria,ESPECIALIZACION PROFESIONAL
ESPECIALIZACIÓN EN GERENCIA DE SERVICIOS GASTRONÓMICOS,Posgrado,Especialización universitaria,ESPECIALIZACION PROFESIONAL
ESPECIALIZACIÓN EN GERENCIA DE SERVICIOS SOCIALES,Posgrado,Especialización universitaria,ESPECIALIZACION PROFESIONAL
ESPECIALIZACIÓN EN GERENCIA DE SISTEMAS ELECTRICOS DE POTENCIA,Posgrado,Especialización universitaria,ESPECIALIZACION PROFESIONAL
ESPECIALIZACION EN GERENCIA DE SISTEMAS INFORMATICOS,Posgrado,Especialización universitaria,ESPECIALIZACION PROFESIONAL
ESPECIALIZACIÓN EN GERENCIA DE SISTEMAS INTEGRADOS DE GESTION,Posgrado,Especialización universitaria,ESPECIALIZACION PROFESIONAL
ESPECIALIZACION EN GERENCIA DE SISTEMAS INTEGRADOS QHSE,Posgrado,Especialización universitaria,ESPECIALIZACION PROFESIONAL
ESPECIALIZACION EN GERENCIA DE SISTEMAS Y TECNOLOGIA,Posgrado,Especialización universitaria,ESPECIALIZACION PROFESIONAL
ESPECIALIZACION EN GERENCIA DE TECNOLOGIA,Posgrado,Especialización universitaria,ESPECIALIZACION PROFESIONAL
ESPECIALIZACIÓN EN GERENCIA DE TECNOLOGÍAS DE INFORMACIÓN,Posgrado,Especialización universitaria,ESPECIALIZACION PROFESIONAL
ESPECIALIZACIÓN EN GERENCIA DE TECNOLOGÍAS DE LA INFORMACIÓN,Posgrado,Especialización universitaria,ESPECIALIZACION PROFESIONAL
ESPECIALIZACIÓN EN GERENCIA DE TI Y CIBERSEGURIDAD,Posgrado,Especialización universitaria,ESPECIALIZACION PROFESIONAL
Especialización en  Gerencia de Turismo Sostenible,Posgrado,Especialización universitaria,ESPECIALIZACION PROFESIONAL
ESPECIALIZACION EN GERENCIA DEL AMBIENTE,Posgrado,Especialización universitaria,ESPECIALIZACION PROFESIONAL
ESPECIALIZACIÓN EN GERENCIA DEL COMPORTAMIENTO ORGANIZACIONAL,Posgrado,Especialización universitaria,ESPECIALIZACION PROFESIONAL
ESPECIALIZACIÓN EN GERENCIA DEL DEPORTE,Posgrado,Especialización universitaria,ESPECIALIZACION PROFESIONAL
ESPECIALIZACION EN GERENCIA DEL DESARROLLO HUMANO,Posgrado,Especialización universitaria,ESPECIALIZACION PROFESIONAL
ESPECIALIZACIÓN EN GERENCIA DEL DESARROLLO HUMANO Y ORGANIZACIONAL,Posgrado,Especialización universitaria,ESPECIALIZACION PROFESIONAL
ESPECIALIZACIÓN EN GERENCIA DEL DESARROLLO SOSTENIBLE EN LAS ORGANIZACIONES,Posgrado,Especialización universitaria,ESPECIALIZACION PROFESIONAL
ESPECIALIZACION EN GERENCIA DEL MEDIO AMBIENTE,Posgrado,Especialización universitaria,ESPECIALIZACION PROFESIONAL
ESPECIALIZACIÓN EN GERENCIA DEL RIESGO Y DE LA PREVENCIÓN DE DESASTRES,Posgrado,Especialización universitaria,ESPECIALIZACION PROFESIONAL
ESPECIALIZACIÓN EN GERENCIA DEL RIESGO Y LA INCERTIDUMBRE EMPRESARIAL,Posgrado,Especialización universitaria,ESPECIALIZACION PROFESIONAL
ESPECIALIZACION EN GERENCIA DEL SERVICIO,Posgrado,Especialización universitaria,ESPECIALIZACION PROFESIONAL
Especialización en Gerencia del Servicio de Extensión Rural,Posgrado,Especialización universitaria,ESPECIALIZACION PROFESIONAL
ESPECIALIZACION EN  GERENCIA DEL TALENTO HUMANO,Posgrado,Especialización universitaria,ESPECIALIZACION PROFESIONAL
Especialización en Gerencia del Talento Humano para la Innovación Organizacional,Posgrado,Especialización universitaria,ESPECIALIZACION PROFESIONAL
ESPECIALIZACION EN GERENCIA DEL TALENTO  HUMANO Y DESARROLLO ORGANIZACIONAL,Posgrado,Especialización universitaria,ESPECIALIZACION PROFESIONAL
ESPECIALIZACIÓN EN GERENCIA DEL TALENTO HUMANO Y RIESGOS LABORALES,Posgrado,Especialización universitaria,ESPECIALIZACION PROFESIONAL
ESPECIALIZACIÓN EN GERENCIA DEL TRANSPORTE,Posgrado,Especialización universitaria,ESPECIALIZACION PROFESIONAL
ESPECIALIZACIÓN EN GERENCIA DEL TURISMO,Posgrado,Especialización universitaria,ESPECIALIZACION PROFESIONAL
ESPECIALIZACIÓN EN GERENCIA DEPORTIVA,Posgrado,Especialización universitaria,ESPECIALIZACION PROFESIONAL
ESPECIALIZACION EN GERENCIA E INNOVACION,Posgrado,Especialización universitaria,ESPECIALIZACION PROFESIONAL
ESPECIALIZACIÓN EN GERENCIA E INNOVACIÓN FINANCIERA,Posgrado,Especialización universitaria,ESPECIALIZACION PROFESIONAL
ESPECIALIZACIÓN EN GERENCIA E INTERVENTORIA DE OBRAS CIVILES,Posgrado,Especialización universitaria,ESPECIALIZACION PROFESIONAL
ESPECIALIZACION EN GERENCIA EDUCACIONAL,Posgrado,Especialización universitaria,ESPECIALIZACION PROFESIONAL
ESPECIALIZACION EN GERENCIA EDUCATIVA,Posgrado,Especialización universitaria,ESPECIALIZACION PROFESIONAL
ESPECIALIZACION EN GERENCIA EMPRESARIAL,Posgrado,Especialización universitaria,ESPECIALIZACION PROFESIONAL
ESPECIALIZACION EN GERENCIA EMPRESARIAL Y COMPETITIVIDAD,Posgrado,Especialización universitaria,ESPECIALIZACION PROFESIONAL
ESPECIALIZACION EN GERENCIA EN ECONOMIA Y FINANZAS DE LA SALUD,Posgrado,Especialización universitaria,ESPECIALIZACION PROFESIONAL
ESPECIALIZACION EN GERENCIA EN GESTIÓN HUMANA,Posgrado,Especialización universitaria,ESPECIALIZACION PROFESIONAL
ESPECIALIZACION EN GERENCIA EN GOBIERNO Y GESTION PUBLICA,Posgrado,Especialización universitaria,ESPECIALIZACION PROFESIONAL
ESPECIALIZACIÓN EN GERENCIA EN LA INDUSTRIA DE LA MODA,Posgrado,Especialización universitaria,ESPECIALIZACION PROFESIONAL
ESPECIALIZACIÓN  EN GERENCIA EN MARKETING FARMACÉUTICO,Posgrado,Especialización universitaria,ESPECIALIZACION PROFESIONAL
"ESPECIALIZACIÓN EN GERENCIA EN RIESGOS LABORALES , SEGURIDAD Y SALUD EN EL TRABAJO",Posgrado,Especialización universitaria,ESPECIALIZACION PROFESIONAL
ESPECIALIZACION EN GERENCIA EN SALUD,Posgrado,Especialización universitaria,ESPECIALIZACION PROFESIONAL
ESPECIALIZACION EN GERENCIA EN SALUD Y SEGURIDAD SOCIAL,Posgrado,Especialización universitaria,ESPECIALIZACION PROFESIONAL
Especialización en Gerencia en Seguridad de las Organizaciones,Posgrado,Especialización universitaria,ESPECIALIZACION PROFESIONAL
ESPECIALIZACION EN GERENCIA EN SEGURIDAD Y SALUD EN EL TRABAJO,Posgrado,Especialización universitaria,ESPECIALIZACION PROFESIONAL
ESPECIALIZACIÓN EN GERENCIA EN SEGURIDAD Y SALUD PARA EL TRABAJO,Posgrado,Especialización universitaria,ESPECIALIZACION PROFESIONAL
ESPECIALIZACION EN GERENCIA EN SERVICIOS DE SALUD,Posgrado,Especialización universitaria,ESPECIALIZACION PROFESIONAL
ESPECIALIZACION EN GERENCIA EN SISTEMAS DE SALUD,Posgrado,Especialización universitaria,ESPECIALIZACION PROFESIONAL
ESPECIALIZACIÓN EN GERENCIA EN TRANSFORMACIÓN DIGITAL,Posgrado,Especialización universitaria,ESPECIALIZACION PROFESIONAL
ESPECIALIZACION EN GERENCIA ENERGETICA,Posgrado,Especialización universitaria,ESPECIALIZACION PROFESIONAL
ESPECIALIZACION EN GERENCIA ESTRATEGICA,Posgrado,Especialización universitaria,ESPECIALIZACION PROFESIONAL
ESPECIALIZACIÓN EN GERENCIA ESTRATÉGICA DE ALIMENTOS Y BEBIDAS,Posgrado,Especialización universitaria,ESPECIALIZACION PROFESIONAL
ESPECIALIZACION EN GERENCIA ESTRATEGICA DE CADENAS DE SUMINISTROS INTERNACIONALES,Posgrado,Especialización universitaria,ESPECIALIZACION PROFESIONAL
ESPECIALIZACION EN GERENCIA ESTRATEGICA DE COSTOS,Posgrado,Especialización universitaria,ESPECIALIZACION PROFESIONAL
Especialización en Gerencia Estratégica de Empresas Innovadoras,Posgrado,Especialización universitaria,ESPECIALIZACION PROFESIONAL
ESPECIALIZACIÓN EN GERENCIA ESTRATÉGICA DE LA AUDITORÍA INTERNA,Posgrado,Especialización universitaria,ESPECIALIZACION PROFESIONAL
ESPECIALIZACIÓN EN GERENCIA ESTRATEGICA DE LA CALIDAD.,Posgrado,Especialización universitaria,ESPECIALIZACION PROFESIONAL
ESPECIALIZACION EN GERENCIA ESTRATÉGICA DE LA INNOVACIÓN,Posgrado,Especialización universitaria,ESPECIALIZACION PROFESIONAL
Especialización en Gerencia Estratégica de las Operaciones,Posgrado,Especialización universitaria,ESPECIALIZACION PROFESIONAL
ESPECIALIZACIÓN EN GERENCIA ESTRATÉGICA DE MARCA,Posgrado,Especialización universitaria,ESPECIALIZACION PROFESIONAL
ESPECIALIZACIÓN EN GERENCIA ESTRATÉGICA DE MARKETING,Posgrado,Especialización universitaria,ESPECIALIZACION PROFESIONAL
ESPECIALIZACION EN GERENCIA ESTRATEGICA DE MERCADEO,Posgrado,Especialización universitaria,ESPECIALIZACION PROFESIONAL
ESPECIALIZACION EN GERENCIA ESTRATEGICA DE NEGOCIOS,Posgrado,Especialización universitaria,ESPECIALIZACION PROFESIONAL
ESPECIALIZACION EN GERENCIA ESTRATÉGICA DE PROYECTOS,Posgrado,Especialización universitaria,ESPECIALIZACION PROFESIONAL
ESPECIALIZACIÓN EN GERENCIA ESTRATÉGICA DE RECURSOS HUMANOS,Posgrado,Especialización universitaria,ESPECIALIZACION PROFESIONAL
ESPECIALIZACION EN GERENCIA ESTRATEGICA DE TECNOLOGÍA INFORMÁTICA,Posgrado,Especialización universitaria,ESPECIALIZACION PROFESIONAL
ESPECIALIZACIÓN EN GERENCIA ESTRATÉGICA DEL DISEÑO,Posgrado,Especialización universitaria,ESPECIALIZACION PROFESIONAL
ESPECIALIZACION EN GERENCIA ESTRATEGICA DEL TALENTO HUMANO,Posgrado,Especialización universitaria,ESPECIALIZACION PROFESIONAL
Especialización en Gerencia Estratégica del Talento Humano y People Analytics,Posgrado,Especialización universitaria,ESPECIALIZACION PROFESIONAL
ESPECIALIZACIÓN EN GERENCIA ESTRATÉGICA E INGENIERÍA DE NEGOCIOS,Posgrado,Especialización universitaria,ESPECIALIZACION PROFESIONAL
ESPECIALIZACIÓN EN GERENCIA ESTRATÉGICA PARA EL SISTEMA DE MODA,Posgrado,Especialización universitaria,ESPECIALIZACION PROFESIONAL
ESPECIALIZACIÓN EN GERENCIA ESTRATÉGICA PARA MODELOS INNOVADORES DE ALOJAMIENTO,Posgrado,Especialización universitaria,ESPECIALIZACION PROFESIONAL
ESPECIALIZACION EN GERENCIA  FINANCIERA,Posgrado,Especialización universitaria,ESPECIALIZACION PROFESIONAL
ESPECIALIZACIÓN EN GERENCIA FINANCIERA APLICADA AL MERCADO DE CAPITALES,Posgrado,Especialización universitaria,ESPECIALIZACION PROFESIONAL
ESPECIALIZACION EN GERENCIA FINANCIERA DE SERVICIOS DE SALUD,Posgrado,Especialización universitaria,ESPECIALIZACION PROFESIONAL
ESPECIALIZACION EN GERENCIA FINANCIERA INTERNACIONAL,Posgrado,Especialización universitaria,ESPECIALIZACION PROFESIONAL
ESPECIALIZACION EN GERENCIA FINANCIERA SISTEMATIZADA,Posgrado,Especialización universitaria,ESPECIALIZACION PROFESIONAL
Especialización en Gerencia Financiera y Contable,Posgrado,Especialización universitaria,ESPECIALIZACION PROFESIONAL
Especialización en Gerencia Financiera y Negocios Digitales,Posgrado,Especialización universitaria,ESPECIALIZACION PROFESIONAL
Especialización en Gerencia Financiera y Portafolios de Inversión,Posgrado,Especialización universitaria,ESPECIALIZACION PROFESIONAL
ESPECIALIZACION EN GERENCIA HOSPITALARIA,Posgrado,Especialización universitaria,ESPECIALIZACION PROFESIONAL
ESPECIALIZACION EN GERENCIA INTEGRAL,Posgrado,Especialización universitaria,ESPECIALIZACION PROFESIONAL
ESPECIALIZACION EN GERENCIA INTEGRAL DE LA CALIDAD,Posgrado,Especialización universitaria,ESPECIALIZACION PROFESIONAL
"ESPECIALIZACIÓN EN GERENCIA INTEGRAL DE LOS SISTEMAS DE LA CALIDAD, LOS RIESGOS LABORALES Y EL MEDIO AMBIENTE",Posgrado,Especialización universitaria,ESPECIALIZACION PROFESIONAL
ESPECIALIZACION EN GERENCIA INTEGRAL DE OBRAS,Posgrado,Especialización universitaria,ESPECIALIZACION PROFESIONAL
ESPECIALIZACION EN GERENCIA INTEGRAL DE PROYECTOS,Posgrado,Especialización universitaria,ESPECIALIZACION PROFESIONAL
ESPECIALIZACION EN GERENCIA INTEGRAL DE SERVICIOS DE SALUD,Posgrado,Especialización universitaria,ESPECIALIZACION PROFESIONAL
ESPECIALIZACIÓN EN GERENCIA INTEGRAL DEL MANTENIMIENTO Y CONFIABILIDAD,Posgrado,Especialización universitaria,ESPECIALIZACION PROFESIONAL
"ESPECIALIZACIÓN EN GERENCIA INTEGRAL DEL RIESGO, SEGURIDAD Y SALUD EN EL TRABAJO",Posgrado,Especialización universitaria,ESPECIALIZACION PROFESIONAL
ESPECIALIZACIÓN EN GERENCIA INTEGRAL EN SISTEMAS DE GESTIÓN DE CALIDAD,Posgrado,Especialización universitaria,ESPECIALIZACION PROFESIONAL
ESPECIALIZACION EN GERENCIA LOGISTICA,Posgrado,Especialización universitaria,ESPECIALIZACION PROFESIONAL
ESPECIALIZACION EN GERENCIA LOGISTICA COMERCIAL NACIONAL E INTERNACIONAL,Posgrado,Especialización universitaria,ESPECIALIZACION PROFESIONAL
ESPECIALIZACIÓN EN GERENCIA LOGÍSTICA DE COMERCIO INTERNACIONAL,Posgrado,Especialización universitaria,ESPECIALIZACION PROFESIONAL
ESPECIALIZACIÓN EN GERENCIA LOGÍSTICA DE LA DISTRIBUCIÓN FÍSICA INTERNACIONAL,Posgrado,Especialización universitaria,ESPECIALIZACION PROFESIONAL
Especialización en Gerencia Logística Global y Digital,Posgrado,Especialización universitaria,ESPECIALIZACION PROFESIONAL
ESPECIALIZACION EN GERENCIA LOGISTICA INTEGRAL,Posgrado,Especialización universitaria,ESPECIALIZACION PROFESIONAL
ESPECIALIZACION EN GERENCIA LOGÍSTICA INTERNACIONAL,Posgrado,Especialización universitaria,ESPECIALIZACION PROFESIONAL
ESPECIALIZACIÓN EN GERENCIA LOGISTICA Y CADENAS DE SUMINISTRO,Posgrado,Especialización universitaria,ESPECIALIZACION PROFESIONAL
ESPECIALIZACIÓN EN GERENCIA LOGÍSTICA Y DE COMERCIO INTERNACIONAL,Posgrado,Especialización universitaria,ESPECIALIZACION PROFESIONAL
ESPECIALIZACION EN GERENCIA LOGISTICA Y NEGOCIOS INTERNACIONALES,Posgrado,Especialización universitaria,ESPECIALIZACION PROFESIONAL
Especialización en Gerencia para el Desarrollo del Talento,Posgrado,Especialización universitaria,ESPECIALIZACION PROFESIONAL
ESPECIALIZACIÓN EN GERENCIA PARA EL DESARROLLO HUMANO EN LAS ORGANIZACIONES,Posgrado,Especialización universitaria,ESPECIALIZACION PROFESIONAL
ESPECIALIZACION EN GERENCIA PARA EL DESARROLLO ORGANIZACIONAL,Posgrado,Especialización universitaria,ESPECIALIZACION PROFESIONAL
ESPECIALIZACION EN GERENCIA PARA INGENIEROS,Posgrado,Especialización universitaria,ESPECIALIZACION PROFESIONAL
ESPECIALIZACIÓN EN GERENCIA PARA LA TRANSFORMACIÓN DIGITAL,Posgrado,Especialización universitaria,ESPECIALIZACION PROFESIONAL
Especialización En Gerencia Para La Transición Energética,Posgrado,Especialización universitaria,ESPECIALIZACION PROFESIONAL
ESPECIALIZACIÓN EN GERENCIA PROSPECTIVA Y ESTRATÉGICA,Posgrado,Especialización universitaria,ESPECIALIZACION PROFESIONAL
ESPECIALIZACION EN GERENCIA PUBLICA,Posgrado,Especialización universitaria,ESPECIALIZACION PROFESIONAL
ESPECIALIZACION EN GERENCIA PUBLICA Y CONTROL FISCAL,Posgrado,Especialización universitaria,ESPECIALIZACION PROFESIONAL
ESPECIALIZACION EN GERENCIA SOCIAL,Posgrado,Especialización universitaria,ESPECIALIZACION PROFESIONAL
ESPECIALIZACIÓN EN GERENCIA SOSTENIBLE DEL TALENTO HUMANO,Posgrado,Especialización universitaria,ESPECIALIZACION PROFESIONAL
ESPECIALIZACION EN GERENCIA TRIBUTARIA,Posgrado,Especialización universitaria,ESPECIALIZACION PROFESIONAL
ESPECIALIZACION EN GERENCIA TRIBUTARIA Y AUDITORIA DE IMPUESTOS,Posgrado,Especialización universitaria,ESPECIALIZACION PROFESIONAL
ESPECIALIZACIÓN EN GERENCIA TURÍSTICA,Posgrado,Especialización universitaria,ESPECIALIZACION PROFESIONAL
ESPECIALIZACION EN GERENCIA Y ADMINISTRACION FINANCIERA,Posgrado,Especialización universitaria,ESPECIALIZACION PROFESIONAL
ESPECIALIZACION EN GERENCIA Y ADMINISTRACION TRIBUTARIA,Posgrado,Especialización universitaria,ESPECIALIZACION PROFESIONAL
Especialización en Gerencia y Arquitectura Empresarial de Sistemas TI,Posgrado,Especialización universitaria,ESPECIALIZACION PROFESIONAL
ESPECIALIZACION EN GERENCIA Y AUDITORIA DE LA CALIDAD EN SALUD,Posgrado,Especialización universitaria,ESPECIALIZACION PROFESIONAL
Especialización en Gerencia y Auditoría Tributaria,Posgrado,Especialización universitaria,ESPECIALIZACION PROFESIONAL
ESPECIALIZACIÓN EN GERENCIA Y DESARROLLO DE OPERACIONES PÚBLICO Y PRIVADA DE ALIMENTOS,Posgrado,Especialización universitaria,ESPECIALIZACION PROFESIONAL
ESPECIALIZACION EN GERENCIA Y DIRECCION DE OBRAS,Posgrado,Especialización universitaria,ESPECIALIZACION PROFESIONAL
ESPECIALIZACIÓN EN GERENCIA Y EVALUACIÓN DE PROYECTOS,Posgrado,Especialización universitaria,ESPECIALIZACION PROFESIONAL
ESPECIALIZACIÓN EN GERENCIA Y GESTIÓN CULTURAL,Posgrado,Especialización universitaria,ESPECIALIZACION PROFESIONAL
ESPECIALIZACION EN GERENCIA Y GESTION DE SERVICIOS DE SALUD,Posgrado,Especialización universitaria,ESPECIALIZACION PROFESIONAL
ESPECIALIZACION EN GERENCIA Y MERCADEO,Posgrado,Especialización universitaria,ESPECIALIZACION PROFESIONAL
ESPECIALIZACIÓN EN GERENCIA Y NEGOCIOS DIGITALES,Posgrado,Especialización universitaria,ESPECIALIZACION PROFESIONAL
Especialización en Gerencia y Protección de Sistemas de Información Empresarial,Posgrado,Especialización universitaria,ESPECIALIZACION PROFESIONAL
ESPECIALIZACION EN GERIATRIA,Posgrado,Especialización médico quirúrgica,ESPECIALIZACION PROFESIONAL
ESPECIALIZACION EN GESTION ADMINISTRATIVA Y FINANCIERA EN SALUD,Posgrado,Especialización universitaria,ESPECIALIZACION PROFESIONAL
Especialización en Gestión Aeronáutica,Posgrado,Especialización universitaria,ESPECIALIZACION PROFESIONAL
Especialización en Gestión Agroindustrial,Posgrado,Especialización universitaria,ESPECIALIZACION PROFESIONAL
ESPECIALIZACION EN GESTION AMBIENTAL,Posgrado,Especialización universitaria,ESPECIALIZACION PROFESIONAL
ESPECIALIZACIÓN EN GESTIÓN AMBIENTAL DE ZONAS COSTERAS,Posgrado,Especialización universitaria,ESPECIALIZACION PROFESIONAL
ESPECIALIZACION EN GESTIÓN AMBIENTAL EMPRESARIAL,Posgrado,Especialización universitaria,ESPECIALIZACION PROFESIONAL
ESPECIALIZACIÓN EN GESTIÓN AMBIENTAL EN LA INDUSTRIA MINERA Y PETROLERA,Posgrado,Especialización universitaria,ESPECIALIZACION PROFESIONAL
ESPECIALIZACIÓN EN GESTIÓN AMBIENTAL LOCAL,Posgrado,Especialización universitaria,ESPECIALIZACION PROFESIONAL
Especialización en Gestión Ambiental para el Desarrollo Sostenible,Posgrado,Especialización universitaria,ESPECIALIZACION PROFESIONAL
Especialización en Gestión Ambiental para el Desarrollo Territorial Sostenible,Posgrado,Especialización universitaria,ESPECIALIZACION PROFESIONAL
ESPECIALIZACION EN GESTION AMBIENTAL SOSTENIBLE,Posgrado,Especialización universitaria,ESPECIALIZACION PROFESIONAL
ESPECIALIZACION EN GESTION AMBIENTAL URBANA,Posgrado,Especialización universitaria,ESPECIALIZACION PROFESIONAL
Especialización en Gestión Ambiental y Desarrollo  Territorial,Posgrado,Especialización universitaria,ESPECIALIZACION PROFESIONAL
Especialización en Gestión Ambiental y Energética,Posgrado,Especialización universitaria,ESPECIALIZACION PROFESIONAL
ESPECIALIZACION EN GESTION AMBIENTAL Y EVALUACION DEL IMPACTO AMBIENTAL,Posgrado,Especialización universitaria,ESPECIALIZACION PROFESIONAL
ESPECIALIZACIÓN EN GESTIÓN AMBIENTAL Y PRODUCCIÓN MÁS LIMPIA,Posgrado,Especialización universitaria,ESPECIALIZACION PROFESIONAL
ESPECIALIZACIÓN EN GESTIÓN ANTICORRUPCIÓN,Posgrado,Especialización universitaria,ESPECIALIZACION PROFESIONAL
ESPECIALIZACIÓN EN GESTIÓN ASOCIADA: ESCENARIOS PARTICIPATIVOS PARA EL DESARROLLO LOCAL,Posgrado,Especialización universitaria,ESPECIALIZACION PROFESIONAL
ESPECIALIZACIÓN EN GESTIÓN AVANZADA DEL RIESGO DE DESASTRES,Posgrado,Especialización universitaria,ESPECIALIZACION PROFESIONAL
ESPECIALIZACIÓN EN GESTIÓN CULTURAL,Posgrado,Especialización universitaria,ESPECIALIZACION PROFESIONAL
ESPECIALIZACIÓN EN GESTIÓN CULTURAL CON ÉNFASIS EN PLANEACION Y POLÍTICAS CULTURALES,Posgrado,Especialización universitaria,ESPECIALIZACION PROFESIONAL
Especialización en Gestión Cultural Sostenible,Posgrado,Especialización universitaria,ESPECIALIZACION PROFESIONAL
ESPECIALIZACIÓN EN GESTIÓN CULTURAL Y CREATIVA,Posgrado,Especialización universitaria,ESPECIALIZACION PROFESIONAL
ESPECIALIZACIÓN EN GESTION DE ACTIVOS,Posgrado,Especialización universitaria,ESPECIALIZACION PROFESIONAL
Especialización en Gestión de Activos y de Mantenimiento,Posgrado,Especialización universitaria,ESPECIALIZACION PROFESIONAL
ESPECIALIZACIÓN EN GESTIÓN DE AGRONEGOCIOS,Posgrado,Especialización universitaria,ESPECIALIZACION PROFESIONAL
ESPECIALIZACIÓN EN GESTIÓN DE BASES DE DATOS,Posgrado,Especialización universitaria,ESPECIALIZACION PROFESIONAL
ESPECIALIZACIÓN EN GESTIÓN DE CENTROS SOCIALES,Posgrado,Especialización universitaria,ESPECIALIZACION PROFESIONAL
ESPECIALIZACIÓN  EN GESTIÓN DE CIUDAD Y TERRITORIO,Posgrado,Especialización universitaria,ESPECIALIZACION PROFESIONAL
ESPECIALIZACIÓN EN GESTIÓN DE CONTENIDOS DIGITALES,Posgrado,Especialización universitaria,ESPECIALIZACION PROFESIONAL
ESPECIALIZACION EN GESTION DE DESARROLLO ADMINISTRATIVO,Posgrado,Especialización universitaria,ESPECIALIZACION PROFESIONAL
Especialización en Gestión de Destinos Turísticos,Posgrado,Especialización universitaria,ESPECIALIZACION PROFESIONAL
Especialización en Gestión de Destinos Turísticos Innovadores,Posgrado,Especialización universitaria,ESPECIALIZACION PROFESIONAL
ESPECIALIZACIÓN EN GESTIÓN DE E-COMMERCE Y MARKETING DIGITAL,Posgrado,Especialización universitaria,ESPECIALIZACION PROFESIONAL
ESPECIALIZACION EN GESTION DE EMPRESAS DE LA ECONOMIA SOCIAL Y SOLIDARIA,Posgrado,Especialización universitaria,ESPECIALIZACION PROFESIONAL
ESPECIALIZACION EN GESTION DE EMPRESAS DEL SECTOR SOLIDARIO,Posgrado,Especialización universitaria,ESPECIALIZACION PROFESIONAL
"Especialización en Gestión de Escenarios Deportivos, Recreativos y de Actividad Física",Posgrado,Especialización universitaria,ESPECIALIZACION PROFESIONAL
ESPECIALIZACIÓN EN GESTIÓN DE ESTÁNDARES INTERNACIONALES DE INFORMACIÓN FINANCIERA,Posgrado,Especialización universitaria,ESPECIALIZACION PROFESIONAL
Especialización en Gestión de Industrias Artísticas,Posgrado,Especialización universitaria,ESPECIALIZACION PROFESIONAL
ESPECIALIZACIÓN EN GESTIÓN DE INFRAESTRUCTURA TECNOLÓGICA,Posgrado,Especialización universitaria,ESPECIALIZACION PROFESIONAL
Especialización en Gestión de Infraestructura Tecnológica y de Comunicaciones,Posgrado,Especialización universitaria,ESPECIALIZACION PROFESIONAL
Especialización en Gestión de Instituciones Educativas,Posgrado,Especialización universitaria,ESPECIALIZACION PROFESIONAL
ESPECIALIZACIÓN EN GESTIÓN DE INTEGRIDAD Y CORROSIÓN,Posgrado,Especialización universitaria,ESPECIALIZACION PROFESIONAL
ESPECIALIZACIÓN EN GESTIÓN DE LA CADENA DE SUMINISTROS Y LOGÍSTICA,Posgrado,Especialización universitaria,ESPECIALIZACION PROFESIONAL
ESPECIALIZACION EN GESTION DE LA CALIDAD,Posgrado,Especialización universitaria,ESPECIALIZACION PROFESIONAL
ESPECIALIZACIÓN EN GESTIÓN DE LA CALIDAD EN ÁREAS QUIRÚRGICAS Y CENTRALES DE ESTERILIZACIÓN,Posgrado,Especialización universitaria,ESPECIALIZACION PROFESIONAL
"Especialización en GEstión de la Calidad en Laboratorios Clínicos, de Ensayo y de Calibración",Posgrado,Especialización universitaria,ESPECIALIZACION PROFESIONAL
Especialización en Gestión de la Calidad y Auditoria de Servicios de Salud,Posgrado,Especialización universitaria,ESPECIALIZACION PROFESIONAL
ESPECIALIZACION EN GESTION DE LA CALIDAD Y AUDITORIA EN SALUD,Posgrado,Especialización universitaria,ESPECIALIZACION PROFESIONAL
ESPECIALIZACION EN GESTION DE LA CALIDAD Y NORMALIZACION TECNICA,Posgrado,Especialización universitaria,ESPECIALIZACION PROFESIONAL
ESPECIALIZACIÓN EN GESTIÓN DE LA CIBERSEGURIDAD,Posgrado,Especialización universitaria,ESPECIALIZACION PROFESIONAL
ESPECIALIZACIÓN EN GESTIÓN DE LA COMUNICACIÓN DEPORTIVA,Posgrado,Especialización universitaria,ESPECIALIZACION PROFESIONAL
Especialización en Gestión de la Comunicación en las Organizaciones,Posgrado,Especialización universitaria,ESPECIALIZACION PROFESIONAL
ESPECIALIZACION EN GESTION DE LA CONSTRUCCION,Posgrado,Especialización universitaria,ESPECIALIZACION PROFESIONAL
ESPECIALIZACIÓN EN GESTIÓN DE LA CONSTRUCCIÓN SOSTENIBLE,Posgrado,Especialización universitaria,ESPECIALIZACION PROFESIONAL
ESPECIALIZACION EN GESTION DE LA INNOVACION,Posgrado,Especialización universitaria,ESPECIALIZACION PROFESIONAL
ESPECIALIZACIÓN EN GESTIÓN DE LA INNOVACIÓN DEL SISTEMA MODA,Posgrado,Especialización universitaria,ESPECIALIZACION PROFESIONAL
ESPECIALIZACION EN GESTION DE LA INNOVACION ORGANIZACIONAL,Posgrado,Especialización universitaria,ESPECIALIZACION PROFESIONAL
ESPECIALIZACION EN GESTION DE LA INNOVACION TECNOLOGICA,Posgrado,Especialización universitaria,ESPECIALIZACION PROFESIONAL
ESPECIALIZACION EN GESTIÓN DE LA INVESTIGACIÓN,Posgrado,Especialización universitaria,ESPECIALIZACION PROFESIONAL
ESPECIALIZACIÓN EN GESTIÓN DE LA LOGÍSTICA INTERNACIONAL,Posgrado,Especialización universitaria,ESPECIALIZACION PROFESIONAL
Especialización en Gestión de la Producción Sostenible,Posgrado,Especialización universitaria,ESPECIALIZACION PROFESIONAL
ESPECIALIZACIÓN EN GESTIÓN DE LA PRODUCTIVIDAD Y MEJORAMIENTO CONTINUO,Posgrado,Especialización universitaria,ESPECIALIZACION PROFESIONAL
ESPECIALIZACIÓN EN GESTIÓN DE LA RESPONSABILIDAD SOCIAL EMPRESARIAL,Posgrado,Especialización universitaria,ESPECIALIZACION PROFESIONAL
Especialización en Gestión de la Salud Mental,Posgrado,Especialización universitaria,ESPECIALIZACION PROFESIONAL
ESPECIALIZACION EN GESTION DE LA SALUD PUBLICA,Posgrado,Especialización universitaria,ESPECIALIZACION PROFESIONAL
Especialización en Gestión de la Seguridad del Paciente y Auditoría de Calidad en Salud,Posgrado,Especialización universitaria,ESPECIALIZACION PROFESIONAL
ESPECIALIZACIÓN EN GESTIÓN DE LA SEGURIDAD Y LA SALUD EN EL TRABAJO,Posgrado,Especialización universitaria,ESPECIALIZACION PROFESIONAL
ESPECIALIZACION EN GESTION DE LA SEGURIDAD Y SALUD EN EL TRABAJO,Posgrado,Especialización universitaria,ESPECIALIZACION PROFESIONAL
ESPECIALIZACIÓN EN GESTIÓN DE LA SOSTENIBILIDAD,Posgrado,Especialización universitaria,ESPECIALIZACION PROFESIONAL
ESPECIALIZACIÓN EN GESTIÓN DE LAS ARTES Y LA CULTURA,Posgrado,Especialización universitaria,ESPECIALIZACION PROFESIONAL
ESPECIALIZACIÓN EN GESTIÓN DE MANTENIMIENTO INDUSTRIAL,Posgrado,Especialización universitaria,ESPECIALIZACION PROFESIONAL
Especialización en Gestión de Negocios Digitales,Posgrado,Especialización universitaria,ESPECIALIZACION PROFESIONAL
ESPECIALIZACION EN GESTION DE NEGOCIOS INTERNACIONALES,Posgrado,Especialización universitaria,ESPECIALIZACION PROFESIONAL
ESPECIALIZACIÓN EN GESTIÓN DE NORMAS INTERNACIONALES DE INFORMACIÓN FINANCIERA,Posgrado,Especialización universitaria,ESPECIALIZACION PROFESIONAL
Especialización en Gestión de Nuevas Tecnologías de Telecomunicaciones,Posgrado,Especialización universitaria,ESPECIALIZACION PROFESIONAL
ESPECIALIZACIÓN EN GESTIÓN DE OPERACIONES PORTUARIAS,Posgrado,Especialización universitaria,ESPECIALIZACION PROFESIONAL
ESPECIALIZACIÓN EN GESTIÓN DE OPERACIONES Y LOGÍSTICA,Posgrado,Especialización universitaria,ESPECIALIZACION PROFESIONAL
ESPECIALIZACION EN GESTION DE PORTAFOLIOS DE INVERSION Y VALORACION DE EMPRESAS,Posgrado,Especialización universitaria,ESPECIALIZACION PROFESIONAL
Especialización en Gestión de Procesos Logísticos y Redes de Valor,Posgrado,Especialización universitaria,ESPECIALIZACION PROFESIONAL
ESPECIALIZACION EN GESTION DE PROCESOS PRODUCTIVOS Y DE SERVICIOS,Posgrado,Especialización universitaria,ESPECIALIZACION PROFESIONAL
ESPECIALIZACIÓN EN GESTION DE PROCESOS PSICOSOCIALES,Posgrado,Especialización universitaria,ESPECIALIZACION PROFESIONAL
ESPECIALIZACION EN GESTION DE PRODUCTIVIDAD Y CALIDAD,Posgrado,Especialización universitaria,ESPECIALIZACION PROFESIONAL
ESPECIALIZACIÓN EN GESTIÓN DE PROYECTOS,Posgrado,Especialización universitaria,ESPECIALIZACION PROFESIONAL
ESPECIALIZACIÓN EN GESTIÓN DE PROYECTOS CULTURALES,Posgrado,Especialización universitaria,ESPECIALIZACION PROFESIONAL
Especialización en Gestión de Proyectos de Cooperación Internacional,Posgrado,Especialización universitaria,ESPECIALIZACION PROFESIONAL
ESPECIALIZACIÓN EN GESTIÓN DE PROYECTOS DE DESARROLLO,Posgrado,Especialización universitaria,ESPECIALIZACION PROFESIONAL
ESPECIALIZACION EN GESTION DE PROYECTOS DE INGENIERIA,Posgrado,Especialización universitaria,ESPECIALIZACION PROFESIONAL
ESPECIALIZACION EN GESTION DE PROYECTOS DE INVERSION,Posgrado,Especialización universitaria,ESPECIALIZACION PROFESIONAL
Especialización en Gestión de Proyectos de Inversión Pública,Posgrado,Especialización universitaria,ESPECIALIZACION PROFESIONAL
ESPECIALIZACIÓN EN GESTIÓN DE PROYECTOS E INNOVACIÓN,Posgrado,Especialización universitaria,ESPECIALIZACION PROFESIONAL
Especialización en Gestión de Proyectos Estatales,Posgrado,Especialización universitaria,ESPECIALIZACION PROFESIONAL
Especialización en Gestión de Proyectos Estratégicos,Posgrado,Especialización universitaria,ESPECIALIZACION PROFESIONAL
ESPECIALIZACIÓN EN GESTIÓN DE PROYECTOS MINEROS SOSTENIBLES,Posgrado,Especialización universitaria,ESPECIALIZACION PROFESIONAL
ESPECIALIZACIÓN EN GESTIÓN DE PROYECTOS MULTIMEDIALES PARA LA EDUCACIÓN,Posgrado,Especialización universitaria,ESPECIALIZACION PROFESIONAL
ESPECIALIZACIÓN EN GESTIÓN DE PROYECTOS PARA EL CAMBIO CLIMÁTICO,Posgrado,Especialización universitaria,ESPECIALIZACION PROFESIONAL
ESPECIALIZACION EN GESTION DE RECURSO HIDRICO,Posgrado,Especialización universitaria,ESPECIALIZACION PROFESIONAL
ESPECIALIZACIÓN EN GESTIÓN DE REDES DE VALOR Y LOGÍSTICA,Posgrado,Especialización universitaria,ESPECIALIZACION PROFESIONAL
ESPECIALIZACIÓN EN GESTIÓN DE REDES Y DATOS,Posgrado,Especialización universitaria,ESPECIALIZACION PROFESIONAL
ESPECIALIZACIÓN EN GESTIÓN DE RESIDUOS SÓLIDOS,Posgrado,Especialización universitaria,ESPECIALIZACION PROFESIONAL
ESPECIALIZACIÓN EN GESTIÓN DE RIESGOS CLIMÁTICOS,Posgrado,Especialización universitaria,ESPECIALIZACION PROFESIONAL
ESPECIALIZACION EN GESTION DE RIESGOS FINANCIEROS,Posgrado,Especialización universitaria,ESPECIALIZACION PROFESIONAL
ESPECIALIZACIÓN EN GESTIÓN DE SALUD PÚBLICA  Y SEGURIDAD SOCIAL,Posgrado,Especialización universitaria,ESPECIALIZACION PROFESIONAL
ESPECIALIZACIÓN EN GESTIÓN DE SEGURIDAD Y RIESGO INFORMÁTICO,Posgrado,Especialización universitaria,ESPECIALIZACION PROFESIONAL
ESPECIALIZACIÓN EN GESTIÓN DE SERVICIOS DE TECNOLOGÍAS DE INFORMACIÓN,Posgrado,Especialización universitaria,ESPECIALIZACION PROFESIONAL
ESPECIALIZACIÓN EN GESTIÓN DE SERVICIOS DE TECNOLOGÍAS DE LA INFORMACIÓN,Posgrado,Especialización universitaria,ESPECIALIZACION PROFESIONAL
ESPECIALIZACION EN GESTION DE SERVICIOS ODONTOLOGICOS,Posgrado,Especialización universitaria,ESPECIALIZACION PROFESIONAL
ESPECIALIZACIÓN EN GESTIÓN DE SISTEMAS DE INFORMACIÓN GERENCIAL.,Posgrado,Especialización universitaria,ESPECIALIZACION PROFESIONAL
ESPECIALIZACION EN GESTIÓN DE SISTEMAS ELÉCTRICOS DE POTENCIA,Posgrado,Especialización universitaria,ESPECIALIZACION PROFESIONAL
ESPECIALIZACIÓN EN GESTIÓN DE SISTEMAS ENERGÉTICOS INDUSTRIALES,Posgrado,Especialización universitaria,ESPECIALIZACION PROFESIONAL
ESPECIALIZACIÓN EN GESTIÓN DE SISTEMAS Y TECNOLOGÍAS DE LA INFORMACIÓN EN LA EMPRESA,Posgrado,Especialización universitaria,ESPECIALIZACION PROFESIONAL
ESPECIALIZACION EN GESTION DE SOFTWARE,Posgrado,Especialización universitaria,ESPECIALIZACION PROFESIONAL
ESPECIALIZACIÓN EN GESTIÓN DE TECNOLOGÍAS DE INFORMACIÓN,Posgrado,Especialización universitaria,ESPECIALIZACION PROFESIONAL
ESPECIALIZACION EN GESTION DE TECNOLOGIAS DE LA INFORMACION,Posgrado,Especialización universitaria,ESPECIALIZACION PROFESIONAL
Especialización en Gestión de Tecnologías Disruptivas en los Negocios,Posgrado,Especialización universitaria,ESPECIALIZACION PROFESIONAL
ESPECIALIZACIÓN EN GESTIÓN DE TIC,Posgrado,Especialización universitaria,ESPECIALIZACION PROFESIONAL
ESPECIALIZACIÓN EN GESTIÓN DE TURISMO SOSTENIBLE,Posgrado,Especialización universitaria,ESPECIALIZACION PROFESIONAL
Especialización en Gestión del Aprendizaje Digital,Posgrado,Especialización universitaria,ESPECIALIZACION PROFESIONAL
ESPECIALIZACIÓN EN GESTIÓN DEL BIENESTAR PSICOSOCIAL,Posgrado,Especialización universitaria,ESPECIALIZACION PROFESIONAL
Especialización en Gestión del Conocimiento Organizacional,Posgrado,Especialización universitaria,ESPECIALIZACION PROFESIONAL
ESPECIALIZACIÓN EN GESTIÓN DEL CONSUMO DE LA ENERGÍA ELÉCTRICA,Posgrado,Especialización universitaria,ESPECIALIZACION PROFESIONAL
Especialización en Gestión del Control Fiscal,Posgrado,Especialización universitaria,ESPECIALIZACION PROFESIONAL
Especialización en Gestión del Derecho Digital,Posgrado,Especialización universitaria,ESPECIALIZACION PROFESIONAL
ESPECIALIZACION EN GESTION DEL DESARROLLO HUMANO Y BIENESTAR SOCIAL EMPRESARIAL,Posgrado,Especialización universitaria,ESPECIALIZACION PROFESIONAL
ESPECIALIZACIÓN EN GESTIÓN DEL DESARROLLO TERRITORIAL,Posgrado,Especialización universitaria,ESPECIALIZACION PROFESIONAL
ESPECIALIZACION EN GESTION DEL DESARROLLO Y CAMBIO ORGANIZACIONAL,Posgrado,Especialización universitaria,ESPECIALIZACION PROFESIONAL
ESPECIALIZACIÓN EN GESTIÓN DEL MANTENIMIENTO INDUSTRIAL,Posgrado,Especialización universitaria,ESPECIALIZACION PROFESIONAL
ESPECIALIZACIÓN EN GESTIÓN DEL NEGOCIO MINERO,Posgrado,Especialización universitaria,ESPECIALIZACION PROFESIONAL
ESPECIALIZACIÓN EN GESTIÓN DEL PATRIMONIO CULTURAL,Posgrado,Especialización universitaria,ESPECIALIZACION PROFESIONAL
ESPECIALIZACIÓN EN GESTIÓN DEL RIESGO DE DESASTRES,Posgrado,Especialización universitaria,ESPECIALIZACION PROFESIONAL
ESPECIALIZACIÓN EN GESTIÓN DEL RIESGO DE DESASTRES INTEGRADA A LA PLANIFICACIÓN TERRITORIAL,Posgrado,Especialización universitaria,ESPECIALIZACION PROFESIONAL
ESPECIALIZACION EN GESTIÓN DEL RIESGO DE EMERGENCIAS Y DESASTRES,Posgrado,Especialización universitaria,ESPECIALIZACION PROFESIONAL
ESPECIALIZACIÓN EN GESTIÓN DEL TALENTO HUMANO,Posgrado,Especialización universitaria,ESPECIALIZACION PROFESIONAL
ESPECIALIZACION EN GESTION DEL TALENTO HUMANO Y LA PRODUCTIVIDAD,Posgrado,Especialización universitaria,ESPECIALIZACION PROFESIONAL
ESPECIALIZACIÓN EN GESTIÓN DEL TURISMO,Posgrado,Especialización universitaria,ESPECIALIZACION PROFESIONAL
ESPECIALIZACIÓN EN GESTIÓN DEL TURISMO SOSTENIBLE,Posgrado,Especialización universitaria,ESPECIALIZACION PROFESIONAL
ESPECIALIZACIÓN EN GESTIÓN DIGITAL EMPRESARIAL,Posgrado,Especialización universitaria,ESPECIALIZACION PROFESIONAL
ESPECIALIZACIÓN EN GESTIÓN EDUCATIVA,Posgrado,Especialización universitaria,ESPECIALIZACION PROFESIONAL
ESPECIALIZACIÓN EN GESTIÓN EDUCATIVA Y CURRICULAR,Posgrado,Especialización universitaria,ESPECIALIZACION PROFESIONAL
ESPECIALIZACION EN GESTION EFICIENTE DE ENERGIA,Posgrado,Especialización universitaria,ESPECIALIZACION PROFESIONAL
ESPECIALIZACION EN GESTION EMPRESARIAL,Posgrado,Especialización universitaria,ESPECIALIZACION PROFESIONAL
ESPECIALIZACION EN GESTION EMPRESARIAL PARA LA ARQUITECTURA,Posgrado,Especialización universitaria,ESPECIALIZACION PROFESIONAL
ESPECIALIZACIÓN EN GESTIÓN ENERGÉTICA Y AMBIENTAL,Posgrado,Especialización universitaria,ESPECIALIZACION PROFESIONAL
ESPECIALIZACIÓN EN GESTIÓN ESTRATÉGICA DE BRANDING,Posgrado,Especialización universitaria,ESPECIALIZACION PROFESIONAL
ESPECIALIZACION EN GESTION ESTRATEGICA DE LA COMUNICACION,Posgrado,Especialización universitaria,ESPECIALIZACION PROFESIONAL
ESPECIALIZACIÓN EN GESTIÓN ESTRATÉGICA DE LA INNOVACIÓN,Posgrado,Especialización universitaria,ESPECIALIZACION PROFESIONAL
ESPECIALIZACION EN GESTION ESTRATEGICA DE MERCADEO,Posgrado,Especialización universitaria,ESPECIALIZACION PROFESIONAL
ESPECIALIZACIÓN EN GESTIÓN ESTRATÉGICA DE PROYECTOS,Posgrado,Especialización universitaria,ESPECIALIZACION PROFESIONAL
ESPECIALIZACIÓN EN GESTIÓN ESTRATÉGICA DEL TALENTO HUMANO,Posgrado,Especialización universitaria,ESPECIALIZACION PROFESIONAL
Especialización en Gestión Estratégica del Turismo,Posgrado,Especialización universitaria,ESPECIALIZACION PROFESIONAL
ESPECIALIZACIÓN EN GESTIÓN ESTRATÉGICA EMPRESARIAL,Posgrado,Especialización universitaria,ESPECIALIZACION PROFESIONAL
ESPECIALIZACIÓN EN GESTIÓN FAMILIAR,Posgrado,Especialización universitaria,ESPECIALIZACION PROFESIONAL
ESPECIALIZACION EN GESTION FINANCIERA,Posgrado,Especialización universitaria,ESPECIALIZACION PROFESIONAL
ESPECIALIZACION EN GESTION FINANCIERA EMPRESARIAL,Posgrado,Especialización universitaria,ESPECIALIZACION PROFESIONAL
ESPECIALIZACION EN GESTION FISCAL Y CONTABILIDAD PUBLICA,Posgrado,Especialización universitaria,ESPECIALIZACION PROFESIONAL
ESPECIALIZACION EN GESTION GERENCIAL,Posgrado,Especialización universitaria,ESPECIALIZACION PROFESIONAL
ESPECIALIZACION EN GESTION HUMANA,Posgrado,Especialización universitaria,ESPECIALIZACION PROFESIONAL
ESPECIALIZACION EN GESTION HUMANA DE LAS ORGANIZACIONES,Posgrado,Especialización universitaria,ESPECIALIZACION PROFESIONAL
ESPECIALIZACIÓN EN GESTIÓN HUMANA Y DESARROLLO ORGANIZACIONAL,Posgrado,Especialización universitaria,ESPECIALIZACION PROFESIONAL
ESPECIALIZACION EN GESTION INMOBILIARIA,Posgrado,Especialización universitaria,ESPECIALIZACION PROFESIONAL
"ESPECIALIZACIÓN EN GESTIÓN INTEGRADA DE LA SEGURIDAD Y SALUD EN EL TRABAJO, CALIDAD Y MEDIO AMBIENTE",Posgrado,Especialización universitaria,ESPECIALIZACION PROFESIONAL
ESPECIALIZACIÓN EN GESTIÓN INTEGRADA DEL RECURSO HÍDRICO,Posgrado,Especialización universitaria,ESPECIALIZACION PROFESIONAL
ESPECIALIZACION EN GESTION INTEGRADA QHSE,Posgrado,Especialización universitaria,ESPECIALIZACION PROFESIONAL
ESPECIALIZACION EN GESTION INTEGRAL AMBIENTAL,Posgrado,Especialización universitaria,ESPECIALIZACION PROFESIONAL
ESPECIALIZACION EN GESTION INTEGRAL DE CUENCAS HIDROGRAFICAS,Posgrado,Especialización universitaria,ESPECIALIZACION PROFESIONAL
ESPECIALIZACIÓN EN GESTIÓN INTEGRAL DE EVENTOS,Posgrado,Especialización universitaria,ESPECIALIZACION PROFESIONAL
ESPECIALIZACION EN GESTIÓN INTEGRAL DE LA CALIDAD,Posgrado,Especialización universitaria,ESPECIALIZACION PROFESIONAL
ESPECIALIZACION EN GESTIÓN INTEGRAL DE PROYECTOS,Posgrado,Especialización universitaria,ESPECIALIZACION PROFESIONAL
ESPECIALIZACIÓN EN GESTIÓN INTEGRAL DEL RECURSO HÍDRICO,Posgrado,Especialización universitaria,ESPECIALIZACION PROFESIONAL
ESPECIALIZACION EN GESTION INTEGRAL DEL RIESGO DE DESASTRES,Posgrado,Especialización universitaria,ESPECIALIZACION PROFESIONAL
Especialización en Gestión Integral del Turismo,Posgrado,Especialización universitaria,ESPECIALIZACION PROFESIONAL
ESPECIALIZACIÓN EN GESTIÓN INTEGRAL EN HSEQ,Posgrado,Especialización universitaria,ESPECIALIZACION PROFESIONAL
ESPECIALIZACION EN GESTION LOGISTICA INTEGRAL,Posgrado,Especialización universitaria,ESPECIALIZACION PROFESIONAL
Especialización en Gestión Logística y Cadena de Suministro,Posgrado,Especialización universitaria,ESPECIALIZACION PROFESIONAL
Especialización en Gestión Organizacional,Posgrado,Especialización universitaria,ESPECIALIZACION PROFESIONAL
ESPECIALIZACION EN GESTION PARA EL DESARROLLO EMPRESARIAL,Posgrado,Especialización universitaria,ESPECIALIZACION PROFESIONAL
ESPECIALIZACION EN GESTION PARA EL DESARROLLO HUMANO EN LA ORGANIZACION,Posgrado,Especialización universitaria,ESPECIALIZACION PROFESIONAL
ESPECIALIZACIÓN EN GESTIÓN PARA EL DESARROLLO TERRITORIAL,Posgrado,Especialización universitaria,ESPECIALIZACION PROFESIONAL
ESPECIALIZACIÓN EN GESTION PARA EL EMPRENDIMIENTO EMPRESARIAL,Posgrado,Especialización universitaria,ESPECIALIZACION PROFESIONAL
ESPECIALIZACION EN GESTIÓN PARA EL TELETRABAJO,Posgrado,Especialización universitaria,ESPECIALIZACION PROFESIONAL
ESPECIALIZACIÓN EN GESTIÓN PARA LA INTERVENCIÓN DEL PATRIMONIO CULTURAL,Posgrado,Especialización universitaria,ESPECIALIZACION PROFESIONAL
Especialización en Gestión Portuaria,Posgrado,Especialización universitaria,ESPECIALIZACION PROFESIONAL
ESPECIALIZACIÓN EN GESTIÓN PORTUARIA Y MARÍTIMA,Posgrado,Especialización universitaria,ESPECIALIZACION PROFESIONAL
ESPECIALIZACIÓN EN GESTIÓN PSICOSOCIAL EN CONTEXTOS DE TRABAJO.,Posgrado,Especialización universitaria,ESPECIALIZACION PROFESIONAL
ESPECIALIZACION EN GESTION PUBLICA,Posgrado,Especialización universitaria,ESPECIALIZACION PROFESIONAL
ESPECIALIZACION EN GESTION PUBLICA E INSTITUCIONES ADMINISTRATIVAS,Posgrado,Especialización universitaria,ESPECIALIZACION PROFESIONAL
Especialización en Gestión Pública Territorial,Posgrado,Especialización universitaria,ESPECIALIZACION PROFESIONAL
ESPECIALIZACION EN GESTION SERVICIOS,Posgrado,Especialización universitaria,ESPECIALIZACION PROFESIONAL
ESPECIALIZACION EN GESTION SOCIAL Y AMBIENTAL,Posgrado,Especialización universitaria,ESPECIALIZACION PROFESIONAL
ESPECIALIZACIÓN EN GESTIÓN SOSTENIBLE DE PROCESOS INDUSTRIALES,Posgrado,Especialización universitaria,ESPECIALIZACION PROFESIONAL
ESPECIALIZACIÓN EN GESTIÓN TERRITORIAL DE LA SEGURIDAD,Posgrado,Especialización universitaria,ESPECIALIZACION PROFESIONAL
ESPECIALIZACIÓN EN GESTIÓN TERRITORIAL Y AVALÚOS,Posgrado,Especialización universitaria,ESPECIALIZACION PROFESIONAL
Especialización en Gestión Territorial y Derecho Urbano,Posgrado,Especialización universitaria,ESPECIALIZACION PROFESIONAL
ESPECIALIZACION EN GESTION TRIBUTARIA,Posgrado,Especialización universitaria,ESPECIALIZACION PROFESIONAL
ESPECIALIZACIÓN EN GESTIÓN TRIBUTARIA INTERNACIONAL,Posgrado,Especialización universitaria,ESPECIALIZACION PROFESIONAL
ESPECIALIZACION EN GESTION TRIBUTARIA Y ADUANERA,Posgrado,Especialización universitaria,ESPECIALIZACION PROFESIONAL
Especialización en Gestión Turística,Posgrado,Especialización universitaria,ESPECIALIZACION PROFESIONAL
ESPECIALIZACIÓN EN GESTIÓN URBANÍSTICA Y DESARROLLO TERRITORIAL,Posgrado,Especialización universitaria,ESPECIALIZACION PROFESIONAL
ESPECIALIZACIÓN EN GESTIÓN Y ASEGURAMIENTO DE LA CALIDAD EN LABORATORIOS CLÍNICO Y DE ENSAYO,Posgrado,Especialización universitaria,ESPECIALIZACION PROFESIONAL
ESPECIALIZACION EN GESTIÓN Y ASEGURAMIENTO DE LA CALIDAD EN LABORATORIOS CLÍNICOS,Posgrado,Especialización universitaria,ESPECIALIZACION PROFESIONAL
ESPECIALIZACIÓN EN GESTIÓN Y AUDITORÍA TRIBUTARIA,Posgrado,Especialización universitaria,ESPECIALIZACION PROFESIONAL
Especialización en Gestión y Comunicación del Patrimonio Cultural,Posgrado,Especialización universitaria,ESPECIALIZACION PROFESIONAL
ESPECIALIZACIÓN EN GESTIÓN Y CONSTRUCCIÓN DE EDIFICACIONES,Posgrado,Especialización universitaria,ESPECIALIZACION PROFESIONAL
ESPECIALIZACION EN GESTION Y CONTROL DE CALIDAD,Posgrado,Especialización universitaria,ESPECIALIZACION PROFESIONAL
ESPECIALIZACIÓN EN GESTION Y CONTROL DE LA CALIDAD,Posgrado,Especialización universitaria,ESPECIALIZACION PROFESIONAL
ESPECIALIZACION EN GESTION Y CONTROL TRIBUTARIO,Posgrado,Especialización universitaria,ESPECIALIZACION PROFESIONAL
Especialización en Gestión y Desarrollo de la Actividad Física y el Deporte,Posgrado,Especialización universitaria,ESPECIALIZACION PROFESIONAL
Especialización en Gestión y Eficiencia Energética,Posgrado,Especialización universitaria,ESPECIALIZACION PROFESIONAL
ESPECIALIZACION EN GESTION Y LEGISLACION AMBIENTAL,Posgrado,Especialización universitaria,ESPECIALIZACION PROFESIONAL
ESPECIALIZACIÓN EN GESTIÓN Y ORDENAMIENTO DE CUENCAS HIDROGRÁFICAS,Posgrado,Especialización universitaria,ESPECIALIZACION PROFESIONAL
ESPECIALIZACION EN GESTION Y PLANIFICACIÓN DEL DESARROLLO URBANO Y REGIONAL,Posgrado,Especialización universitaria,ESPECIALIZACION PROFESIONAL
ESPECIALIZACION EN GESTION Y PLANIFICACION TERRITORIAL,Posgrado,Especialización universitaria,ESPECIALIZACION PROFESIONAL
ESPECIALIZACION EN GESTIÓN Y PROCESOS URBANOS,Posgrado,Especialización universitaria,ESPECIALIZACION PROFESIONAL
ESPECIALIZACIÓN EN GESTIÓN Y RESPONSABILIDAD FISCAL,Posgrado,Especialización universitaria,ESPECIALIZACION PROFESIONAL
ESPECIALIZACIÓN EN GINECO OBSTETRICIA,Posgrado,Especialización médico quirúrgica,ESPECIALIZACION PROFESIONAL
ESPECIALIZACION EN GINECOLOGIA ONCOLOGICA,Posgrado,Especialización médico quirúrgica,ESPECIALIZACION PROFESIONAL
ESPECIALIZACION EN GINECOLOGIA Y OBSTETRICIA,Posgrado,Especialización médico quirúrgica,ESPECIALIZACION PROFESIONAL
"ESPECIALIZACIÓN EN GOBERNANZA, ADMINISTRACIÓN PÚBLICA Y TERRITORIO",Posgrado,Especialización universitaria,ESPECIALIZACION PROFESIONAL
Especialización en Gobernanza de Datos,Posgrado,Especialización universitaria,ESPECIALIZACION PROFESIONAL
ESPECIALIZACIÓN EN GOBERNANZA DE LA INTELIGENCIA ARTIFICIAL (IA),Posgrado,Especialización universitaria,ESPECIALIZACION PROFESIONAL
ESPECIALIZACIÓN EN GOBERNANZA Y DESARROLLO TERRITORIAL,Posgrado,Especialización universitaria,ESPECIALIZACION PROFESIONAL
ESPECIALIZACIÓN EN GOBIERNO DE DATOS,Posgrado,Especialización universitaria,ESPECIALIZACION PROFESIONAL
Especialización en Gobierno de Datos e Inteligencia de Negocios,Posgrado,Especialización universitaria,ESPECIALIZACION PROFESIONAL
ESPECIALIZACION EN GOBIERNO DE TECNOLOGIAS DE LA INFORMACION,Posgrado,Especialización universitaria,ESPECIALIZACION PROFESIONAL
ESPECIALIZACIÓN EN GOBIERNO ELECTRÓNICO,Posgrado,Especialización universitaria,ESPECIALIZACION PROFESIONAL
"ESPECIALIZACION EN GOBIERNO, GERENCIA Y ASUNTOS PUBLICOS",Posgrado,Especialización universitaria,ESPECIALIZACION PROFESIONAL
Especialización en Gobierno Territorial y Desarrollo,Posgrado,Especialización universitaria,ESPECIALIZACION PROFESIONAL
ESPECIALIZACION EN GOBIERNO Y ASUNTOS PUBLICOS,Posgrado,Especialización universitaria,ESPECIALIZACION PROFESIONAL
ESPECIALIZACIÓN EN GOBIERNO Y ESTUDIOS POLÍTICOS,Posgrado,Especialización universitaria,ESPECIALIZACION PROFESIONAL
ESPECIALIZACION EN GOBIERNO Y GERENCIA PUBLICA,Posgrado,Especialización universitaria,ESPECIALIZACION PROFESIONAL
ESPECIALIZACION EN GOBIERNO Y GESTION DEL DESARROLLO REGIONAL Y MUNICIPAL,Posgrado,Especialización universitaria,ESPECIALIZACION PROFESIONAL
Especialización en Gobierno y Gestión Pública Territorial,Posgrado,Especialización universitaria,ESPECIALIZACION PROFESIONAL
ESPECIALIZACIÓN EN GOBIERNO Y GESTIÓN PÚBLICA TERRITORIALES,Posgrado,Especialización universitaria,ESPECIALIZACION PROFESIONAL
ESPECIALIZACIÓN EN GOBIERNO Y GESTIÓN TERRITORIAL,Posgrado,Especialización universitaria,ESPECIALIZACION PROFESIONAL
ESPECIALIZACIÓN EN GOBIERNO Y POLÍTICAS PÚBLICAS,Posgrado,Especialización universitaria,ESPECIALIZACION PROFESIONAL
ESPECIALIZACIÓN EN GUION Y LIBRETO PARA CINE Y TELEVISIÓN,Posgrado,Especialización universitaria,ESPECIALIZACION PROFESIONAL
ESPECIALIZACION EN HEMATO-ONCOLOGIA PEDIATRICA,Posgrado,Especialización médico quirúrgica,ESPECIALIZACION PROFESIONAL
ESPECIALIZACION EN HEMATOLOGIA,Posgrado,Especialización médico quirúrgica,ESPECIALIZACION PROFESIONAL
ESPECIALIZACION EN HEMATOLOGIA EN EL LABORATORIO CLINICO Y MANEJO DEL BANCO DE SANGRE,Posgrado,Especialización universitaria,ESPECIALIZACION PROFESIONAL
ESPECIALIZACION EN HEMATOLOGIA Y ONCOLOGIA CLINICA,Posgrado,Especialización médico quirúrgica,ESPECIALIZACION PROFESIONAL
ESPECIALIZACIÓN EN HEPATOLOGÍA,Posgrado,Especialización médico quirúrgica,ESPECIALIZACION PROFESIONAL
ESPECIALIZACIÓN EN HERRAMIENTAS VIRTUALES PARA LA EDUCACIÓN,Posgrado,Especialización universitaria,ESPECIALIZACION PROFESIONAL
Especialización en Hidrogeologia,Posgrado,Especialización universitaria,ESPECIALIZACION PROFESIONAL
ESPECIALIZACIÓN EN HIDROINFORMÁTICA,Posgrado,Especialización universitaria,ESPECIALIZACION PROFESIONAL
ESPECIALIZACION EN HIGIENE INDUSTRIAL,Posgrado,Especialización universitaria,ESPECIALIZACION PROFESIONAL
ESPECIALIZACIÓN EN HIGIENE OCUPACIONAL Y AMBIENTAL,Posgrado,Especialización universitaria,ESPECIALIZACION PROFESIONAL
"ESPECIALIZACION EN HIGIENE, SEGURIDAD Y SALUD EN EL TRABAJO",Posgrado,Especialización universitaria,ESPECIALIZACION PROFESIONAL
ESPECIALIZACIÓN EN HIGIENE Y SEGURIDAD INDUSTRIAL,Posgrado,Especialización universitaria,ESPECIALIZACION PROFESIONAL
ESPECIALIZACION EN HSEQ - SISTEMAS INTEGRADOS DE SEGURIDAD Y SALUD OCUPACIONAL AMBIENTAL Y CALIDAD,Posgrado,Especialización universitaria,ESPECIALIZACION PROFESIONAL
Especialización en Iluminación Exterior y Alumbrado Público,Posgrado,Especialización universitaria,ESPECIALIZACION PROFESIONAL
ESPECIALIZACION EN ILUMINACION PUBLICA Y PRIVADA,Posgrado,Especialización universitaria,ESPECIALIZACION PROFESIONAL
ESPECIALIZACIÓN EN IMAGENOLOGÍA VETERINARIA,Posgrado,Especialización universitaria,ESPECIALIZACION PROFESIONAL
ESPECIALIZACIÓN EN IMPLANTOLOGÍA ORAL Y RECONSTRUCTIVA,Posgrado,Especialización universitaria,ESPECIALIZACION PROFESIONAL
Especialización en Impuestos y la Gestión Tributaria,Posgrado,Especialización universitaria,ESPECIALIZACION PROFESIONAL
Especialización en Inclusión Social,Posgrado,Especialización universitaria,ESPECIALIZACION PROFESIONAL
ESPECIALIZACIÓN EN INDUSTRIA 4.0,Posgrado,Especialización universitaria,ESPECIALIZACION PROFESIONAL
"Especialización en Infancia, Adolescencia y Desarrollo Familiar",Posgrado,Especialización universitaria,ESPECIALIZACION PROFESIONAL
"ESPECIALIZACION EN INFANCIA, CULTURA Y DESARROLLO",Posgrado,Especialización universitaria,ESPECIALIZACION PROFESIONAL
ESPECIALIZACIÓN EN INFANCIAS Y JUVENTUDES,Posgrado,Especialización universitaria,ESPECIALIZACION PROFESIONAL
ESPECIALIZACION EN INFECTOLOGIA,Posgrado,Especialización médico quirúrgica,ESPECIALIZACION PROFESIONAL
ESPECIALIZACION EN INFECTOLOGIA PEDIATRICA,Posgrado,Especialización médico quirúrgica,ESPECIALIZACION PROFESIONAL
ESPECIALIZACIÓN EN INFORMÁTICA EDUCATIVA,Posgrado,Especialización universitaria,ESPECIALIZACION PROFESIONAL
ESPECIALIZACIÓN EN INFORMÁTICA FORENSE,Posgrado,Especialización universitaria,ESPECIALIZACION PROFESIONAL
ESPECIALIZACION EN INFORMATICA PARA EL APRENDIZAJE EN RED,Posgrado,Especialización universitaria,ESPECIALIZACION PROFESIONAL
ESPECIALIZACION EN INFORMATICA PARA GERENCIA DE PROYECTOS,Posgrado,Especialización universitaria,ESPECIALIZACION PROFESIONAL
ESPECIALIZACION EN INFORMATICA PARA LA DOCENCIA,Posgrado,Especialización universitaria,ESPECIALIZACION PROFESIONAL
ESPECIALIZACION EN INFORMATICA PARA LA INNOVACION EDUCATIVA,Posgrado,Especialización universitaria,ESPECIALIZACION PROFESIONAL
ESPECIALIZACION EN INFORMATICA Y AUTOMATICA INDUSTRIAL,Posgrado,Especialización universitaria,ESPECIALIZACION PROFESIONAL
Especialización en Infraestructura Hidráulica,Posgrado,Especialización universitaria,ESPECIALIZACION PROFESIONAL
Especialización en Infraestructura Hospitalaria,Posgrado,Especialización universitaria,ESPECIALIZACION PROFESIONAL
ESPECIALIZACIÓN EN INFRAESTRUCTURA VERDE,Posgrado,Especialización universitaria,ESPECIALIZACION PROFESIONAL
ESPECIALIZACION EN INFRAESTRUCTURA VIAL,Posgrado,Especialización universitaria,ESPECIALIZACION PROFESIONAL
Especialización en Infraestructura Vial Terrestre,Posgrado,Especialización universitaria,ESPECIALIZACION PROFESIONAL
Especialización en Infraestructura y Seguridad de Redes,Posgrado,Especialización universitaria,ESPECIALIZACION PROFESIONAL
ESPECIALIZACIÓN EN INGENERÍA DE RECURSOS HÍDRICOS,Posgrado,Especialización universitaria,ESPECIALIZACION PROFESIONAL
ESPECIALIZACION EN INGENIERIA AMBIENTAL,Posgrado,Especialización universitaria,ESPECIALIZACION PROFESIONAL
ESPECIALIZACION EN INGENIERIA AMBIENTAL- AREA SANITARIA,Posgrado,Especialización universitaria,ESPECIALIZACION PROFESIONAL
ESPECIALIZACIÓN EN INGENIERÍA AUTOMOTRIZ,Posgrado,Especialización universitaria,ESPECIALIZACION PROFESIONAL
ESPECIALIZACION EN INGENIERIA BIOMEDICA,Posgrado,Especialización universitaria,ESPECIALIZACION PROFESIONAL
ESPECIALIZACION EN INGENIERIA CLINICA,Posgrado,Especialización universitaria,ESPECIALIZACION PROFESIONAL
ESPECIALIZACIÓN EN INGENIERÍA CONTRA INCENDIOS Y EXPLOSIONES,Posgrado,Especialización universitaria,ESPECIALIZACION PROFESIONAL
ESPECIALIZACION EN INGENIERIA DE AGUA POTABLE Y SANEAMIENTO BÁSICO,Posgrado,Especialización universitaria,ESPECIALIZACION PROFESIONAL
ESPECIALIZACIÓN EN INGENIERÍA DE DATOS,Posgrado,Especialización universitaria,ESPECIALIZACION PROFESIONAL
ESPECIALIZACION EN INGENIERIA DE FUNDACIONES,Posgrado,Especialización universitaria,ESPECIALIZACION PROFESIONAL
ESPECIALIZACIÓN EN INGENIERÍA DE LA CALIDAD,Posgrado,Especialización universitaria,ESPECIALIZACION PROFESIONAL
ESPECIALIZACIÓN EN INGENIERÍA DE LA CONSTRUCCIÓN,Posgrado,Especialización universitaria,ESPECIALIZACION PROFESIONAL
Especialización en Ingeniería de los Recursos Hídricos,Posgrado,Especialización universitaria,ESPECIALIZACION PROFESIONAL
ESPECIALIZACION EN INGENIERIA DE MATERIALES Y PROCESOS,Posgrado,Especialización universitaria,ESPECIALIZACION PROFESIONAL
ESPECIALIZACION EN INGENIERÍA DE OPERACIONES EN MANUFACTURA Y SERVICIOS,Posgrado,Especialización universitaria,ESPECIALIZACION PROFESIONAL
ESPECIALIZACION EN INGENIERIA DE PAVIMENTOS,Posgrado,Especialización universitaria,ESPECIALIZACION PROFESIONAL
ESPECIALIZACION EN INGENIERIA DE PROCESOS DE REFINACION DE PETROLEO Y PETROQUIMICOS BASICOS,Posgrado,Especialización universitaria,ESPECIALIZACION PROFESIONAL
ESPECIALIZACION EN INGENIERIA DE PROCESOS INDUSTRIALES,Posgrado,Especialización universitaria,ESPECIALIZACION PROFESIONAL
ESPECIALIZACION EN INGENIERÍA DE PRODUCCIÓN Y OPERACIONES,Posgrado,Especialización universitaria,ESPECIALIZACION PROFESIONAL
ESPECIALIZACIÓN EN INGENIERÍA DE RECURSOS HÍDRICOS,Posgrado,Especialización universitaria,ESPECIALIZACION PROFESIONAL
ESPECIALIZACIÓN EN INGENIERÍA DE REFRIGERACIÓN Y CLIMATIZACIÓN,Posgrado,Especialización universitaria,ESPECIALIZACION PROFESIONAL
ESPECIALIZACION EN INGENIERIA DE SISTEMAS HIDRICOS URBANOS,Posgrado,Especialización universitaria,ESPECIALIZACION PROFESIONAL
ESPECIALIZACION EN INGENIERIA DE SOFTWARE,Posgrado,Especialización universitaria,ESPECIALIZACION PROFESIONAL
ESPECIALIZACION EN INGENIERIA DE SOFTWARE CON ÉNFASIS EN PRUEBAS,Posgrado,Especialización universitaria,ESPECIALIZACION PROFESIONAL
ESPECIALIZACION EN INGENIERIA DE VIAS TERRESTRES,Posgrado,Especialización universitaria,ESPECIALIZACION PROFESIONAL
ESPECIALIZACIÓN EN INGENIERÍA DE YACIMIENTOS,Posgrado,Especialización universitaria,ESPECIALIZACION PROFESIONAL
ESPECIALIZACION EN INGENIERIA DEL GAS,Posgrado,Especialización universitaria,ESPECIALIZACION PROFESIONAL
ESPECIALIZACION EN INGENIERIA DEL SOFTWARE,Posgrado,Especialización universitaria,ESPECIALIZACION PROFESIONAL
ESPECIALIZACIÓN EN INGENIERÍA ELÉCTRICA,Posgrado,Especialización universitaria,ESPECIALIZACION PROFESIONAL
Especialización en Ingeniería Ferroviaria,Posgrado,Especialización universitaria,ESPECIALIZACION PROFESIONAL
ESPECIALIZACION EN INGENIERIA FINANCIERA,Posgrado,Especialización universitaria,ESPECIALIZACION PROFESIONAL
ESPECIALIZACIÓN EN INGENIERÍA - GEOTECNIA,Posgrado,Especialización universitaria,ESPECIALIZACION PROFESIONAL
ESPECIALIZACIÓN EN INGENIERÍA HIDRÁULICA Y AMBIENTAL,Posgrado,Especialización universitaria,ESPECIALIZACION PROFESIONAL
Especialización en Ingeniería Hidroambiental,Posgrado,Especialización universitaria,ESPECIALIZACION PROFESIONAL
ESPECIALIZACION EN INGENIERIA SISMO-RESISTENTE,Posgrado,Especialización universitaria,ESPECIALIZACION PROFESIONAL
Especialización en Inmunonutrición,Posgrado,Especialización universitaria,ESPECIALIZACION PROFESIONAL
Especialización en innovación curricular y pedagógica,Posgrado,Especialización universitaria,ESPECIALIZACION PROFESIONAL
ESPECIALIZACION EN INNOVACION DOCENTE MEDIADA POR TIC,Posgrado,Especialización universitaria,ESPECIALIZACION PROFESIONAL
ESPECIALIZACIÓN EN INNOVACIÓN EDUCATIVA DIGITAL,Posgrado,Especialización universitaria,ESPECIALIZACION PROFESIONAL
Especialización en Innovación Educativa en Docencia Universitaria,Posgrado,Especialización universitaria,ESPECIALIZACION PROFESIONAL
ESPECIALIZACIÓN EN INNOVACIÓN EDUCATIVA Y TECNOLOGÍAS,Posgrado,Especialización universitaria,ESPECIALIZACION PROFESIONAL
ESPECIALIZACIÓN EN INNOVACIÓN EDUCATIVA Y TIC,Posgrado,Especialización universitaria,ESPECIALIZACION PROFESIONAL
ESPECIALIZACIÓN EN INNOVACIÓN LEGAL,Posgrado,Especialización universitaria,ESPECIALIZACION PROFESIONAL
ESPECIALIZACION EN INNOVACION PEDAGOGICA,Posgrado,Especialización universitaria,ESPECIALIZACION PROFESIONAL
ESPECIALIZACIÓN EN INNOVACIÓN SOCIAL Y GESTIÓN DE PROYECTOS,Posgrado,Especialización universitaria,ESPECIALIZACION PROFESIONAL
Especialización en Innovación Social y Territorio,Posgrado,Especialización universitaria,ESPECIALIZACION PROFESIONAL
ESPECIALIZACIÓN EN INNOVACIÓN Y DESARROLLO DE NEGOCIOS,Posgrado,Especialización universitaria,ESPECIALIZACION PROFESIONAL
ESPECIALIZACIÓN EN INNOVACIÓN Y MARKETING,Posgrado,Especialización universitaria,ESPECIALIZACION PROFESIONAL
ESPECIALIZACIÓN EN INOCUIDAD AGROALIMENTARIA,Posgrado,Especialización universitaria,ESPECIALIZACION PROFESIONAL
"ESPECIALIZACIÓN EN INSPECCIÓN, VIGILANCIA Y CONTROL",Posgrado,Especialización universitaria,ESPECIALIZACION PROFESIONAL
ESPECIALIZACIÓN EN INSTITUCIONES JURÍDICAS DE LA SEGURIDAD SOCIAL,Posgrado,Especialización universitaria,ESPECIALIZACION PROFESIONAL
ESPECIALIZACION EN INSTITUCIONES JURIDICO-PENALES,Posgrado,Especialización universitaria,ESPECIALIZACION PROFESIONAL
ESPECIALIZACION EN INSTITUCIONES JURIDICO-PROCESALES,Posgrado,Especialización universitaria,ESPECIALIZACION PROFESIONAL
ESPECIALIZACION EN INSTRUMENTACION ELECTRONICA Y BIOMEDICA,Posgrado,Especialización universitaria,ESPECIALIZACION PROFESIONAL
Especialización en Instrumentación Industrial?,Posgrado,Especialización universitaria,ESPECIALIZACION PROFESIONAL
ESPECIALIZACIÓN EN INSTRUMENTACIÓN Y CONTROL INDUSTRIAL,Posgrado,Especialización universitaria,ESPECIALIZACION PROFESIONAL
ESPECIALIZACIÓN EN INTEGRIDAD DE EQUIPOS Y DUCTOS,Posgrado,Especialización universitaria,ESPECIALIZACION PROFESIONAL
ESPECIALIZACIÓN EN INTELIGENCIA ARTIFICIAL,Posgrado,Especialización universitaria,ESPECIALIZACION PROFESIONAL
ESPECIALIZACIÓN EN INTELIGENCIA ARTIFICIAL APLICADA,Posgrado,Especialización universitaria,ESPECIALIZACION PROFESIONAL
Especialización en Inteligencia Artificial Aplicada a la Analítica de Datos,Posgrado,Especialización universitaria,ESPECIALIZACION PROFESIONAL
Especialización en Inteligencia Artificial aplicada a los Negocios,Posgrado,Especialización universitaria,ESPECIALIZACION PROFESIONAL
Especialización en Inteligencia Artificial Generativa y Desarrollo de los Negocios,Posgrado,Especialización universitaria,ESPECIALIZACION PROFESIONAL
Especialización en Inteligencia Artificial y Analítica de Datos,Posgrado,Especialización universitaria,ESPECIALIZACION PROFESIONAL
Especialización en Inteligencia Artificial y Derecho,Posgrado,Especialización universitaria,ESPECIALIZACION PROFESIONAL
Especialización en Inteligencia Artificial y Derecho Digital,Posgrado,Especialización universitaria,ESPECIALIZACION PROFESIONAL
ESPECIALIZACIÓN EN INTELIGENCIA COMERCIAL Y DE MERCADEO,Posgrado,Especialización universitaria,ESPECIALIZACION PROFESIONAL
ESPECIALIZACIÓN EN INTELIGENCIA DE LOS NEGOCIOS INTERNACIONALES,Posgrado,Especialización universitaria,ESPECIALIZACION PROFESIONAL
ESPECIALIZACION EN INTELIGENCIA DE MERCADOS,Posgrado,Especialización universitaria,ESPECIALIZACION PROFESIONAL
ESPECIALIZACION EN INTELIGENCIA DE MERCADOS Y COMERCIO ELECTRONICO,Posgrado,Especialización universitaria,ESPECIALIZACION PROFESIONAL
ESPECIALIZACIÓN EN INTELIGENCIA DE NEGOCIO,Posgrado,Especialización universitaria,ESPECIALIZACION PROFESIONAL
ESPECIALIZACION EN INTELIGENCIA DE NEGOCIOS,Posgrado,Especialización universitaria,ESPECIALIZACION PROFESIONAL
ESPECIALIZACIÓN EN INTELIGENCIA DE NEGOCIOS CON ÉNFASIS EN BIG DATA,Posgrado,Especialización universitaria,ESPECIALIZACION PROFESIONAL
ESPECIALIZACIÓN EN INTELIGENCIA DE NEGOCIOS PARA LA TOMA DE DECISIONES,Posgrado,Especialización universitaria,ESPECIALIZACION PROFESIONAL
Especialización en Inteligencia de Negocios y Analítica de Datos,Posgrado,Especialización universitaria,ESPECIALIZACION PROFESIONAL
Especialización en Inteligencia de Negocios y Big Data,Posgrado,Especialización universitaria,ESPECIALIZACION PROFESIONAL
Especialización en Inteligencia e Innovación Organizacional,Posgrado,Especialización universitaria,ESPECIALIZACION PROFESIONAL
ESPECIALIZACIÓN EN INTELIGENCIA Y PROSPECTIVA DE NEGOCIOS,Posgrado,Especialización universitaria,ESPECIALIZACION PROFESIONAL
ESPECIALIZACIÓN EN INTERCULTURALIDAD Y ESTUDIOS DE GÉNERO,Posgrado,Especialización universitaria,ESPECIALIZACION PROFESIONAL
Especialización en Interculturalidad y Gestión Territorial del Turismo,Posgrado,Especialización universitaria,ESPECIALIZACION PROFESIONAL
Especialización en Internacionalización de Organizaciones,Posgrado,Especialización universitaria,ESPECIALIZACION PROFESIONAL
ESPECIALIZACIÓN EN INTERNET DE LAS COSAS,Posgrado,Especialización universitaria,ESPECIALIZACION PROFESIONAL
ESPECIALIZACIÓN EN INTERNET DE LAS COSAS (IOT),Posgrado,Especialización universitaria,ESPECIALIZACION PROFESIONAL
ESPECIALIZACION EN INTERVENCION COMUNITARIA,Posgrado,Especialización universitaria,ESPECIALIZACION PROFESIONAL
ESPECIALIZACIÓN EN INTERVENCIÓN CREATIVA,Posgrado,Especialización universitaria,ESPECIALIZACION PROFESIONAL
ESPECIALIZACIÓN EN INTERVENCIÓN DEL LENGUAJE INFANTIL,Posgrado,Especialización universitaria,ESPECIALIZACION PROFESIONAL
ESPECIALIZACION EN INTERVENCION EN RELACIONES FAMILIARES,Posgrado,Especialización universitaria,ESPECIALIZACION PROFESIONAL
ESPECIALIZACIÓN EN INTERVENCIÓN PSICOLÓGICA EN SITUACIONES DE CRISIS,Posgrado,Especialización universitaria,ESPECIALIZACION PROFESIONAL
ESPECIALIZACIÓN EN INTERVENCIÓN PSICOSOCIAL,Posgrado,Especialización universitaria,ESPECIALIZACION PROFESIONAL
Especialización en Intervención Psicosocial Comunitaria,Posgrado,Especialización universitaria,ESPECIALIZACION PROFESIONAL
ESPECIALIZACION EN INTERVENCION PSICOSOCIAL EN FAMILIA,Posgrado,Especialización universitaria,ESPECIALIZACION PROFESIONAL
Especialización en Intervención Social,Posgrado,Especialización universitaria,ESPECIALIZACION PROFESIONAL
ESPECIALIZACION EN INTERVENCION SOCIAL COMUNITARIA,Posgrado,Especialización universitaria,ESPECIALIZACION PROFESIONAL
Especialización en Intervención Social y Desarrollo Local,Posgrado,Especialización universitaria,ESPECIALIZACION PROFESIONAL
ESPECIALIZACION EN  INTERVENCION Y GERENCIA SOCIAL,Posgrado,Especialización universitaria,ESPECIALIZACION PROFESIONAL
Especialización en Intervenciones para la Innovación Social,Posgrado,Especialización universitaria,ESPECIALIZACION PROFESIONAL
ESPECIALIZACIÓN EN INTERVENCIONES PSICOSOCIALES,Posgrado,Especialización universitaria,ESPECIALIZACION PROFESIONAL
Especialización en Intervenciones Psicosociales y Salud Mental Colectiva,Posgrado,Especialización universitaria,ESPECIALIZACION PROFESIONAL
ESPECIALIZACIÓN EN INTERVENTORÍA DE OBRAS CIVILES,Posgrado,Especialización universitaria,ESPECIALIZACION PROFESIONAL
ESPECIALIZACION EN INTERVENTORIA DE PROYECTOS Y OBRAS,Posgrado,Especialización universitaria,ESPECIALIZACION PROFESIONAL
ESPECIALIZACION EN INTERVENTORIA Y SUPERVISIÓN DE LA CONSTRUCCION,Posgrado,Especialización universitaria,ESPECIALIZACION PROFESIONAL
ESPECIALIZACIÓN EN INTERVENTORÍA Y SUPERVISIÓN DE OBRAS DE CONSTRUCCIÓN,Posgrado,Especialización universitaria,ESPECIALIZACION PROFESIONAL
ESPECIALIZACIÓN EN INTERVENTORÍA Y SUPERVISIÓN DE PROYECTOS Y OBRAS CIVILES,Posgrado,Especialización universitaria,ESPECIALIZACION PROFESIONAL
ESPECIALIZACION EN INVESTIGACION CRIMINAL,Posgrado,Especialización universitaria,ESPECIALIZACION PROFESIONAL
ESPECIALIZACION EN INVESTIGACION DE ACCIDENTES DE TRANSITO,Posgrado,Especialización universitaria,ESPECIALIZACION PROFESIONAL
ESPECIALIZACIÓN EN INVESTIGACIÓN DE MERCADOS Y DEL CONSUMO,Posgrado,Especialización universitaria,ESPECIALIZACION PROFESIONAL
ESPECIALIZACIÓN EN INVESTIGACIÓN DE OPERACIONES,Posgrado,Especialización universitaria,ESPECIALIZACION PROFESIONAL
ESPECIALIZACIÓN EN INVESTIGACIÓN E INNOVACIÓN EDUCATIVA,Posgrado,Especialización universitaria,ESPECIALIZACION PROFESIONAL
ESPECIALIZACIÓN EN INVESTIGACIÓN FORENSE DE VIOLACIONES DE DERECHOS HUMANOS,Posgrado,Especialización universitaria,ESPECIALIZACION PROFESIONAL
ESPECIALIZACIÓN EN INVESTIGACIÓN Y JUICIO ORAL,Posgrado,Especialización universitaria,ESPECIALIZACION PROFESIONAL
Especialización en IoT con Redes Programables,Posgrado,Especialización universitaria,ESPECIALIZACION PROFESIONAL
ESPECIALIZACIÓN EN JUEGO Y DESARROLLO SOCIOEMOCIONAL,Posgrado,Especialización universitaria,ESPECIALIZACION PROFESIONAL
Especialización en Jurisdicción Agraria y Derecho de Tierras,Posgrado,Especialización universitaria,ESPECIALIZACION PROFESIONAL
ESPECIALIZACIÓN EN JUSTICIA ESPECIAL PARA LA PAZ,Posgrado,Especialización universitaria,ESPECIALIZACION PROFESIONAL
ESPECIALIZACIÓN EN JUSTICIA PENAL,Posgrado,Especialización universitaria,ESPECIALIZACION PROFESIONAL
ESPECIALIZACIÓN EN JUSTICIA TRANSICIONAL,Posgrado,Especialización universitaria,ESPECIALIZACION PROFESIONAL
"ESPECIALIZACIÓN EN JUSTICIA, VICTIMAS Y CONSTRUCCIÓN DE PAZ",Posgrado,Especialización universitaria,ESPECIALIZACION PROFESIONAL
Especialización en la Agroindustria de Cannabis,Posgrado,Especialización universitaria,ESPECIALIZACION PROFESIONAL
ESPECIALIZACION EN LA ENSEÑANZA DEL INGLES,Posgrado,Especialización universitaria,ESPECIALIZACION PROFESIONAL
ESPECIALIZACION EN LA RESPONSABILIDAD PENAL DEL SERVIDOR PÚBLICO Y LOS DELITOS CONTRA LA ADMINISTRACION PÚBLICA,Posgrado,Especialización universitaria,ESPECIALIZACION PROFESIONAL
ESPECIALIZACION EN LABORATORIO CLINICO VETERINARIO,Posgrado,Especialización universitaria,ESPECIALIZACION PROFESIONAL
ESPECIALIZACIÓN EN LARINGOLOGÍA Y VÍA AÉREA SUPERIOR,Posgrado,Especialización médico quirúrgica,ESPECIALIZACION PROFESIONAL
ESPECIALIZACIÓN EN LEGISLACIÓN ADUANERA,Posgrado,Especialización universitaria,ESPECIALIZACION PROFESIONAL
ESPECIALIZACION EN LEGISLACION COMERCIAL Y FINANCIERA,Posgrado,Especialización universitaria,ESPECIALIZACION PROFESIONAL
ESPECIALIZACION EN LEGISLACION  DE FAMILIA  Y DEL MENOR,Posgrado,Especialización universitaria,ESPECIALIZACION PROFESIONAL
ESPECIALIZACION EN LEGISLACION FINANCIERA,Posgrado,Especialización universitaria,ESPECIALIZACION PROFESIONAL
ESPECIALIZACIÓN EN LEGISLACIÓN LABORAL Y DE LA SEGURIDAD SOCIAL,Posgrado,Especialización universitaria,ESPECIALIZACION PROFESIONAL
ESPECIALIZACIÓN EN LEGISLACIÓN MINERA,Posgrado,Especialización universitaria,ESPECIALIZACION PROFESIONAL
ESPECIALIZACIÓN EN LEGISLACIÓN RURAL Y ORDENAMIENTO TERRITORIAL,Posgrado,Especialización universitaria,ESPECIALIZACION PROFESIONAL
ESPECIALIZACION EN LEGISLACION TRIBUTARIA,Posgrado,Especialización universitaria,ESPECIALIZACION PROFESIONAL
ESPECIALIZACIÓN EN LEGISLACIÓN TRIBUTARIA NACIONAL E INTERNACIONAL,Posgrado,Especialización universitaria,ESPECIALIZACION PROFESIONAL
ESPECIALIZACION EN LEGISLACION TRIBUTARIA Y DE ADUANAS,Posgrado,Especialización universitaria,ESPECIALIZACION PROFESIONAL
ESPECIALIZACIÓN EN LEGISLACIÓN Y GESTIÓN TRIBUTARIA,Posgrado,Especialización universitaria,ESPECIALIZACION PROFESIONAL
ESPECIALIZACION EN LEGISLACION Y POLÍTICA EDUCATIVA,Posgrado,Especialización universitaria,ESPECIALIZACION PROFESIONAL
ESPECIALIZACIÓN EN LEVANTAMIENTOS AGROLÓGICOS,Posgrado,Especialización universitaria,ESPECIALIZACION PROFESIONAL
ESPECIALIZACIÓN EN LIDERAZGO E INNOVACIÓN EDUCATIVA,Posgrado,Especialización universitaria,ESPECIALIZACION PROFESIONAL
ESPECIALIZACION EN LIDERAZGO PARA LA GESTION SOCIAL,Posgrado,Especialización universitaria,ESPECIALIZACION PROFESIONAL
ESPECIALIZACIÓN EN LIDERAZGO Y COACHING,Posgrado,Especialización universitaria,ESPECIALIZACION PROFESIONAL
ESPECIALIZACIÓN EN LIDERAZGO Y HABILIDADES ORGANIZACIONALES,Posgrado,Especialización universitaria,ESPECIALIZACION PROFESIONAL
Especialización en liderazgo y política educativa,Posgrado,Especialización universitaria,ESPECIALIZACION PROFESIONAL
ESPECIALIZACIÓN EN LITERATURA COMPARADA: ARTE Y LITERATURA,Posgrado,Especialización universitaria,ESPECIALIZACION PROFESIONAL
ESPECIALIZACIÓN EN LITERATURA INFANTIL Y JUVENIL,Posgrado,Especialización universitaria,ESPECIALIZACION PROFESIONAL
ESPECIALIZACION EN LITERATURA: PRODUCCION DE TEXTOS E HIPERTEXTOS,Posgrado,Especialización universitaria,ESPECIALIZACION PROFESIONAL
ESPECIALIZACION EN LITIGACION ORAL,Posgrado,Especialización universitaria,ESPECIALIZACION PROFESIONAL
ESPECIALIZACION EN LOGISTICA,Posgrado,Especialización universitaria,ESPECIALIZACION PROFESIONAL
ESPECIALIZACIÓN EN LOGÍSTICA DE OPERACIONES,Posgrado,Especialización universitaria,ESPECIALIZACION PROFESIONAL
ESPECIALIZACIÓN EN LOGISTICA DEL COMERCIO INTERNACIONAL,Posgrado,Especialización universitaria,ESPECIALIZACION PROFESIONAL
ESPECIALIZACIÓN EN LOGÍSTICA EMPRESARIAL,Posgrado,Especialización universitaria,ESPECIALIZACION PROFESIONAL
ESPECIALIZACION EN LOGISTICA INTEGRAL,Posgrado,Especialización universitaria,ESPECIALIZACION PROFESIONAL
ESPECIALIZACIÓN EN LOGÍSTICA Y CADENA DE ABASTECIMIENTO,Posgrado,Especialización universitaria,ESPECIALIZACION PROFESIONAL
ESPECIALIZACION EN LOGÍSTICA Y CADENA DE SUMINISTRO,Posgrado,Especialización universitaria,ESPECIALIZACION PROFESIONAL
ESPECIALIZACIÓN EN LOGÍSTICA Y CADENAS DE ABASTECIMIENTO,Posgrado,Especialización universitaria,ESPECIALIZACION PROFESIONAL
ESPECIALIZACIÓN EN LOGÍSTICA Y DISTRIBUCIÓN FÍSICA INTERNACIONAL,Posgrado,Especialización universitaria,ESPECIALIZACION PROFESIONAL
ESPECIALIZACIÓN EN LOGÍSTICA Y GESTIÓN DE CADENAS DE ABASTECIMIENTO,Posgrado,Especialización universitaria,ESPECIALIZACION PROFESIONAL
ESPECIALIZACIÓN EN LOGÍSTICA Y GESTIÓN DE LA CADENA DE ABASTECIMIENTO,Posgrado,Especialización universitaria,ESPECIALIZACION PROFESIONAL
ESPECIALIZACION EN LOGISTICA Y GESTIÓN DE LA CADENA DE SUMINISTRO,Posgrado,Especialización universitaria,ESPECIALIZACION PROFESIONAL
ESPECIALIZACION EN LOGISTICA Y NEGOCIOS INTERNACIONALES,Posgrado,Especialización universitaria,ESPECIALIZACION PROFESIONAL
ESPECIALIZACIÓN EN LOGÍSTICA Y OPERACIONES,Posgrado,Especialización universitaria,ESPECIALIZACION PROFESIONAL
ESPECIALIZACIÓN EN LOGÍSTICA Y TRANSPORTE INTERNACIONAL,Posgrado,Especialización universitaria,ESPECIALIZACION PROFESIONAL
ESPECIALIZACION EN LOS PROCESOS DE TRANSFORMACION DEL PLASTICO Y DEL CAUCHO,Posgrado,Especialización universitaria,ESPECIALIZACION PROFESIONAL
ESPECIALIZACION EN LUDICA EDUCATIVA,Posgrado,Especialización universitaria,ESPECIALIZACION PROFESIONAL
ESPECIALIZACIÓN EN LUDOMÁTICA APLICADA A LA EDUCACIÓN,Posgrado,Especialización universitaria,ESPECIALIZACION PROFESIONAL
Especialización en Machine Learning,Posgrado,Especialización universitaria,ESPECIALIZACION PROFESIONAL
Especialización en Machine Learning Aplicado,Posgrado,Especialización universitaria,ESPECIALIZACION PROFESIONAL
ESPECIALIZACIÓN EN MACHINE LEARNING PARA INTERNET DE LAS COSAS (IOT),Posgrado,Especialización universitaria,ESPECIALIZACION PROFESIONAL
Especialización en Manejo de Riego y Fertirrigación,Posgrado,Especialización universitaria,ESPECIALIZACION PROFESIONAL
ESPECIALIZACION EN MANEJO INTEGRADO DEL MEDIO AMBIENTE,Posgrado,Especialización universitaria,ESPECIALIZACION PROFESIONAL
ESPECIALIZACION EN MANEJO SOSTENIBLE DE SUELOS,Posgrado,Especialización universitaria,ESPECIALIZACION PROFESIONAL
ESPECIALIZACION EN MANEJO Y GESTION DEL AGUA,Posgrado,Especialización universitaria,ESPECIALIZACION PROFESIONAL
ESPECIALIZACIÓN EN MANTENIMIENTO,Posgrado,Especialización universitaria,ESPECIALIZACION PROFESIONAL
ESPECIALIZACION EN MANTENIMIENTO INDUSTRIAL,Posgrado,Especialización universitaria,ESPECIALIZACION PROFESIONAL
ESPECIALIZACION EN MANTENIMIENTO Y CONSERVACION DE EDIFICACIONES,Posgrado,Especialización universitaria,ESPECIALIZACION PROFESIONAL
ESPECIALIZACIÓN EN MANUFACTURA INTELIGENTE,Posgrado,Especialización universitaria,ESPECIALIZACION PROFESIONAL
"ESPECIALIZACIÓN EN MARCO JURÍDICO DE LA INNOVACIÓN, INTELIGENCIA Y SOSTENIBILIDAD TERRITORIAL",Posgrado,Especialización universitaria,ESPECIALIZACION PROFESIONAL
Especialización en Marketing,Posgrado,Especialización universitaria,ESPECIALIZACION PROFESIONAL
ESPECIALIZACION EN MARKETING DIGITAL,Posgrado,Especialización universitaria,ESPECIALIZACION PROFESIONAL
ESPECIALIZACIÓN EN MARKETING DIGITAL & E-COMMERCE,Posgrado,Especialización universitaria,ESPECIALIZACION PROFESIONAL
Especialización en Marketing Digital Estratégico,Posgrado,Especialización universitaria,ESPECIALIZACION PROFESIONAL
ESPECIALIZACIÓN EN MARKETING ESTRATÉGICO,Posgrado,Especialización universitaria,ESPECIALIZACION PROFESIONAL
Especialización en Marketing Político,Posgrado,Especialización universitaria,ESPECIALIZACION PROFESIONAL
ESPECIALIZACIÓN EN MARKETING POLITICO Y ESTRATEGIAS DE CAMPAÑA,Posgrado,Especialización universitaria,ESPECIALIZACION PROFESIONAL
ESPECIALIZACIÓN EN MARKETING POLÍTICO Y OPINIÓN PÚBLICA,Posgrado,Especialización universitaria,ESPECIALIZACION PROFESIONAL
ESPECIALIZACION EN MASTOLOGIA,Posgrado,Especialización médico quirúrgica,ESPECIALIZACION PROFESIONAL
ESPECIALIZACIÓN EN MATEMÁTICA APLICADA,Posgrado,Especialización universitaria,ESPECIALIZACION PROFESIONAL
ESPECIALIZACION EN MATEMATICAS AVANZADAS,Posgrado,Especialización universitaria,ESPECIALIZACION PROFESIONAL
ESPECIALIZACION EN MECANICA DE SUELOS Y CIMENTACIONES,Posgrado,Especialización universitaria,ESPECIALIZACION PROFESIONAL
ESPECIALIZACIÓN EN MECANICA DE SUELOS Y CIMIENTOS,Posgrado,Especialización universitaria,ESPECIALIZACION PROFESIONAL
ESPECIALIZACION EN MEDICINA CRITICA Y CUIDADO INTENSIVO,Posgrado,Especialización médico quirúrgica,ESPECIALIZACION PROFESIONAL
ESPECIALIZACIÓN EN MEDICINA CRÍTICA Y CUIDADO INTENSIVO DEL ADULTO,Posgrado,Especialización médico quirúrgica,ESPECIALIZACION PROFESIONAL
ESPECIALIZACION EN MEDICINA CRITICA Y CUIDADO INTENSIVO PEDIATRICO,Posgrado,Especialización médico quirúrgica,ESPECIALIZACION PROFESIONAL
ESPECIALIZACION EN MEDICINA CRITICA Y CUIDADOS INTENSIVOS,Posgrado,Especialización médico quirúrgica,ESPECIALIZACION PROFESIONAL
ESPECIALIZACIÓN EN MEDICINA DE EMERGENCIAS,Posgrado,Especialización médico quirúrgica,ESPECIALIZACION PROFESIONAL
Especialización en Medicina de Fauna Silvestre,Posgrado,Especialización universitaria,ESPECIALIZACION PROFESIONAL
Especialización en Medicina de Fauna Silvestre y Exóticos,Posgrado,Especialización universitaria,ESPECIALIZACION PROFESIONAL
ESPECIALIZACIÓN EN MEDICINA DE LA ACTIVIDAD FÍSICA Y DEL DEPORTE,Posgrado,Especialización médico quirúrgica,ESPECIALIZACION PROFESIONAL
ESPECIALIZACION EN MEDICINA DE LA ACTIVIDAD FISICA Y EL DEPORTE,Posgrado,Especialización médico quirúrgica,ESPECIALIZACION PROFESIONAL
Especialización en Medicina de la Adolescencia,Posgrado,Especialización médico quirúrgica,ESPECIALIZACION PROFESIONAL
ESPECIALIZACION EN MEDICINA DE URGENCIAS,Posgrado,Especialización médico quirúrgica,ESPECIALIZACION PROFESIONAL
ESPECIALIZACION EN MEDICINA DEL DEPORTE Y DE LA ACTIVIDAD FISICA,Posgrado,Especialización médico quirúrgica,ESPECIALIZACION PROFESIONAL
ESPECIALIZACIÓN EN MEDICINA DEL DEPORTE Y LA ACTIVIDAD FISICA,Posgrado,Especialización médico quirúrgica,ESPECIALIZACION PROFESIONAL
ESPECIALIZACION EN MEDICINA DEL DOLOR Y CUIDADOS PALIATIVOS,Posgrado,Especialización médico quirúrgica,ESPECIALIZACION PROFESIONAL
Especialización en Medicina del Dolor y Cuidados Paliativos Pediátricos,Posgrado,Especialización médico quirúrgica,ESPECIALIZACION PROFESIONAL
Especialización en Medicina Deportiva Equina,Posgrado,Especialización universitaria,ESPECIALIZACION PROFESIONAL
ESPECIALIZACION EN MEDICINA FAMILIAR,Posgrado,Especialización médico quirúrgica,ESPECIALIZACION PROFESIONAL
ESPECIALIZACION EN MEDICINA FAMILIAR INTEGRAL,Posgrado,Especialización médico quirúrgica,ESPECIALIZACION PROFESIONAL
ESPECIALIZACION EN MEDICINA FISICA Y REHABILITACION,Posgrado,Especialización médico quirúrgica,ESPECIALIZACION PROFESIONAL
ESPECIALIZACION EN MEDICINA FORENSE,Posgrado,Especialización médico quirúrgica,ESPECIALIZACION PROFESIONAL
ESPECIALIZACIÓN EN MEDICINA HOMEOPATICA,Posgrado,Especialización médico quirúrgica,ESPECIALIZACION PROFESIONAL
ESPECIALIZACIÓN EN MEDICINA HOMEOPÁTICA VETERINARIA,Posgrado,Especialización universitaria,ESPECIALIZACION PROFESIONAL
ESPECIALIZACION EN MEDICINA INTERNA,Posgrado,Especialización médico quirúrgica,ESPECIALIZACION PROFESIONAL
ESPECIALIZACIÓN EN MEDICINA INTERNA DE GRANDES ANIMALES,Posgrado,Especialización universitaria,ESPECIALIZACION PROFESIONAL
ESPECIALIZACIÓN EN MEDICINA INTERNA DE PEQUEÑOS ANIMALES,Posgrado,Especialización universitaria,ESPECIALIZACION PROFESIONAL
Especialización en Medicina Interna en Caninos y Felinos,Posgrado,Especialización universitaria,ESPECIALIZACION PROFESIONAL
ESPECIALIZACION EN MEDICINA INTERNA - GERIATRIA,Posgrado,Especialización médico quirúrgica,ESPECIALIZACION PROFESIONAL
ESPECIALIZACION EN MEDICINA MATERNO FETAL,Posgrado,Especialización médico quirúrgica,ESPECIALIZACION PROFESIONAL
ESPECIALIZACION EN MEDICINA NUCLEAR,Posgrado,Especialización médico quirúrgica,ESPECIALIZACION PROFESIONAL
ESPECIALIZACION EN MEDICINA REPRODUCTIVA,Posgrado,Especialización médico quirúrgica,ESPECIALIZACION PROFESIONAL
ESPECIALIZACION EN MEDICINA VASCULAR,Posgrado,Especialización médico quirúrgica,ESPECIALIZACION PROFESIONAL
ESPECIALIZACIÓN EN MEDICINA Y CIRUGÍA EN ANIMALES DE COMPAÑÍA,Posgrado,Especialización universitaria,ESPECIALIZACION PROFESIONAL
ESPECIALIZACION EN MEDIO AMBIENTE Y GEOINFORMATICA,Posgrado,Especialización universitaria,ESPECIALIZACION PROFESIONAL
ESPECIALIZACION EN  MEJORAMIENTO ANIMAL,Posgrado,Especialización universitaria,ESPECIALIZACION PROFESIONAL
Especialización en Mejoramiento de la Calidad en Salud,Posgrado,Especialización universitaria,ESPECIALIZACION PROFESIONAL
"Especialización en Memorias Colectivas, Derechos Humanos y Resistencias",Posgrado,Especialización universitaria,ESPECIALIZACION PROFESIONAL
ESPECIALIZACION EN MERCADEO,Posgrado,Especialización universitaria,ESPECIALIZACION PROFESIONAL
ESPECIALIZACION EN MERCADEO CORPORATIVO,Posgrado,Especialización universitaria,ESPECIALIZACION PROFESIONAL
ESPECIALIZACION EN MERCADEO DE CAPITALES Y BANCA DE INVERSION,Posgrado,Especialización universitaria,ESPECIALIZACION PROFESIONAL
ESPECIALIZACION EN MERCADEO DE SERVICIOS,Posgrado,Especialización universitaria,ESPECIALIZACION PROFESIONAL
ESPECIALIZACIÓN EN MERCADEO DEPORTIVO,Posgrado,Especialización universitaria,ESPECIALIZACION PROFESIONAL
ESPECIALIZACION EN MERCADEO ESTRATEGICO,Posgrado,Especialización universitaria,ESPECIALIZACION PROFESIONAL
ESPECIALIZACIÓN EN MERCADEO GERENCIAL,Posgrado,Especialización universitaria,ESPECIALIZACION PROFESIONAL
Especialización en Mercadeo Global Empresarial,Posgrado,Especialización universitaria,ESPECIALIZACION PROFESIONAL
ESPECIALIZACIÓN EN MERCADEO Y NEGOCIOS INTERNACIONALES,Posgrado,Especialización universitaria,ESPECIALIZACION PROFESIONAL
ESPECIALIZACIÓN EN MERCADO DE CAPITALES Y PORTAFOLIOS DE INVERSIÓN,Posgrado,Especialización universitaria,ESPECIALIZACION PROFESIONAL
ESPECIALIZACION EN MERCADOS DE ENERGIA,Posgrado,Especialización universitaria,ESPECIALIZACION PROFESIONAL
ESPECIALIZACIÓN EN MERCADOS FINANCIEROS,Posgrado,Especialización universitaria,ESPECIALIZACION PROFESIONAL
ESPECIALIZACION EN MERCADOS Y POLITICAS DE SUELO EN AMERICA LATINA,Posgrado,Especialización universitaria,ESPECIALIZACION PROFESIONAL
Especialización en Metalurgia Extractiva Sostenible,Posgrado,Especialización universitaria,ESPECIALIZACION PROFESIONAL
Especialización en Metodología BIM Building Information Modeling,Posgrado,Especialización universitaria,ESPECIALIZACION PROFESIONAL
ESPECIALIZACIÓN EN METODOLOGÍA BIM PARA PROYECTOS DE CONSTRUCCIÓN,Posgrado,Especialización universitaria,ESPECIALIZACION PROFESIONAL
ESPECIALIZACIÓN EN METODOLOGÍAS DE CALIDAD PARA EL DESARROLLO DEL SOFTWARE,Posgrado,Especialización universitaria,ESPECIALIZACION PROFESIONAL
ESPECIALIZACIÓN EN METODOS DE ANÁLISIS DEMOGRÁFICO,Posgrado,Especialización universitaria,ESPECIALIZACION PROFESIONAL
ESPECIALIZACIÓN EN MÉTODOS DE GESTIÓN Y RESOLUCIÓN DE CONFLICTOS,Posgrado,Especialización universitaria,ESPECIALIZACION PROFESIONAL
ESPECIALIZACIÓN EN MÉTODOS ESTADÍSTICOS BÁSICOS,Posgrado,Especialización universitaria,ESPECIALIZACION PROFESIONAL
ESPECIALIZACION EN MÉTODOS NUMÉRICOS APLICADOS,Posgrado,Especialización universitaria,ESPECIALIZACION PROFESIONAL
Especialización en Métodos y Técnicas de Investigación Social,Posgrado,Especialización universitaria,ESPECIALIZACION PROFESIONAL
Especialización en Metrología,Posgrado,Especialización universitaria,ESPECIALIZACION PROFESIONAL
ESPECIALIZACION EN MICROBIOLOGIA AMBIENTAL,Posgrado,Especialización universitaria,ESPECIALIZACION PROFESIONAL
ESPECIALIZACION EN MICROBIOLOGIA MEDICA,Posgrado,Especialización universitaria,ESPECIALIZACION PROFESIONAL
ESPECIALIZACIÓN EN MODELACIÓN Y COORDINACIÓN BIM DE EDIFICACIONES Y OBRAS CIVILES,Posgrado,Especialización universitaria,ESPECIALIZACION PROFESIONAL
ESPECIALIZACIÓN EN MODELOS DE NEGOCIOS EMERGENTES,Posgrado,Especialización universitaria,ESPECIALIZACION PROFESIONAL
ESPECIALIZACION EN MOVILIDAD Y TRANSPORTE,Posgrado,Especialización universitaria,ESPECIALIZACION PROFESIONAL
Especialización en Movilidad y Transporte Urbano Sostenible,Posgrado,Especialización universitaria,ESPECIALIZACION PROFESIONAL
ESPECIALIZACION EN MULTIMEDIA INTERACTIVA,Posgrado,Especialización universitaria,ESPECIALIZACION PROFESIONAL
ESPECIALIZACION EN MULTIMEDIA Y EXPERIENCIA DE USUARIO,Posgrado,Especialización universitaria,ESPECIALIZACION PROFESIONAL
ESPECIALIZACIÓN EN NANOTECNOLOGÍA,Posgrado,Especialización universitaria,ESPECIALIZACION PROFESIONAL
ESPECIALIZACIÓN EN NANOTECNOLOGÍA APLICADA A LA INDUSTRIA DEL PETRÓLEO Y GAS,Posgrado,Especialización universitaria,ESPECIALIZACION PROFESIONAL
Especialización en Narrativas Digitales,Posgrado,Especialización universitaria,ESPECIALIZACION PROFESIONAL
ESPECIALIZACIÓN EN NARRATIVAS TRANSMEDIA,Posgrado,Especialización universitaria,ESPECIALIZACION PROFESIONAL
ESPECIALIZACIÓN EN NARRATIVAS Y LENGUAJES DIGITALES,Posgrado,Especialización universitaria,ESPECIALIZACION PROFESIONAL
"ESPECIALIZACION EN NECESIDADES DE APRENDIZAJE EN LECTURA,ESCRITURA Y MATEMATICAS",Posgrado,Especialización universitaria,ESPECIALIZACION PROFESIONAL
ESPECIALIZACION EN NEFROLOGIA,Posgrado,Especialización médico quirúrgica,ESPECIALIZACION PROFESIONAL
ESPECIALIZACION EN NEFROLOGIA PEDIATRICA,Posgrado,Especialización médico quirúrgica,ESPECIALIZACION PROFESIONAL
ESPECIALIZACION EN NEGOCIACION,Posgrado,Especialización universitaria,ESPECIALIZACION PROFESIONAL
ESPECIALIZACION EN NEGOCIACION Y MANEJO DE CONFLICTOS,Posgrado,Especialización universitaria,ESPECIALIZACION PROFESIONAL
ESPECIALIZACIÓN EN NEGOCIOS GLOBALES E INNOVACIÓN,Posgrado,Especialización universitaria,ESPECIALIZACION PROFESIONAL
ESPECIALIZACIÓN EN NEGOCIOS INTERNACIONALES,Posgrado,Especialización universitaria,ESPECIALIZACION PROFESIONAL
ESPECIALIZACION EN NEGOCIOS INTERNACIONALES CON ÉNFASIS EN COMERCIO EXTERIOR,Posgrado,Especialización universitaria,ESPECIALIZACION PROFESIONAL
ESPECIALIZACION EN NEGOCIOS INTERNACIONALES CON ENFASIS EN LOGISTICA INTERNACIONAL,Posgrado,Especialización universitaria,ESPECIALIZACION PROFESIONAL
ESPECIALIZACION EN NEGOCIOS INTERNACIONALES E INTEGRACION ECONOMICA,Posgrado,Especialización universitaria,ESPECIALIZACION PROFESIONAL
ESPECIALIZACIÓN EN NEGOCIOS Y COMERCIO ELECTRÓNICO,Posgrado,Especialización universitaria,ESPECIALIZACION PROFESIONAL
ESPECIALIZACION EN NEGOCIOS Y FINANZAS INTERNACIONALES,Posgrado,Especialización universitaria,ESPECIALIZACION PROFESIONAL
ESPECIALIZACION EN NEGOCIOS Y SERVICIOS DE TELECOMUNICACIONES,Posgrado,Especialización universitaria,ESPECIALIZACION PROFESIONAL
ESPECIALIZACION EN NEONATOLOGIA,Posgrado,Especialización médico quirúrgica,ESPECIALIZACION PROFESIONAL
ESPECIALIZACION EN NEUMOLOGIA,Posgrado,Especialización médico quirúrgica,ESPECIALIZACION PROFESIONAL
ESPECIALIZACION EN NEUMOLOGIA PEDIATRICA,Posgrado,Especialización médico quirúrgica,ESPECIALIZACION PROFESIONAL
ESPECIALIZACIÓN EN NEUROCIENCIA COGNITIVA DEL ENVEJECIMIENTO,Posgrado,Especialización universitaria,ESPECIALIZACION PROFESIONAL
Especialización en Neurociencias Jurídicas y Forenses,Posgrado,Especialización universitaria,ESPECIALIZACION PROFESIONAL
ESPECIALIZACION EN NEUROCIRUGIA,Posgrado,Especialización médico quirúrgica,ESPECIALIZACION PROFESIONAL
ESPECIALIZACIÓN EN NEURODESARROLLO Y APRENDIZAJE,Posgrado,Especialización universitaria,ESPECIALIZACION PROFESIONAL
Especialización en Neuroeducación,Posgrado,Especialización universitaria,ESPECIALIZACION PROFESIONAL
ESPECIALIZACION EN NEUROLOGIA,Posgrado,Especialización médico quirúrgica,ESPECIALIZACION PROFESIONAL
ESPECIALIZACIÓN  EN NEUROLOGÍA CLÍNICA,Posgrado,Especialización médico quirúrgica,ESPECIALIZACION PROFESIONAL
ESPECIALIZACION EN NEUROLOGIA INFANTIL,Posgrado,Especialización médico quirúrgica,ESPECIALIZACION PROFESIONAL
ESPECIALIZACION EN NEUROLOGIA PEDIATRICA,Posgrado,Especialización médico quirúrgica,ESPECIALIZACION PROFESIONAL
ESPECIALIZACION EN NEUROLOGIA PEDIATRICA PARA ESPECIALISTAS EN PEDIATRIA,Posgrado,Especialización médico quirúrgica,ESPECIALIZACION PROFESIONAL
Especialización en Neuropedagogía y Aprendizaje Autónomo,Posgrado,Especialización universitaria,ESPECIALIZACION PROFESIONAL
ESPECIALIZACIÓN EN NEUROPSICOLOGÍA CLÍNICA,Posgrado,Especialización universitaria,ESPECIALIZACION PROFESIONAL
ESPECIALIZACIÓN EN NEUROPSICOLOGÍA DE LA EDUCACIÓN,Posgrado,Especialización universitaria,ESPECIALIZACION PROFESIONAL
Especialización en Neuropsicología en la Educación,Posgrado,Especialización universitaria,ESPECIALIZACION PROFESIONAL
ESPECIALIZACIÓN EN NEUROPSICOLOGÍA ESCOLAR,Posgrado,Especialización universitaria,ESPECIALIZACION PROFESIONAL
ESPECIALIZACION EN NEUROPSICOLOGIA INFANTIL,Posgrado,Especialización universitaria,ESPECIALIZACION PROFESIONAL
ESPECIALIZACIÓN EN NEUROPSICOLOGÍA Y EDUCACIÓN,Posgrado,Especialización universitaria,ESPECIALIZACION PROFESIONAL
ESPECIALIZACION EN NEUROPSICOPEDAGOGIA,Posgrado,Especialización universitaria,ESPECIALIZACION PROFESIONAL
ESPECIALIZACIÓN EN NEUROPSICOPEDAGOGÍA INFANTIL,Posgrado,Especialización universitaria,ESPECIALIZACION PROFESIONAL
Especialización en Neuropsiquiatría,Posgrado,Especialización médico quirúrgica,ESPECIALIZACION PROFESIONAL
ESPECIALIZACION EN NEUROREHABILITACION,Posgrado,Especialización universitaria,ESPECIALIZACION PROFESIONAL
ESPECIALIZACION EN NEURORRADIOLOGIA,Posgrado,Especialización médico quirúrgica,ESPECIALIZACION PROFESIONAL
ESPECIALIZACIÓN EN NORMAS DE ASEGURAMIENTO DE LA INFORMACIÓN (NAI) Y REVISORÍA FISCAL,Posgrado,Especialización universitaria,ESPECIALIZACION PROFESIONAL
"ESPECIALIZACIÓN EN NORMAS INTERNACIONALES DE AUDITORÍA, CONTROL Y ASEGURAMIENTO DE INFORMACIÓN",Posgrado,Especialización universitaria,ESPECIALIZACION PROFESIONAL
ESPECIALIZACIÓN EN NORMAS INTERNACIONALES DE AUDITORÍA Y ASEGURAMIENTO DE LA INFORMACIÓN,Posgrado,Especialización universitaria,ESPECIALIZACION PROFESIONAL
ESPECIALIZACIÓN EN NORMAS INTERNACIONALES DE INFORMACIÓN CONTABLE Y FINANCIERA,Posgrado,Especialización universitaria,ESPECIALIZACION PROFESIONAL
ESPECIALIZACIÓN EN NORMAS INTERNACIONALES DE INFORMACIÓN FINANCIERA,Posgrado,Especialización universitaria,ESPECIALIZACION PROFESIONAL
ESPECIALIZACION EN NORMAS INTERNACIONALES DE INFORMACION FINANCIERA - NIIF,Posgrado,Especialización universitaria,ESPECIALIZACION PROFESIONAL
ESPECIALIZACIÓN EN NOTARIADO Y REGISTRO,Posgrado,Especialización universitaria,ESPECIALIZACION PROFESIONAL
ESPECIALIZACIÓN EN NUEVAS TECNOLOGÍA EN EDUCACIÓN,Posgrado,Especialización universitaria,ESPECIALIZACION PROFESIONAL
"ESPECIALIZACIÓN EN NUEVAS TECNOLOGÍAS, INNOVACIÓN Y GESTIÓN DE CIUDADES",Posgrado,Especialización universitaria,ESPECIALIZACION PROFESIONAL
ESPECIALIZACION EN NUTRICION ANIMAL,Posgrado,Especialización universitaria,ESPECIALIZACION PROFESIONAL
ESPECIALIZACION EN NUTRICION ANIMAL APLICADA,Posgrado,Especialización universitaria,ESPECIALIZACION PROFESIONAL
Especialización en Nutrición Clínica,Posgrado,Especialización universitaria,ESPECIALIZACION PROFESIONAL
ESPECIALIZACIÓN EN NUTRICIÓN DE ANIMALES DE COMPAÑÍA,Posgrado,Especialización universitaria,ESPECIALIZACION PROFESIONAL
ESPECIALIZACIÓN EN NUTRICIÓN MATERNO INFANTIL Y DEL ADOLESCENTE,Posgrado,Especialización universitaria,ESPECIALIZACION PROFESIONAL
ESPECIALIZACIÓN EN NUTRICIÓN Y ALIMENTACIÓN ANIMAL DE ESPECIES NO CONVENCIONALES,Posgrado,Especialización universitaria,ESPECIALIZACION PROFESIONAL
ESPECIALIZACION EN NUTRICION Y ALIMENTACION ANIMAL SOSTENIBLE,Posgrado,Especialización universitaria,ESPECIALIZACION PROFESIONAL
ESPECIALIZACIÓN EN OBSERVACION Y ANÁLISIS DE TENDENCIAS DE CONSUMO,Posgrado,Especialización universitaria,ESPECIALIZACION PROFESIONAL
ESPECIALIZACION EN OBSTETRICIA Y GINECOLOGIA,Posgrado,Especialización médico quirúrgica,ESPECIALIZACION PROFESIONAL
ESPECIALIZACION EN ODONTOLOGIA PEDIATRICA,Posgrado,Especialización universitaria,ESPECIALIZACION PROFESIONAL
ESPECIALIZACION EN ODONTOLOGIA PEDIATRICA Y ORTOPEDIA MAXILAR,Posgrado,Especialización universitaria,ESPECIALIZACION PROFESIONAL
ESPECIALIZACION EN ODONTOPEDIATRIA,Posgrado,Especialización universitaria,ESPECIALIZACION PROFESIONAL
ESPECIALIZACION EN ODONTOPEDIATRIA CLINICA Y ORTODONCIA PREVENTIVA,Posgrado,Especialización universitaria,ESPECIALIZACION PROFESIONAL
ESPECIALIZACION EN ODONTOPEDIATRIA Y ORTOPEDIA MAXILAR,Posgrado,Especialización universitaria,ESPECIALIZACION PROFESIONAL
ESPECIALIZACION EN OFTALMOLOGIA,Posgrado,Especialización médico quirúrgica,ESPECIALIZACION PROFESIONAL
ESPECIALIZACIÓN EN ONCOLOGÍA CLÍNICA,Posgrado,Especialización médico quirúrgica,ESPECIALIZACION PROFESIONAL
ESPECIALIZACIÓN EN ONCOLOGÍA CLÍNICA DE PEQUEÑOS ANIMALES,Posgrado,Especialización universitaria,ESPECIALIZACION PROFESIONAL
ESPECIALIZACIÓN EN ONCOLOGÍA RADIOTERÁPICA,Posgrado,Especialización médico quirúrgica,ESPECIALIZACION PROFESIONAL
Especialización en Operaciones Bursátiles,Posgrado,Especialización universitaria,ESPECIALIZACION PROFESIONAL
ESPECIALIZACIÓN EN OPERACIONES DE CIBERSEGURIDAD,Posgrado,Especialización universitaria,ESPECIALIZACION PROFESIONAL
ESPECIALIZACION EN OPERATORIA DENTAL ESTETICA,Posgrado,Especialización universitaria,ESPECIALIZACION PROFESIONAL
ESPECIALIZACION EN OPERATORIA DENTAL ESTETICA Y MATERIALES DENTALES,Posgrado,Especialización universitaria,ESPECIALIZACION PROFESIONAL
ESPECIALIZACION EN OPINION PUBLICA Y MERCADEO POLITICO,Posgrado,Especialización universitaria,ESPECIALIZACION PROFESIONAL
ESPECIALIZACIÓN EN OPTOMETRÍA PEDIÁTRICA,Posgrado,Especialización universitaria,ESPECIALIZACION PROFESIONAL
Especialización en Optometría Pediátrica y Terapia Visual,Posgrado,Especialización universitaria,ESPECIALIZACION PROFESIONAL
ESPECIALIZACION EN ORGANIZACION INTEGRAL DE EVENTOS,Posgrado,Especialización universitaria,ESPECIALIZACION PROFESIONAL
"ESPECIALIZACION EN ORGANIZACIONES, RESPONSABILIDAD SOCIAL Y DESARROLLO",Posgrado,Especialización universitaria,ESPECIALIZACION PROFESIONAL
ESPECIALIZACIÓN EN ORIENTACIÓN SOCIO - OCUPACIONAL,Posgrado,Especialización universitaria,ESPECIALIZACION PROFESIONAL
ESPECIALIZACION EN ORTODONCIA,Posgrado,Especialización universitaria,ESPECIALIZACION PROFESIONAL
ESPECIALIZACION EN ORTODONCIA Y ORTOPEDIA DENTOFACIAL,Posgrado,Especialización universitaria,ESPECIALIZACION PROFESIONAL
ESPECIALIZACION EN ORTODONCIA Y ORTOPEDIA MAXILAR,Posgrado,Especialización universitaria,ESPECIALIZACION PROFESIONAL
ESPECIALIZACION EN ORTOPEDIA ONCOLOGICA,Posgrado,Especialización médico quirúrgica,ESPECIALIZACION PROFESIONAL
ESPECIALIZACION EN ORTOPEDIA Y TRAUMATOLOGIA,Posgrado,Especialización médico quirúrgica,ESPECIALIZACION PROFESIONAL
ESPECIALIZACION EN ORTOPEDIA Y TRAUMATOLOGIA PEDIATRICA,Posgrado,Especialización médico quirúrgica,ESPECIALIZACION PROFESIONAL
ESPECIALIZACIÓN EN ORTÓPTICA Y TERAPIA VISUAL,Posgrado,Especialización universitaria,ESPECIALIZACION PROFESIONAL
ESPECIALIZACION EN OTOLOGIA,Posgrado,Especialización médico quirúrgica,ESPECIALIZACION PROFESIONAL
ESPECIALIZACION EN OTOLOGIA Y NEUROTOLOGIA,Posgrado,Especialización médico quirúrgica,ESPECIALIZACION PROFESIONAL
ESPECIALIZACION EN OTOLOGIA Y OTONEUROLOGIA,Posgrado,Especialización médico quirúrgica,ESPECIALIZACION PROFESIONAL
ESPECIALIZACION EN OTORRINOLARINGOLOGIA,Posgrado,Especialización médico quirúrgica,ESPECIALIZACION PROFESIONAL
ESPECIALIZACION EN PAISAJISMO,Posgrado,Especialización universitaria,ESPECIALIZACION PROFESIONAL
ESPECIALIZACION EN PATOLOGIA,Posgrado,Especialización médico quirúrgica,ESPECIALIZACION PROFESIONAL
ESPECIALIZACION EN PATOLOGIA DE LA CONSTRUCCION,Posgrado,Especialización universitaria,ESPECIALIZACION PROFESIONAL
ESPECIALIZACION EN PATOLOGIA DE LA EDIFICACION Y TECNICAS DE INTERVENCION Y PREVENCION,Posgrado,Especialización universitaria,ESPECIALIZACION PROFESIONAL
ESPECIALIZACIÓN EN PATOLOGÍA E INTERVENCIÓN DE LAS CONTRUCCIONES,Posgrado,Especialización universitaria,ESPECIALIZACION PROFESIONAL
ESPECIALIZACION EN PATOLOGIA ORAL Y MEDIOS DIAGNOSTICOS,Posgrado,Especialización universitaria,ESPECIALIZACION PROFESIONAL
ESPECIALIZACION EN PATOLOGIA Y CIRUGIA BUCAL,Posgrado,Especialización médico quirúrgica,ESPECIALIZACION PROFESIONAL
ESPECIALIZACIÓN EN PATRIMONIO CULTURAL SUMERGIDO,Posgrado,Especialización universitaria,ESPECIALIZACION PROFESIONAL
ESPECIALIZACIÓN EN PAVIMENTOS  Y GEOTECNIA VIAL,Posgrado,Especialización universitaria,ESPECIALIZACION PROFESIONAL
ESPECIALIZACIÓN EN PAZ Y DESARROLLO TERRITORIAL,Posgrado,Especialización universitaria,ESPECIALIZACION PROFESIONAL
ESPECIALIZACION EN PEDAGOGIA,Posgrado,Especialización universitaria,ESPECIALIZACION PROFESIONAL
ESPECIALIZACIÓN EN PEDAGOGÍA AMBIENTAL,Posgrado,Especialización universitaria,ESPECIALIZACION PROFESIONAL
ESPECIALIZACION EN PEDAGOGIA DE LA CREATIVIDAD,Posgrado,Especialización universitaria,ESPECIALIZACION PROFESIONAL
ESPECIALIZACION EN PEDAGOGIA DE LA LECTOESCRITURA Y LA MATEMATICA,Posgrado,Especialización universitaria,ESPECIALIZACION PROFESIONAL
ESPECIALIZACIÓN EN PEDAGOGÍA DE LA LENGUA CASTELLANA Y LITERATURA,Posgrado,Especialización universitaria,ESPECIALIZACION PROFESIONAL
ESPECIALIZACION EN PEDAGOGIA DE LA LUDICA,Posgrado,Especialización universitaria,ESPECIALIZACION PROFESIONAL
ESPECIALIZACION EN PEDAGOGIA DE LA VIRTUALIDAD,Posgrado,Especialización universitaria,ESPECIALIZACION PROFESIONAL
ESPECIALIZACION EN PEDAGOGIA DE LOS DERECHOS HUMANOS,Posgrado,Especialización universitaria,ESPECIALIZACION PROFESIONAL
ESPECIALIZACION EN PEDAGOGIA DEL DISEÑO,Posgrado,Especialización universitaria,ESPECIALIZACION PROFESIONAL
ESPECIALIZACIÓN EN PEDAGOGÍA DEL ENTRENAMIENTO DEPORTIVO,Posgrado,Especialización universitaria,ESPECIALIZACION PROFESIONAL
ESPECIALIZACION EN PEDAGOGIA E INVESTIGACION EN EL AULA,Posgrado,Especialización universitaria,ESPECIALIZACION PROFESIONAL
ESPECIALIZACION EN PEDAGOGIA INFANTIL,Posgrado,Especialización universitaria,ESPECIALIZACION PROFESIONAL
ESPECIALIZACIÓN EN PEDAGOGÍA PARA EL DESARROLLO DE LA INTELIGENCIA,Posgrado,Especialización universitaria,ESPECIALIZACION PROFESIONAL
ESPECIALIZACIÓN EN PEDAGOGÍA PARA LA EDUCACIÓN SUPERIOR,Posgrado,Especialización universitaria,ESPECIALIZACION PROFESIONAL
ESPECIALIZACION EN PEDAGOGIA UNIVERSITARIA,Posgrado,Especialización universitaria,ESPECIALIZACION PROFESIONAL
ESPECIALIZACION EN PEDAGOGIA Y DESARROLLO HUMANO,Posgrado,Especialización universitaria,ESPECIALIZACION PROFESIONAL
ESPECIALIZACION EN PEDAGOGIA Y DIDACTICA,Posgrado,Especialización universitaria,ESPECIALIZACION PROFESIONAL
ESPECIALIZACION EN PEDAGOGIA Y DIDACTICAS ESPECIFICAS,Posgrado,Especialización universitaria,ESPECIALIZACION PROFESIONAL
ESPECIALIZACIÓN EN PEDAGOGÍA  Y DOCENCIA,Posgrado,Especialización universitaria,ESPECIALIZACION PROFESIONAL
ESPECIALIZACION EN PEDAGOGIA Y DOCENCIA UNIVERSITARIA,Posgrado,Especialización universitaria,ESPECIALIZACION PROFESIONAL
ESPECIALIZACION EN PEDAGOGIAS PARA LA PRIMERA INFANCIA,Posgrado,Especialización universitaria,ESPECIALIZACION PROFESIONAL
ESPECIALIZACION EN PEDIATRIA,Posgrado,Especialización médico quirúrgica,ESPECIALIZACION PROFESIONAL
ESPECIALIZACIÓN EN PENSAMIENTO CRÍTICO Y ARGUMENTACIÓN JURÍDICA,Posgrado,Especialización universitaria,ESPECIALIZACION PROFESIONAL
ESPECIALIZACIÓN EN PENSIONES Y RIESGOS LABORALES,Posgrado,Especialización universitaria,ESPECIALIZACION PROFESIONAL
ESPECIALIZACION EN PERFUSION Y CIRCULACION EXTRACORPOREA,Posgrado,Especialización universitaria,ESPECIALIZACION PROFESIONAL
ESPECIALIZACIÓN EN PERIDISMO DIGITAL,Posgrado,Especialización universitaria,ESPECIALIZACION PROFESIONAL
ESPECIALIZACION EN PERIODISMO DEPORTIVO,Posgrado,Especialización universitaria,ESPECIALIZACION PROFESIONAL
ESPECIALIZACION EN PERIODISMO Y NARRATIVAS DIGITALES,Posgrado,Especialización universitaria,ESPECIALIZACION PROFESIONAL
ESPECIALIZACION  EN PERIODONCIA,Posgrado,Especialización universitaria,ESPECIALIZACION PROFESIONAL
ESPECIALIZACION EN PERIODONCIA Y MEDICINA ORAL,Posgrado,Especialización universitaria,ESPECIALIZACION PROFESIONAL
ESPECIALIZACION EN PERIODONCIA Y OSEOINTEGRACION,Posgrado,Especialización universitaria,ESPECIALIZACION PROFESIONAL
Especialización en Peritaje Social,Posgrado,Especialización universitaria,ESPECIALIZACION PROFESIONAL
ESPECIALIZACIÓN EN PLANEACIÓN ESTRATÉGICA Y PROSPECTIVA,Posgrado,Especialización universitaria,ESPECIALIZACION PROFESIONAL
"ESPECIALIZACION EN PLANEACION, GESTION Y CONTROL DEL DESARROLLO SOCIAL",Posgrado,Especialización universitaria,ESPECIALIZACION PROFESIONAL
ESPECIALIZACION EN PLANEACION TERRITORIAL,Posgrado,Especialización universitaria,ESPECIALIZACION PROFESIONAL
ESPECIALIZACION EN  PLANEACIÓN TRIBUTARIA,Posgrado,Especialización universitaria,ESPECIALIZACION PROFESIONAL
ESPECIALIZACIÓN EN PLANEACIÓN URBANA,Posgrado,Especialización universitaria,ESPECIALIZACION PROFESIONAL
ESPECIALIZACION EN PLANEACION Y GESTION DEL DESARROLLO TERRITORIAL,Posgrado,Especialización universitaria,ESPECIALIZACION PROFESIONAL
ESPECIALIZACIÓN EN PLANEACIÓN Y GESTIÓN ESTRATÉGICA,Posgrado,Especialización universitaria,ESPECIALIZACION PROFESIONAL
ESPECIALIZACION EN PLANEAMIENTO ENERGETICO,Posgrado,Especialización universitaria,ESPECIALIZACION PROFESIONAL
ESPECIALIZACIÓN EN PLANIFICACIÓN DEL TURISMO SOSTENIBLE,Posgrado,Especialización universitaria,ESPECIALIZACION PROFESIONAL
ESPECIALIZACIÓN EN PLANIFICACIÓN PARA EL DESARROLLO TERRITORIAL,Posgrado,Especialización universitaria,ESPECIALIZACION PROFESIONAL
ESPECIALIZACION EN PLANIFICACION Y GESTION DEL DESARROLLO SOCIAL,Posgrado,Especialización universitaria,ESPECIALIZACION PROFESIONAL
ESPECIALIZACIÓN EN PLANIFICACIÓN Y REGULACIÓN ENERGÉTICA,Posgrado,Especialización universitaria,ESPECIALIZACION PROFESIONAL
Especialización en Plantaciones y Restauración Forestal,Posgrado,Especialización universitaria,ESPECIALIZACION PROFESIONAL
ESPECIALIZACIÓN EN PLANTAS MEDICINALES,Posgrado,Especialización universitaria,ESPECIALIZACION PROFESIONAL
ESPECIALIZACIÓN EN POLÍTICA DE DEFENSA Y SEGURIDAD INTERNACIONAL,Posgrado,Especialización universitaria,ESPECIALIZACION PROFESIONAL
"Especialización en Política Local, Negociación y Toma de Decisiones",Posgrado,Especialización universitaria,ESPECIALIZACION PROFESIONAL
ESPECIALIZACIÓN EN POLÍTICA Y ESTRATEGIA MARÍTIMA,Posgrado,Especialización universitaria,ESPECIALIZACION PROFESIONAL
Especialización en Políticas del Cuidado con Perspectiva de Género,Posgrado,Especialización universitaria,ESPECIALIZACION PROFESIONAL
Especialización en Políticas Públicas,Posgrado,Especialización universitaria,ESPECIALIZACION PROFESIONAL
Especialización en Políticas Públicas para el Desarrollo,Posgrado,Especialización universitaria,ESPECIALIZACION PROFESIONAL
ESPECIALIZACIÓN EN POLÍTICAS PÚBLICAS Y BIENESTAR SOCIAL,Posgrado,Especialización universitaria,ESPECIALIZACION PROFESIONAL
Especialización en Políticas Públicas y Desarrollo Regional,Posgrado,Especialización universitaria,ESPECIALIZACION PROFESIONAL
ESPECIALIZACIÓN EN POLÍTICAS PÚBLICAS Y GOBERNANZA TERRITORIAL,Posgrado,Especialización universitaria,ESPECIALIZACION PROFESIONAL
ESPECIALIZACION EN POLITICAS Y LEGISLACION TRIBUTARIA,Posgrado,Especialización universitaria,ESPECIALIZACION PROFESIONAL
ESPECIALIZACION EN PRACTICA PEDAGOGICA,Posgrado,Especialización universitaria,ESPECIALIZACION PROFESIONAL
ESPECIALIZACIÓN EN PRESERVACIÓN Y CONSERVACIÓN DE LOS RECURSOS NATURALES,Posgrado,Especialización universitaria,ESPECIALIZACION PROFESIONAL
ESPECIALIZACION EN PREVENCIÓN DE LA VIOLENCIA INTRAFAMILIAR: NIÑEZ Y ADOLESCENCIA,Posgrado,Especialización universitaria,ESPECIALIZACION PROFESIONAL
"ESPECIALIZACIÓN EN PREVENCIÓN, REDUCCIÓN Y ATENCIÓN DE DESASTRES",Posgrado,Especialización universitaria,ESPECIALIZACION PROFESIONAL
ESPECIALIZACIÓN EN PROBLEMAS DE LA INFANCIA Y DE LA ADOLESCENCIA,Posgrado,Especialización universitaria,ESPECIALIZACION PROFESIONAL
ESPECIALIZACIÓN EN PROCEDIMIENTO CIVIL ORAL,Posgrado,Especialización universitaria,ESPECIALIZACION PROFESIONAL
ESPECIALIZACION EN PROCEDIMIENTO PENAL CONSTITUCIONAL Y JUSTICIA MILITAR,Posgrado,Especialización universitaria,ESPECIALIZACION PROFESIONAL
ESPECIALIZACIÓN EN PROCEDIMIENTOS EN DERECHO DE FAMILIA,Posgrado,Especialización universitaria,ESPECIALIZACION PROFESIONAL
ESPECIALIZACION EN PROCESOS DE DESARROLLO DE SOFTWARE,Posgrado,Especialización universitaria,ESPECIALIZACION PROFESIONAL
ESPECIALIZACION EN PROCESOS DE INTERVENCION SOCIAL,Posgrado,Especialización universitaria,ESPECIALIZACION PROFESIONAL
ESPECIALIZACIÓN EN PROCESOS HUMANOS Y DESARROLLO ORGANIZACIONAL,Posgrado,Especialización universitaria,ESPECIALIZACION PROFESIONAL
ESPECIALIZACIÓN EN PROCESOS INDUSTRIALES AGROALIMENTARIOS,Posgrado,Especialización universitaria,ESPECIALIZACION PROFESIONAL
ESPECIALIZACION EN PROCESOS PEDAGOGICOS DEL ENTRENAMIENTO DEPORTIVO,Posgrado,Especialización universitaria,ESPECIALIZACION PROFESIONAL
ESPECIALIZACION EN PRODUCCION AGRICOLA TROPICAL SOSTENIBLE,Posgrado,Especialización universitaria,ESPECIALIZACION PROFESIONAL
Especialización en Producción Agroalimentaria Sostenible,Posgrado,Especialización universitaria,ESPECIALIZACION PROFESIONAL
ESPECIALIZACION EN PRODUCCION ANIMAL,Posgrado,Especialización universitaria,ESPECIALIZACION PROFESIONAL
ESPECIALIZACION EN PRODUCCION BOVINA TROPICAL,Posgrado,Especialización universitaria,ESPECIALIZACION PROFESIONAL
ESPECIALIZACIÓN EN PRODUCCIÓN DE FOTOGRAFÍA PUBLICITARIA,Posgrado,Especialización tecnológica,ESPECIALIZACION PROFESIONAL
ESPECIALIZACION EN PRODUCCION DE HIDROCARBUROS,Posgrado,Especialización universitaria,ESPECIALIZACION PROFESIONAL
ESPECIALIZACIÓN EN PRODUCCIÓN SOSTENIBLE DE PAPA,Posgrado,Especialización universitaria,ESPECIALIZACION PROFESIONAL
ESPECIALIZACION EN PRODUCCION Y COMERCIO DE CAFE,Posgrado,Especialización universitaria,ESPECIALIZACION PROFESIONAL
Especialización en Producción y Comercio del Café,Posgrado,Especialización universitaria,ESPECIALIZACION PROFESIONAL
ESPECIALIZACIÓN EN PRODUCCIÓN Y GESTIÓN DE PROYECTOS AUDIOVISUALES,Posgrado,Especialización universitaria,ESPECIALIZACION PROFESIONAL
ESPECIALIZACION EN PRODUCTIVIDAD Y CALIDAD,Posgrado,Especialización universitaria,ESPECIALIZACION PROFESIONAL
ESPECIALIZACIÓN EN PRODUCTOS Y SERVICIOS FINANCIEROS,Posgrado,Especialización universitaria,ESPECIALIZACION PROFESIONAL
ESPECIALIZACIÓN EN PROGRAMACIÓN APLICADA,Posgrado,Especialización universitaria,ESPECIALIZACION PROFESIONAL
Especialización en Programación para Ciencia de Datos,Posgrado,Especialización universitaria,ESPECIALIZACION PROFESIONAL
ESPECIALIZACION EN PROMOCION PSICOSOCIAL PARA LA SALUD,Posgrado,Especialización universitaria,ESPECIALIZACION PROFESIONAL
ESPECIALIZACIÓN EN PROMOCIÓN Y COMUNICACIÓN PARA LA SALUD,Posgrado,Especialización universitaria,ESPECIALIZACION PROFESIONAL
ESPECIALIZACIÓN EN PROMOCIÓN Y DEFENSA DE LOS DERECHOS HUMANOS,Posgrado,Especialización universitaria,ESPECIALIZACION PROFESIONAL
"ESPECIALIZACION EN PROPIEDAD INDUSTRIAL, DERECHOS DE AUTOR Y NUEVAS TECNOLOGIAS",Posgrado,Especialización universitaria,ESPECIALIZACION PROFESIONAL
ESPECIALIZACION EN PROPIEDAD INTELECTUAL,Posgrado,Especialización universitaria,ESPECIALIZACION PROFESIONAL
Especialización en Prospectiva Estratégica,Posgrado,Especialización universitaria,ESPECIALIZACION PROFESIONAL
ESPECIALIZACIÓN EN PROSPECTIVA ESTRATÉGICA TERRITORIAL,Posgrado,Especialización universitaria,ESPECIALIZACION PROFESIONAL
Especialización en Prospectiva Territorial,Posgrado,Especialización universitaria,ESPECIALIZACION PROFESIONAL
ESPECIALIZACION EN PROSTODONCIA,Posgrado,Especialización universitaria,ESPECIALIZACION PROFESIONAL
Especialización en Protección y Bienestar Animal,Posgrado,Especialización universitaria,ESPECIALIZACION PROFESIONAL
ESPECIALIZACION EN PROYECTOS DE ARQUITECTURA INTERIOR,Posgrado,Especialización universitaria,ESPECIALIZACION PROFESIONAL
ESPECIALIZACION EN PROYECTOS DE DESARROLLO,Posgrado,Especialización universitaria,ESPECIALIZACION PROFESIONAL
ESPECIALIZACION EN PROYECTOS INFORMATICOS,Posgrado,Especialización universitaria,ESPECIALIZACION PROFESIONAL
ESPECIALIZACIÓN EN PSICOGERONTOLOGÍA,Posgrado,Especialización universitaria,ESPECIALIZACION PROFESIONAL
ESPECIALIZACION EN PSICOLOGIA CLINICA,Posgrado,Especialización universitaria,ESPECIALIZACION PROFESIONAL
ESPECIALIZACION EN PSICOLOGIA CLINICA CON ORIENTACION PSICOANALITICA,Posgrado,Especialización universitaria,ESPECIALIZACION PROFESIONAL
ESPECIALIZACIÓN EN PSICOLOGÍA CLÍNICA DE LA NIÑEZ Y LA ADOLESCENCIA,Posgrado,Especialización universitaria,ESPECIALIZACION PROFESIONAL
ESPECIALIZACIÓN EN PSICOLOGÍA CLÍNICA DEL NIÑO Y DEL ADOLESCENTE,Posgrado,Especialización universitaria,ESPECIALIZACION PROFESIONAL
ESPECIALIZACIÓN EN PSICOLOGÍA CLÍNICA. ÉNFASIS EN PSICOTERAPIA CON NIÑOS Y ADOLESCENTES,Posgrado,Especialización universitaria,ESPECIALIZACION PROFESIONAL
"ESPECIALIZACION EN PSICOLOGIA CLÍNICA INFANTIL, DEL ADOLESCENTE Y LA FAMILIA",Posgrado,Especialización universitaria,ESPECIALIZACION PROFESIONAL
ESPECIALIZACIÓN EN PSICOLOGIA CLINICA Y AUTOEFICACIA PERSONAL,Posgrado,Especialización universitaria,ESPECIALIZACION PROFESIONAL
ESPECIALIZACION EN PSICOLOGIA CLINICA Y DE LA SALUD,Posgrado,Especialización universitaria,ESPECIALIZACION PROFESIONAL
ESPECIALIZACIÓN EN PSICOLOGIA CLINICA Y DESARROLLO INFANTIL,Posgrado,Especialización universitaria,ESPECIALIZACION PROFESIONAL
ESPECIALIZACIÓN EN PSICOLOGÍA DE LA ACTIVIDAD FÍSICA Y DEL DEPORTE,Posgrado,Especialización universitaria,ESPECIALIZACION PROFESIONAL
ESPECIALIZACION EN PSICOLOGIA DE LA EDUCACION,Posgrado,Especialización universitaria,ESPECIALIZACION PROFESIONAL
ESPECIALIZACIÓN EN PSICOLOGÍA DE LA SALUD OCUPACIONAL,Posgrado,Especialización universitaria,ESPECIALIZACION PROFESIONAL
Especialización en Psicología de la Salud y la Seguridad en el Trabajo,Posgrado,Especialización universitaria,ESPECIALIZACION PROFESIONAL
ESPECIALIZACIÓN EN PSICOLOGÍA DE LA SEGURIDAD Y SALUD EN EL TRABAJO,Posgrado,Especialización universitaria,ESPECIALIZACION PROFESIONAL
ESPECIALIZACION EN PSICOLOGIA DE LAS ORGANIZACIONES,Posgrado,Especialización universitaria,ESPECIALIZACION PROFESIONAL
ESPECIALIZACION EN PSICOLOGIA DE LAS ORGANIZACIONES Y DEL TRABAJO,Posgrado,Especialización universitaria,ESPECIALIZACION PROFESIONAL
ESPECIALIZACION EN PSICOLOGÍA DE LOS CUIDADOS PALIATIVOS,Posgrado,Especialización universitaria,ESPECIALIZACION PROFESIONAL
ESPECIALIZACION EN PSICOLOGIA DEL CONSUMIDOR,Posgrado,Especialización universitaria,ESPECIALIZACION PROFESIONAL
ESPECIALIZACIÓN EN PSICOLOGÍA DEL DEPORTE,Posgrado,Especialización universitaria,ESPECIALIZACION PROFESIONAL
ESPECIALIZACIÓN EN PSICOLOGÍA DEL DEPORTE Y DEL EJERCICIO,Posgrado,Especialización universitaria,ESPECIALIZACION PROFESIONAL
ESPECIALIZACION EN PSICOLOGIA DEL DEPORTE Y EL EJERCICIO,Posgrado,Especialización universitaria,ESPECIALIZACION PROFESIONAL
ESPECIALIZACION EN PSICOLOGIA EDUCATIVA,Posgrado,Especialización universitaria,ESPECIALIZACION PROFESIONAL
ESPECIALIZACION EN PSICOLOGIA FORENSE,Posgrado,Especialización universitaria,ESPECIALIZACION PROFESIONAL
ESPECIALIZACIÓN EN PSICOLOGÍA FORENSE Y CRIMINAL,Posgrado,Especialización universitaria,ESPECIALIZACION PROFESIONAL
Especialización en Psicología Jurídica,Posgrado,Especialización universitaria,ESPECIALIZACION PROFESIONAL
ESPECIALIZACION EN PSICOLOGÍA JURÍDICA: VALORACION DEL DAÑO EN LA SALUD MENTAL,Posgrado,Especialización universitaria,ESPECIALIZACION PROFESIONAL
ESPECIALIZACION EN PSICOLOGIA JURIDICA Y CRIMINOLOGICA,Posgrado,Especialización universitaria,ESPECIALIZACION PROFESIONAL
ESPECIALIZACION EN PSICOLOGIA JURIDICA Y FORENSE,Posgrado,Especialización universitaria,ESPECIALIZACION PROFESIONAL
ESPECIALIZACION EN PSICOLOGIA MEDICA Y DE LA SALUD,Posgrado,Especialización universitaria,ESPECIALIZACION PROFESIONAL
ESPECIALIZACION EN PSICOLOGIA ORGANIZACIONAL,Posgrado,Especialización universitaria,ESPECIALIZACION PROFESIONAL
ESPECIALIZACION EN PSICOLOGIA ORGANIZACIONAL Y DE LA SEGURIDAD Y SALUD EN EL TRABAJO,Posgrado,Especialización universitaria,ESPECIALIZACION PROFESIONAL
ESPECIALIZACION EN PSICOLOGIA ORGANIZACIONAL Y DEL TRABAJO,Posgrado,Especialización universitaria,ESPECIALIZACION PROFESIONAL
ESPECIALIZACIÓN EN PSICOLOGÍA SOCIAL APLICADA,Posgrado,Especialización universitaria,ESPECIALIZACION PROFESIONAL
ESPECIALIZACIÓN EN PSICOLOGÍA SOCIAL COMUNITARIA,Posgrado,Especialización universitaria,ESPECIALIZACION PROFESIONAL
ESPECIALIZACIÓN EN PSICOLOGÍA SOCIAL COMUNITARIA Y ACCIÓN PSICOSOCIAL,Posgrado,Especialización universitaria,ESPECIALIZACION PROFESIONAL
"ESPECIALIZACIÓN EN PSICOLOGÍA SOCIAL, COOPERACIÓN Y GESTIÓN COMUNITARIA",Posgrado,Especialización universitaria,ESPECIALIZACION PROFESIONAL
ESPECIALIZACIÓN EN PSICOONCOLOGÍA,Posgrado,Especialización universitaria,ESPECIALIZACION PROFESIONAL
ESPECIALIZACIÓN EN PSICOPATOLOGÍA Y ESTRUCTURAS CLÍNICAS,Posgrado,Especialización universitaria,ESPECIALIZACION PROFESIONAL
Especialización en Psicopedagogía y Docencia,Posgrado,Especialización universitaria,ESPECIALIZACION PROFESIONAL
ESPECIALIZACION EN PSIQUIATRIA,Posgrado,Especialización médico quirúrgica,ESPECIALIZACION PROFESIONAL
ESPECIALIZACION EN PSIQUIATRIA DE ENLACE,Posgrado,Especialización médico quirúrgica,ESPECIALIZACION PROFESIONAL
ESPECIALIZACIÓN EN PSIQUIATRÍA DE NIÑOS Y ADOLESCE,Posgrado,Especialización médico quirúrgica,ESPECIALIZACION PROFESIONAL
ESPECIALIZACION EN PSIQUIATRIA DE NIÑOS Y ADOLESCENTES,Posgrado,Especialización médico quirúrgica,ESPECIALIZACION PROFESIONAL
ESPECIALIZACIÓN EN PSIQUIATRíA GERIÁTRICA,Posgrado,Especialización médico quirúrgica,ESPECIALIZACION PROFESIONAL
ESPECIALIZACION EN PSIQUIATRIA INFANTIL Y DEL ADOLESCENTE,Posgrado,Especialización médico quirúrgica,ESPECIALIZACION PROFESIONAL
ESPECIALIZACIÓN EN PSIQUIATRÍA PEDIÁTRICA,Posgrado,Especialización médico quirúrgica,ESPECIALIZACION PROFESIONAL
ESPECIALIZACION EN PSIQUIATRÍA Y SALUD MENTAL,Posgrado,Especialización médico quirúrgica,ESPECIALIZACION PROFESIONAL
ESPECIALIZACIÓN  EN PUBLICIDAD DIGITAL,Posgrado,Especialización universitaria,ESPECIALIZACION PROFESIONAL
ESPECIALIZACIÓN EN QUÍMICA ORGÁNICA,Posgrado,Especialización universitaria,ESPECIALIZACION PROFESIONAL
Especialización en Química y Gestión Ambiental,Posgrado,Especialización universitaria,ESPECIALIZACION PROFESIONAL
ESPECIALIZACION EN RADIOLOGIA,Posgrado,Especialización médico quirúrgica,ESPECIALIZACION PROFESIONAL
ESPECIALIZACION EN RADIOLOGIA DE TRAUMA Y URGENCIAS,Posgrado,Especialización médico quirúrgica,ESPECIALIZACION PROFESIONAL
ESPECIALIZACION EN RADIOLOGIA E IMAGENES DIAGNOSTICAS,Posgrado,Especialización médico quirúrgica,ESPECIALIZACION PROFESIONAL
ESPECIALIZACION EN RADIOLOGIA INTERVENCIONISTA,Posgrado,Especialización médico quirúrgica,ESPECIALIZACION PROFESIONAL
Especialización en Radiología Oral y Maxilofacial,Posgrado,Especialización universitaria,ESPECIALIZACION PROFESIONAL
Especialización en Radioterapia,Posgrado,Especialización médico quirúrgica,ESPECIALIZACION PROFESIONAL
Especialización en Realidad Virtual Aplicada.,Posgrado,Especialización universitaria,ESPECIALIZACION PROFESIONAL
ESPECIALIZACION EN RECURSOS HIDRAULICOS,Posgrado,Especialización universitaria,ESPECIALIZACION PROFESIONAL
ESPECIALIZACION EN RECURSOS HIDRAULICOS Y MEDIO AMBIENTE,Posgrado,Especialización universitaria,ESPECIALIZACION PROFESIONAL
ESPECIALIZACION EN RECURSOS HIDRICOS,Posgrado,Especialización universitaria,ESPECIALIZACION PROFESIONAL
ESPECIALIZACIÓN EN RECURSOS MINERALES,Posgrado,Especialización universitaria,ESPECIALIZACION PROFESIONAL
Especialización en Recursos Zoogenéticos,Posgrado,Especialización universitaria,ESPECIALIZACION PROFESIONAL
ESPECIALIZACIÓN EN REDES DE COMPUTADORES,Posgrado,Especialización universitaria,ESPECIALIZACION PROFESIONAL
ESPECIALIZACION EN REDES DE COMUNICACION,Posgrado,Especialización universitaria,ESPECIALIZACION PROFESIONAL
ESPECIALIZACION EN REDES DE TELECOMUNICACIONES,Posgrado,Especialización universitaria,ESPECIALIZACION PROFESIONAL
ESPECIALIZACION EN REDES Y SERVICIOS TELEMATICOS,Posgrado,Especialización universitaria,ESPECIALIZACION PROFESIONAL
ESPECIALIZACIÓN EN REDISEÑO DE PRODUCTOS,Posgrado,Especialización universitaria,ESPECIALIZACION PROFESIONAL
ESPECIALIZACIÓN EN REFRIGERACIÓN Y CLIMATIZACIÓN,Posgrado,Especialización universitaria,ESPECIALIZACION PROFESIONAL
ESPECIALIZACIÓN EN REGÍMENES DISCIPLINARIOS,Posgrado,Especialización universitaria,ESPECIALIZACION PROFESIONAL
ESPECIALIZACIÓN EN REGULACION DE ENERGIA ELECTRICA Y GAS,Posgrado,Especialización universitaria,ESPECIALIZACION PROFESIONAL
ESPECIALIZACIÓN EN REGULACIÓN DE ENERGÍAS RENOVABLES Y EFICIENCIA ENERGÉTICA,Posgrado,Especialización universitaria,ESPECIALIZACION PROFESIONAL
ESPECIALIZACIÓN EN REGULACIÓN DE MERCADOS,Posgrado,Especialización universitaria,ESPECIALIZACION PROFESIONAL
"ESPECIALIZACIÓN EN REGULACIÓN Y GESTIÓN EN TIC, TELECOMUNICACIONES Y EL ECOSISTEMA DIGITAL",Posgrado,Especialización universitaria,ESPECIALIZACION PROFESIONAL
ESPECIALIZACION  EN REHABILITACION CARDIACA Y PULMONAR,Posgrado,Especialización universitaria,ESPECIALIZACION PROFESIONAL
ESPECIALIZACION EN REHABILITACION CARDIOPULMONAR,Posgrado,Especialización universitaria,ESPECIALIZACION PROFESIONAL
Especialización en Rehabilitación en Baja Visión,Posgrado,Especialización universitaria,ESPECIALIZACION PROFESIONAL
ESPECIALIZACIÓN EN REHABILITACIÓN NEUROPSICOLÓGICA,Posgrado,Especialización universitaria,ESPECIALIZACION PROFESIONAL
ESPECIALIZACIÓN EN REHABILITACIÓN ONCOLÓGICA,Posgrado,Especialización médico quirúrgica,ESPECIALIZACION PROFESIONAL
ESPECIALIZACION EN REHABILITACION ORAL,Posgrado,Especialización universitaria,ESPECIALIZACION PROFESIONAL
Especialización en Relaciones laborales y seguridad social,Posgrado,Especialización universitaria,ESPECIALIZACION PROFESIONAL
ESPECIALIZACIÓN EN RELACIONES PÚBLICAS,Posgrado,Especialización universitaria,ESPECIALIZACION PROFESIONAL
ESPECIALIZACION EN REPRODUCCION BOVINA TROPICAL Y TRANSFERENCIA DE EMBRIONES,Posgrado,Especialización universitaria,ESPECIALIZACION PROFESIONAL
ESPECIALIZACION EN RESOLUCION DE CONFLICTOS,Posgrado,Especialización universitaria,ESPECIALIZACION PROFESIONAL
"Especialización en Resolución de Conflictos, Conciliación y Paz",Posgrado,Especialización universitaria,ESPECIALIZACION PROFESIONAL
ESPECIALIZACIÓN EN RESPONSABILIDAD AMBIENTAL Y SOSTENIBILIDAD,Posgrado,Especialización universitaria,ESPECIALIZACION PROFESIONAL
ESPECIALIZACION EN RESPONSABILIDAD CIVIL,Posgrado,Especialización universitaria,ESPECIALIZACION PROFESIONAL
ESPECIALIZACION EN RESPONSABILIDAD CIVIL Y DEL ESTADO,Posgrado,Especialización universitaria,ESPECIALIZACION PROFESIONAL
ESPECIALIZACIÓN EN RESPONSABILIDAD CIVIL Y SEGUROS,Posgrado,Especialización universitaria,ESPECIALIZACION PROFESIONAL
ESPECIALIZACION EN RESPONSABILIDAD CONTRACTUAL Y EXTRACONTRACTUAL DEL ESTADO,Posgrado,Especialización universitaria,ESPECIALIZACION PROFESIONAL
ESPECIALIZACION EN RESPONSABILIDAD MEDICA,Posgrado,Especialización universitaria,ESPECIALIZACION PROFESIONAL
Especialización en Responsabilidad Social Corporativa,Posgrado,Especialización universitaria,ESPECIALIZACION PROFESIONAL
ESPECIALIZACION EN RESPONSABILIDAD SOCIAL EMPRESARIAL,Posgrado,Especialización universitaria,ESPECIALIZACION PROFESIONAL
ESPECIALIZACIÓN EN RESPONSABILIDAD SOCIAL EMPRESARIAL -RSE,Posgrado,Especialización universitaria,ESPECIALIZACION PROFESIONAL
ESPECIALIZACIÓN EN RESPONSABILIDAD SOCIAL Y AMBIENTAL,Posgrado,Especialización universitaria,ESPECIALIZACION PROFESIONAL
ESPECIALIZACIÓN EN RESPONSABILIDAD SOCIAL Y SOSTENIBILIDAD,Posgrado,Especialización universitaria,ESPECIALIZACION PROFESIONAL
ESPECIALIZACIÓN EN RESPONSABILIDAD Y CONTRATACIÓN PUBLICA Y PRIVADA,Posgrado,Especialización universitaria,ESPECIALIZACION PROFESIONAL
ESPECIALIZACION EN RESPONSABILIDAD Y DAÑO RESARCIBLE,Posgrado,Especialización universitaria,ESPECIALIZACION PROFESIONAL
ESPECIALIZACIÓN EN RESPONSABILIDAD Y SEGUROS,Posgrado,Especialización universitaria,ESPECIALIZACION PROFESIONAL
ESPECIALIZACIÓN EN RESTAURACIÓN ECOLÓGICA,Posgrado,Especialización universitaria,ESPECIALIZACION PROFESIONAL
ESPECIALIZACION EN REUMATOLOGIA,Posgrado,Especialización médico quirúrgica,ESPECIALIZACION PROFESIONAL
ESPECIALIZACION EN REVISORIA FISCAL,Posgrado,Especialización universitaria,ESPECIALIZACION PROFESIONAL
ESPECIALIZACION EN REVISORIA FISCAL Y ASEGURAMIENTO EN UN CONTEXTO INTERNACIONAL,Posgrado,Especialización universitaria,ESPECIALIZACION PROFESIONAL
ESPECIALIZACION EN REVISORIA FISCAL Y AUDITORIA,Posgrado,Especialización universitaria,ESPECIALIZACION PROFESIONAL
Especialización en Revisoría Fiscal y Auditoría de Cuentas,Posgrado,Especialización universitaria,ESPECIALIZACION PROFESIONAL
ESPECIALIZACION EN REVISORIA FISCAL Y AUDITORIA EXTERNA,Posgrado,Especialización universitaria,ESPECIALIZACION PROFESIONAL
Especialización en Revisoría Fiscal y Auditoría Forense,Posgrado,Especialización universitaria,ESPECIALIZACION PROFESIONAL
ESPECIALIZACION EN REVISORIA FISCAL Y AUDITORIA INTEGRAL,Posgrado,Especialización universitaria,ESPECIALIZACION PROFESIONAL
ESPECIALIZACION EN REVISORIA FISCAL Y AUDITORIA INTERNACIONAL,Posgrado,Especialización universitaria,ESPECIALIZACION PROFESIONAL
ESPECIALIZACIÓN EN REVISORÍA FISCAL Y CONTRALORÍA,Posgrado,Especialización universitaria,ESPECIALIZACION PROFESIONAL
ESPECIALIZACIÓN EN RIESGOS FINANCIEROS,Posgrado,Especialización universitaria,ESPECIALIZACION PROFESIONAL
ESPECIALIZACIÓN EN RIESGOS FINANCIEROS Y MERCADOS  DE DERIVADOS,Posgrado,Especialización universitaria,ESPECIALIZACION PROFESIONAL
ESPECIALIZACIÓN EN SALUD AMBIENTAL,Posgrado,Especialización universitaria,ESPECIALIZACION PROFESIONAL
ESPECIALIZACION EN SALUD FAMILIAR Y COMUNITARIA,Posgrado,Especialización universitaria,ESPECIALIZACION PROFESIONAL
ESPECIALIZACIÓN EN SALUD MENTAL,Posgrado,Especialización universitaria,ESPECIALIZACION PROFESIONAL
Especialización en Salud Mental Comunitaria,Posgrado,Especialización universitaria,ESPECIALIZACION PROFESIONAL
ESPECIALIZACION EN SALUD MENTAL DEL NIÑO Y EL ADOLESCENTE,Posgrado,Especialización universitaria,ESPECIALIZACION PROFESIONAL
ESPECIALIZACION EN SALUD MENTAL EN CONTEXTOS EDUCATIVOS,Posgrado,Especialización universitaria,ESPECIALIZACION PROFESIONAL
ESPECIALIZACIÓN EN SALUD PÚBLICA,Posgrado,Especialización universitaria,ESPECIALIZACION PROFESIONAL
ESPECIALIZACIÓN EN SALUD PÚBLICA VETERINARIA,Posgrado,Especialización universitaria,ESPECIALIZACION PROFESIONAL
ESPECIALIZACIÓN EN SALUD REPRODUCTIVA HUMANA,Posgrado,Especialización médico quirúrgica,ESPECIALIZACION PROFESIONAL
ESPECIALIZACION EN SALUD Y SEGURIDAD EN EL TRABAJO,Posgrado,Especialización universitaria,ESPECIALIZACION PROFESIONAL
ESPECIALIZACION EN SANEAMIENTO AMBIENTAL,Posgrado,Especialización universitaria,ESPECIALIZACION PROFESIONAL
ESPECIALIZACION  EN SANIDAD ANIMAL,Posgrado,Especialización universitaria,ESPECIALIZACION PROFESIONAL
ESPECIALIZACIÓN EN SANIDAD Y PRODUCCIÓN DE PECES DE AGUAS CONTINENTALES,Posgrado,Especialización universitaria,ESPECIALIZACION PROFESIONAL
Especialización en Sanidad y Producción Porcina,Posgrado,Especialización universitaria,ESPECIALIZACION PROFESIONAL
ESPECIALIZACION EN SEGMENTO ANTERIOR Y LENTES DE CONTACTO,Posgrado,Especialización universitaria,ESPECIALIZACION PROFESIONAL
ESPECIALIZACIÓN EN SEGURIDAD ALIMENTARIA,Posgrado,Especialización universitaria,ESPECIALIZACION PROFESIONAL
ESPECIALIZACION EN SEGURIDAD DE LA INFORMACION,Posgrado,Especialización universitaria,ESPECIALIZACION PROFESIONAL
ESPECIALIZACIÓN EN SEGURIDAD DE LA INFORMACIÓN DE LAS ORGANIZACIONES,Posgrado,Especialización universitaria,ESPECIALIZACION PROFESIONAL
ESPECIALIZACIÓN EN SEGURIDAD DE LA INFORMACIÓN E INFORMÁTICA,Posgrado,Especialización universitaria,ESPECIALIZACION PROFESIONAL
ESPECIALIZACIÓN EN SEGURIDAD DEL PACIENTE,Posgrado,Especialización universitaria,ESPECIALIZACION PROFESIONAL
Especialización en Seguridad Digital,Posgrado,Especialización universitaria,ESPECIALIZACION PROFESIONAL
ESPECIALIZACIÓN EN SEGURIDAD E HIGIENE EN EL AMBITO LABORAL,Posgrado,Especialización universitaria,ESPECIALIZACION PROFESIONAL
ESPECIALIZACION EN SEGURIDAD EN EL TRABAJO,Posgrado,Especialización universitaria,ESPECIALIZACION PROFESIONAL
ESPECIALIZACION EN SEGURIDAD EN REDES Y SERVICIOS TELEMATICOS,Posgrado,Especialización universitaria,ESPECIALIZACION PROFESIONAL
ESPECIALIZACIÓN EN SEGURIDAD INDUSTRIAL E HIGIENE LABORAL,Posgrado,Especialización universitaria,ESPECIALIZACION PROFESIONAL
"ESPECIALIZACION EN SEGURIDAD INDUSTRIAL, HIGIENE Y GESTION AMBIENTAL",Posgrado,Especialización universitaria,ESPECIALIZACION PROFESIONAL
ESPECIALIZACION EN SEGURIDAD INFORMATICA,Posgrado,Especialización universitaria,ESPECIALIZACION PROFESIONAL
ESPECIALIZACION EN SEGURIDAD SOCIAL,Posgrado,Especialización universitaria,ESPECIALIZACION PROFESIONAL
ESPECIALIZACION EN SEGURIDAD SOCIAL INTEGRAL,Posgrado,Especialización universitaria,ESPECIALIZACION PROFESIONAL
ESPECIALIZACION EN SEGURIDAD Y CALIDAD ALIMENTARIA,Posgrado,Especialización universitaria,ESPECIALIZACION PROFESIONAL
Especialización en Seguridad y Convivencia Ciudadana,Posgrado,Especialización universitaria,ESPECIALIZACION PROFESIONAL
ESPECIALIZACIÓN EN SEGURIDAD Y DEFENSA NACIONALES,Posgrado,Especialización universitaria,ESPECIALIZACION PROFESIONAL
ESPECIALIZACION EN SEGURIDAD Y SALUD EN EL TRABAJO,Posgrado,Especialización universitaria,ESPECIALIZACION PROFESIONAL
"ESPECIALIZACION EN SEGURIDAD Y SALUD EN EL TRABAJO, GERENCIA Y CONTROL DE RIESGOS",Posgrado,Especialización universitaria,ESPECIALIZACION PROFESIONAL
ESPECIALIZACION EN SEGUROS,Posgrado,Especialización universitaria,ESPECIALIZACION PROFESIONAL
ESPECIALIZACION EN SEGUROS Y SEGURIDAD SOCIAL,Posgrado,Especialización universitaria,ESPECIALIZACION PROFESIONAL
ESPECIALIZACIÓN EN SENSORES DE RF Y SISTEMAS RADAR,Posgrado,Especialización universitaria,ESPECIALIZACION PROFESIONAL
ESPECIALIZACION EN SERVICIO DE POLICIA,Posgrado,Especialización universitaria,ESPECIALIZACION PROFESIONAL
ESPECIALIZACIÓN EN SERVICIOS PÚBLICOS,Posgrado,Especialización universitaria,ESPECIALIZACION PROFESIONAL
ESPECIALIZACION EN SEXOLOGIA CLINICA,Posgrado,Especialización médico quirúrgica,ESPECIALIZACION PROFESIONAL
Especialización en Sexualidad,Posgrado,Especialización universitaria,ESPECIALIZACION PROFESIONAL
ESPECIALIZACIÓN EN SEXUALIDAD Y RELACIONES CONTEMPORÁNEAS,Posgrado,Especialización universitaria,ESPECIALIZACION PROFESIONAL
Especialización en Sindicalismo y Relaciones Laborales,Posgrado,Especialización universitaria,ESPECIALIZACION PROFESIONAL
ESPECIALIZACIÓN EN SISTEMA DE RESPONSABILIDAD PENAL ADOLESCENTE,Posgrado,Especialización universitaria,ESPECIALIZACION PROFESIONAL
ESPECIALIZACIÓN EN SISTEMA PENAL ACUSATORIO,Posgrado,Especialización universitaria,ESPECIALIZACION PROFESIONAL
ESPECIALIZACIÓN EN SISTEMA PROCESAL PENAL,Posgrado,Especialización universitaria,ESPECIALIZACION PROFESIONAL
ESPECIALIZACION EN SISTEMAS,Posgrado,Especialización universitaria,ESPECIALIZACION PROFESIONAL
Especialización en Sistemas Agroalimentarios Sostenibles e Inclusivos,Posgrado,Especialización universitaria,ESPECIALIZACION PROFESIONAL
ESPECIALIZACIÓN EN SISTEMAS AUTOMÁTICOS DE CONTROL,Posgrado,Especialización universitaria,ESPECIALIZACION PROFESIONAL
ESPECIALIZACIÓN EN SISTEMAS DE AERONAVES NO TRIPULADAS,Posgrado,Especialización universitaria,ESPECIALIZACION PROFESIONAL
ESPECIALIZACIÓN EN SISTEMAS DE CALIDAD E INOCUIDAD EN ALIMENTOS,Posgrado,Especialización universitaria,ESPECIALIZACION PROFESIONAL
ESPECIALIZACION EN SISTEMAS DE CALIDAD Y AUDITORIA DE SERVICIOS DE SALUD,Posgrado,Especialización universitaria,ESPECIALIZACION PROFESIONAL
ESPECIALIZACION EN SISTEMAS DE CONTROL ORGANIZACIONAL Y DE GESTION,Posgrado,Especialización universitaria,ESPECIALIZACION PROFESIONAL
ESPECIALIZACIÓN EN SISTEMAS DE DISTRIBUCIÓN DE ENERGÍA ELÉCTRICA,Posgrado,Especialización universitaria,ESPECIALIZACION PROFESIONAL
ESPECIALIZACION EN SISTEMAS DE GARANTIA DE CALIDAD Y AUDITORIA DE SERVICIOS DE SALUD,Posgrado,Especialización universitaria,ESPECIALIZACION PROFESIONAL
ESPECIALIZACION EN SISTEMAS DE GESTION AMBIENTAL,Posgrado,Especialización universitaria,ESPECIALIZACION PROFESIONAL
ESPECIALIZACIÓN EN SISTEMAS DE GESTIÓN DE CALIDAD E INOCUIDAD AGROALIMENTARIA,Posgrado,Especialización universitaria,ESPECIALIZACION PROFESIONAL
Especialización en Sistemas de Gestión de la Calidad,Posgrado,Especialización universitaria,ESPECIALIZACION PROFESIONAL
"ESPECIALIZACION EN SISTEMAS DE GESTION INTEGRADA DE LA CALIDAD, MEDIO AMBIENTE Y PREVENCION DE RIESGOS LABORALES",Posgrado,Especialización universitaria,ESPECIALIZACION PROFESIONAL
ESPECIALIZACIÓN EN SISTEMAS DE GESTIÓN INTEGRAL HSEQ,Posgrado,Especialización universitaria,ESPECIALIZACION PROFESIONAL
ESPECIALIZACIÓN EN SISTEMAS DE INFORMACIÓN EN GESTIÓN Y CONTROL DE COSTOS ORGANIZACIONALES,Posgrado,Especialización universitaria,ESPECIALIZACION PROFESIONAL
ESPECIALIZACION EN SISTEMAS DE INFORMACION EN LA ORGANIZACION,Posgrado,Especialización universitaria,ESPECIALIZACION PROFESIONAL
ESPECIALIZACION EN SISTEMAS DE INFORMACION GEOGRAFICA,Posgrado,Especialización universitaria,ESPECIALIZACION PROFESIONAL
ESPECIALIZACION EN SISTEMAS DE TRANSMISION Y DISTRIBUCION DE ENERGIA ELECTRICA,Posgrado,Especialización universitaria,ESPECIALIZACION PROFESIONAL
Especialización en Sistemas Eléctricos de Potencia,Posgrado,Especialización universitaria,ESPECIALIZACION PROFESIONAL
ESPECIALIZACIÓN EN SISTEMAS ELECTRÓNICOS INTELIGENTES,Posgrado,Especialización universitaria,ESPECIALIZACION PROFESIONAL
ESPECIALIZACIÓN EN SISTEMAS ENERGÉTICOS SOSTENIBLES,Posgrado,Especialización universitaria,ESPECIALIZACION PROFESIONAL
ESPECIALIZACION EN SISTEMAS GERENCIALES DE INGENIERIA,Posgrado,Especialización universitaria,ESPECIALIZACION PROFESIONAL
ESPECIALIZACIÓN EN SISTEMAS INTEGRADOS DE GESTIÓN,Posgrado,Especialización universitaria,ESPECIALIZACION PROFESIONAL
Especialización en Sistemas Integrados de Gestión de la Calidad,Posgrado,Especialización universitaria,ESPECIALIZACION PROFESIONAL
ESPECIALIZACIÓN EN SISTEMAS INTEGRADOS DE GESTIÓN (HSEQ),Posgrado,Especialización universitaria,ESPECIALIZACION PROFESIONAL
ESPECIALIZACION EN SISTEMAS INTEGRADOS DE GESTION- QHSE,Posgrado,Especialización universitaria,ESPECIALIZACION PROFESIONAL
"ESPECIALIZACIÓN EN SISTEMAS INTEGRADOS DE GESTIÓN, SEGURIDAD Y SALUD EN EL TRABAJO.",Posgrado,Especialización universitaria,ESPECIALIZACION PROFESIONAL
ESPECIALIZACIÓN EN SISTEMAS INTELIGENTES APLICADOS A INTERNET DE LAS COSAS,Posgrado,Especialización universitaria,ESPECIALIZACION PROFESIONAL
ESPECIALIZACIÓN EN SISTEMAS INTERACTIVOS DIGITALES,Posgrado,Especialización universitaria,ESPECIALIZACION PROFESIONAL
Especialización en Sistemas Telemáticos con Énfasis en Transformación Digital,Posgrado,Especialización universitaria,ESPECIALIZACION PROFESIONAL
ESPECIALIZACIÓN EN SOLDADURA,Posgrado,Especialización universitaria,ESPECIALIZACION PROFESIONAL
"Especialización en Soldadura, Modernas Tecnologías y Ensayos No Destructivos",Posgrado,Especialización universitaria,ESPECIALIZACION PROFESIONAL
ESPECIALIZACIÓN EN SOSTENIBILIDAD DE INSTITUCIONES CULTURALES,Posgrado,Especialización universitaria,ESPECIALIZACION PROFESIONAL
Especialización en Sostenibilidad y Gobernanza,Posgrado,Especialización universitaria,ESPECIALIZACION PROFESIONAL
Especialización en Storytelling,Posgrado,Especialización universitaria,ESPECIALIZACION PROFESIONAL
ESPECIALIZACIÓN EN SUELOS Y NUTRICIÓN VEGETAL,Posgrado,Especialización universitaria,ESPECIALIZACION PROFESIONAL
Especialización en Tanatología y Cuidados de la Vida,Posgrado,Especialización universitaria,ESPECIALIZACION PROFESIONAL
ESPECIALIZACION EN TECNICAS DE VOLADURA EN OBRAS DE INGENIERIA CIVIL Y MILITAR,Posgrado,Especialización universitaria,ESPECIALIZACION PROFESIONAL
Especialización en Técnicas Médico Quirúrgicas en Campo,Posgrado,Especialización universitaria,ESPECIALIZACION PROFESIONAL
ESPECIALIZACION EN TECNOLOGIA DE LA CONSTRUCCION EN EDIFICACIONES,Posgrado,Especialización universitaria,ESPECIALIZACION PROFESIONAL
Especialización en Tecnologías aplicadas a la Geomática,Posgrado,Especialización universitaria,ESPECIALIZACION PROFESIONAL
ESPECIALIZACIÓN EN TECNOLOGÍAS DE LA INFORMACIÓN,Posgrado,Especialización universitaria,ESPECIALIZACION PROFESIONAL
ESPECIALIZACIÓN EN TECNOLOGÍAS DE LA INFORMACIÓN Y LA COMUNICACIÓN EN EDUCACIÓN,Posgrado,Especialización universitaria,ESPECIALIZACION PROFESIONAL
ESPECIALIZACIÓN EN TECNOLOGÍAS DE LA INFORMACIÓN Y LAS COMUNICACIONES,Posgrado,Especialización universitaria,ESPECIALIZACION PROFESIONAL
Especialización en Tecnologías Digitales para el Aprendizaje,Posgrado,Especialización universitaria,ESPECIALIZACION PROFESIONAL
ESPECIALIZACIÓN EN TECNOLOGÍAS DIGITALES PARA LA AGRICULTURA,Posgrado,Especialización universitaria,ESPECIALIZACION PROFESIONAL
ESPECIALIZACIÓN EN TECNOLOGÍAS DIGITALES PARA LA EDUCACIÓN,Posgrado,Especialización universitaria,ESPECIALIZACION PROFESIONAL
Especialización en Tecnologías Emergentes para Ciencias Agrarias y Ambientales,Posgrado,Especialización universitaria,ESPECIALIZACION PROFESIONAL
ESPECIALIZACIÓN EN TECNOLOGÍAS Y OPERACIONES PARA LA COMPETITIVIDAD EMPRESARIAL,Posgrado,Especialización universitaria,ESPECIALIZACION PROFESIONAL
ESPECIALIZACION EN TELECOMUNICACIONES,Posgrado,Especialización universitaria,ESPECIALIZACION PROFESIONAL
ESPECIALIZACION EN TELECOMUNICACIONES MOVILES,Posgrado,Especialización universitaria,ESPECIALIZACION PROFESIONAL
ESPECIALIZACIÓN EN TELECOMUNICACIONES Y REDES,Posgrado,Especialización universitaria,ESPECIALIZACION PROFESIONAL
ESPECIALIZACION EN TELEINFORMATICA,Posgrado,Especialización universitaria,ESPECIALIZACION PROFESIONAL
ESPECIALIZACION EN TELEMATICA,Posgrado,Especialización universitaria,ESPECIALIZACION PROFESIONAL
ESPECIALIZACION EN TELESALUD,Posgrado,Especialización universitaria,ESPECIALIZACION PROFESIONAL
ESPECIALIZACION EN TELEVISION EXPANDIDA Y TRANSMEDIA,Posgrado,Especialización universitaria,ESPECIALIZACION PROFESIONAL
ESPECIALIZACIÓN EN TEOLOGÍA Y EDUCACIÓN CLÁSICA,Posgrado,Especialización universitaria,ESPECIALIZACION PROFESIONAL
Especialización en Teoría del Delito y Casación Penal,Posgrado,Especialización universitaria,ESPECIALIZACION PROFESIONAL
ESPECIALIZACION EN TEORIA Y METODOLOGIA DEL ENTRENAMIENTO DEPORTIVO,Posgrado,Especialización universitaria,ESPECIALIZACION PROFESIONAL
"ESPECIALIZACIÓN EN TEORÍAS, MÉTODOS Y TÉCNICAS DE INVESTIGACIÓN SOCIAL",Posgrado,Especialización universitaria,ESPECIALIZACION PROFESIONAL
"ESPECIALIZACIÓN EN TEORÍAS, MÉTODOS Y TÉCNICAS EN INVESTIGACIÓN SOCIAL",Posgrado,Especialización universitaria,ESPECIALIZACION PROFESIONAL
ESPECIALIZACION EN TERAPEUTICAS ALTERNATIVAS Y FARMACOLOGIA VEGETAL,Posgrado,Especialización universitaria,ESPECIALIZACION PROFESIONAL
ESPECIALIZACIÓN EN TERAPIA FAMILIAR,Posgrado,Especialización universitaria,ESPECIALIZACION PROFESIONAL
ESPECIALIZACIÓN EN TERAPIA  MANUAL,Posgrado,Especialización universitaria,ESPECIALIZACION PROFESIONAL
ESPECIALIZACIÓN EN TERAPIA MANUAL ORTOPÉDICA,Posgrado,Especialización universitaria,ESPECIALIZACION PROFESIONAL
ESPECIALIZACION EN TERAPIA RESPIRATORIA EN CUIDADO CRITICO,Posgrado,Especialización universitaria,ESPECIALIZACION PROFESIONAL
ESPECIALIZACION EN TERAPIAS ALTERNATIVAS,Posgrado,Especialización universitaria,ESPECIALIZACION PROFESIONAL
Especialización en TIC Aplicadas a la Educación,Posgrado,Especialización universitaria,ESPECIALIZACION PROFESIONAL
ESPECIALIZACIÓN EN TIC PARA EL DISEÑO DE ESTRATEGIAS DIDÁCTICAS EN EDUCACIÓN,Posgrado,Especialización universitaria,ESPECIALIZACION PROFESIONAL
Especialización en TIC para la Enseñanza,Posgrado,Especialización universitaria,ESPECIALIZACION PROFESIONAL
ESPECIALIZACIÓN EN TIC PARA LA INNOVACIÓN EDUCATIVA,Posgrado,Especialización universitaria,ESPECIALIZACION PROFESIONAL
ESPECIALIZACION EN TOXICOLOGIA CLINICA,Posgrado,Especialización médico quirúrgica,ESPECIALIZACION PROFESIONAL
ESPECIALIZACION EN TRADUCCION,Posgrado,Especialización universitaria,ESPECIALIZACION PROFESIONAL
ESPECIALIZACIÓN EN TRANSFORMACIÓN DE RESIDUOS AGROINDUSTRIALES,Posgrado,Especialización universitaria,ESPECIALIZACION PROFESIONAL
ESPECIALIZACIÓN EN TRANSFORMACIÓN DIGITAL,Posgrado,Especialización universitaria,ESPECIALIZACION PROFESIONAL
Especialización en Transformación Digital Empresarial.,Posgrado,Especialización universitaria,ESPECIALIZACION PROFESIONAL
ESPECIALIZACIÓN EN TRANSFORMACIÓN DIGITAL PRODUCTIVA,Posgrado,Especialización universitaria,ESPECIALIZACION PROFESIONAL
"ESPECIALIZACION EN TRANSITO, DISEÑO Y SEGURIDAD VIAL",Posgrado,Especialización universitaria,ESPECIALIZACION PROFESIONAL
ESPECIALIZACIÓN EN TRÁNSITO Y TRANSPORTE,Posgrado,Especialización universitaria,ESPECIALIZACION PROFESIONAL
ESPECIALIZACIÓN EN TRANSPORTE Y MOVILIDAD INTELIGENTE,Posgrado,Especialización universitaria,ESPECIALIZACION PROFESIONAL
ESPECIALIZACION EN TRIBUTACION,Posgrado,Especialización universitaria,ESPECIALIZACION PROFESIONAL
ESPECIALIZACION EN  TRIBUTARIA,Posgrado,Especialización universitaria,ESPECIALIZACION PROFESIONAL
ESPECIALIZACIÓN EN TURBOMÁQUINAS,Posgrado,Especialización universitaria,ESPECIALIZACION PROFESIONAL
"ESPECIALIZACIÓN EN TURISMO, AMBIENTE Y TERRITORIO",Posgrado,Especialización universitaria,ESPECIALIZACION PROFESIONAL
ESPECIALIZACIÓN EN TURISMO PARA EL DESARROLLO DEL TERRITORIO,Posgrado,Especialización universitaria,ESPECIALIZACION PROFESIONAL
ESPECIALIZACIÓN EN TURISMO Y COMUNICACIÓN: NARRATIVAS Y EXPERIENCIAS TURÍSTICAS CONTEMPORÁNEAS,Posgrado,Especialización universitaria,ESPECIALIZACION PROFESIONAL
ESPECIALIZACION EN UROLOGIA,Posgrado,Especialización médico quirúrgica,ESPECIALIZACION PROFESIONAL
ESPECIALIZACIÓN EN UROLOGÍA ONCOLÓGICA,Posgrado,Especialización médico quirúrgica,ESPECIALIZACION PROFESIONAL
ESPECIALIZACIÓN EN UROLOGÍA PEDIÁTRICA,Posgrado,Especialización médico quirúrgica,ESPECIALIZACION PROFESIONAL
Especialización en Valoración de Bienes,Posgrado,Especialización universitaria,ESPECIALIZACION PROFESIONAL
ESPECIALIZACION EN VALORACION DEL DAÑO CORPORAL,Posgrado,Especialización universitaria,ESPECIALIZACION PROFESIONAL
ESPECIALIZACIÓN EN VALORACIÓN INMOBILIARIA,Posgrado,Especialización universitaria,ESPECIALIZACION PROFESIONAL
ESPECIALIZACIÓN EN VALUACIÓN DE ACTIVOS Y PROPIEDAD INTELECTUAL,Posgrado,Especialización universitaria,ESPECIALIZACION PROFESIONAL
"ESPECIALIZACIÓN EN VENTILACIÓN, CLIMATIZACIÓN Y REFRIGERACIÓN",Posgrado,Especialización universitaria,ESPECIALIZACION PROFESIONAL
ESPECIALIZACIÓN EN VÍAS TERRESTRES,Posgrado,Especialización universitaria,ESPECIALIZACION PROFESIONAL
ESPECIALIZACION EN VIAS Y TRANSPORTE,Posgrado,Especialización universitaria,ESPECIALIZACION PROFESIONAL
ESPECIALIZACIÓN EN VISUAL ANALYTICS Y BIG DATA,Posgrado,Especialización universitaria,ESPECIALIZACION PROFESIONAL
ESPECIALIZACIÓN EN VOLUNTARIADO,Posgrado,Especialización universitaria,ESPECIALIZACION PROFESIONAL
ESPECIALIZACION ENFERMERIA EN CUIDADO CRITICO,Posgrado,Especialización universitaria,ESPECIALIZACION PROFESIONAL
ESPECIALIZACION ENFERMERIA NEFROLOGICA Y UROLOGICA,Posgrado,Especialización universitaria,ESPECIALIZACION PROFESIONAL
ESPECIALIZACION: FISIOTERAPIA EN NEUROREHABILITACION,Posgrado,Especialización universitaria,ESPECIALIZACION PROFESIONAL
ESPECIALIZACION GERENCIA DE PROYECTOS,Posgrado,Especialización universitaria,ESPECIALIZACION PROFESIONAL
ESPECIALIZACIÓN GERENCIA EN GOBIERNO Y GESTIÓN PÚBLICA,Posgrado,Especialización universitaria,ESPECIALIZACION PROFESIONAL
ESPECIALIZACION GERENCIA EN TELEMATICA,Posgrado,Especialización universitaria,ESPECIALIZACION PROFESIONAL
ESPECIALIZACION GERENCIA  FINANCIERA,Posgrado,Especialización universitaria,ESPECIALIZACION PROFESIONAL
ESPECIALIZACIÓN GERENCIA TRIBUTARIA,Posgrado,Especialización universitaria,ESPECIALIZACION PROFESIONAL
ESPECIALIZACIÓN GESTIÓN ESTRATÉGICA DE MEDIOS,Posgrado,Especialización universitaria,ESPECIALIZACION PROFESIONAL
ESPECIALIZACIÓN GESTIÓN HUMANA,Posgrado,Especialización universitaria,ESPECIALIZACION PROFESIONAL
ESPECIALIZACIÓN GESTIÓN HUMANA EN LAS ORGANIZACIONES,Posgrado,Especialización universitaria,ESPECIALIZACION PROFESIONAL
ESPECIALIZACION INTERNACIONAL EN DERECHO DEL TRANSPORTE,Posgrado,Especialización universitaria,ESPECIALIZACION PROFESIONAL
ESPECIALIZACIÓN MARKETING ESTRATRATÉGICO PARA HOTELERÍA Y TURISMO,Posgrado,Especialización universitaria,ESPECIALIZACION PROFESIONAL
ESPECIALIZACIÓN NORMAS INTERNACIONALES DE INFORMACIÓN FINANCIERA (NIFF),Posgrado,Especialización universitaria,ESPECIALIZACION PROFESIONAL
ESPECIALIZACIÓN PROCESOS TEXTILES DE ALTO VALOR,Posgrado,Especialización universitaria,ESPECIALIZACION PROFESIONAL
ESPECIALIZACION PROFESIONAL EN INVESTIGACION E INFORMACION ELECTRONICA,Posgrado,Especialización universitaria,ESPECIALIZACION PROFESIONAL
ESPECIALIZACION PROFESIONAL EN SEGURIDAD INTEGRAL Y ANALISIS DE RIESGOS,Posgrado,Especialización universitaria,ESPECIALIZACION PROFESIONAL
ESPECIALIZACIÓN PSICOLOGÍA ORGANIZACIONAL,Posgrado,Especialización universitaria,ESPECIALIZACION PROFESIONAL
ESPECIALIZACIÓN  SANIDAD EN PRODUCCIÓN AGRARIA INTEGRADA,Posgrado,Especialización universitaria,ESPECIALIZACION PROFESIONAL
ESPECIALIZACIÓN SOSTENIBILIDAD Y NUEVAS ECONOMÍAS,Posgrado,Especialización universitaria,ESPECIALIZACION PROFESIONAL
ESPECIALIZACION TECNICA PROFESIONAL EN AUTOMATIZACION DE OPERACIONES AGROINDUSTRIALES,Posgrado,Especialización técnico profesional,ESPECIALIZACION PROFESIONAL
ESPECIALIZACIÓN TÉCNICA PROFESIONAL EN ENFERMERÍA CANINA,Posgrado,Especialización técnico profesional,ESPECIALIZACION PROFESIONAL
ESPECIALIZACION TÈCNICA PROFESIONAL EN ESTUDIOS DE NIVELES DE RIESGO,Posgrado,Especialización técnico profesional,ESPECIALIZACION PROFESIONAL
ESPECIALIZACIÓN TÉCNICA PROFESIONAL EN MECÁNICA DE VEHÍCULOS DE TRANSPORTE DE CARGA PESADA,Posgrado,Especialización técnico profesional,ESPECIALIZACION PROFESIONAL
ESPECIALIZACIÓN TÉCNICA PROFESIONAL EN POLIGRAFÍA,Posgrado,Especialización técnico profesional,ESPECIALIZACION PROFESIONAL
ESPECIALIZACIÓN TECNOLÓGICA DISEÑO DE PRODUCTOS TURÍSTICOS,Posgrado,Especialización tecnológica,ESPECIALIZACION PROFESIONAL
ESPECIALIZACIÓN TECNOLÓGICA DISEÑO Y DESARROLLO DE INVESTIGACIONES DE MERCADO,Posgrado,Especialización tecnológica,ESPECIALIZACION PROFESIONAL
ESPECIALIZACIÓN TECNOLÓGICA EN ACCIÓN INTEGRAL Y DESARROLLO SOCIAL,Posgrado,Especialización tecnológica,ESPECIALIZACION PROFESIONAL
ESPECIALIZACIÓN TECNOLÓGICA EN ADMINISTRACIÓN DE OPERACIONES AERONÁUTICAS,Posgrado,Especialización tecnológica,ESPECIALIZACION PROFESIONAL
ESPECIALIZACIÓN TECNOLÓGICA EN ADMINISTRACIÓN DE OPERACIONES PARA LA SEGURIDAD AEROPORTUARIA,Posgrado,Especialización tecnológica,ESPECIALIZACION PROFESIONAL
ESPECIALIZACIÓN TECNOLÓGICA EN ADMINISTRACIÓN DE RECURSOS LOGÍSTICOS AERONÁUTICOS,Posgrado,Especialización tecnológica,ESPECIALIZACION PROFESIONAL
ESPECIALIZACIÓN TECNOLÓGICA EN ADMINISTRACIÓN DE SERVICIOS DE SALUD,Posgrado,Especialización tecnológica,ESPECIALIZACION PROFESIONAL
ESPECIALIZACION TECNOLOGICA EN ADMINISTRACION EN EMERGENCIAS Y DESASTRES,Posgrado,Especialización tecnológica,ESPECIALIZACION PROFESIONAL
ESPECIALIZACIÓN TECNOLÓGICA EN  APLICACIONES INDUSTRIALES CON SISTEMAS DE SUPERVISIÓN CONTROL Y ADQUISICIÓN DE DATOS,Posgrado,Especialización tecnológica,ESPECIALIZACION PROFESIONAL
ESPECIALIZACIÓN TECNOLÓGICA EN AUTOMATIZACIÓN INDUSTRIAL,Posgrado,Especialización tecnológica,ESPECIALIZACION PROFESIONAL
ESPECIALIZACIÓN TECNOLÓGICA EN CALIDAD DE LA PRODUCCIÓN DE ALIMENTOS,Posgrado,Especialización tecnológica,ESPECIALIZACION PROFESIONAL
ESPECIALIZACION TECNOLOGICA EN CALIDAD Y SERVICIO DE PRODUCTOS AGROINDUSTRIALES,Posgrado,Especialización tecnológica,ESPECIALIZACION PROFESIONAL
Especialización Tecnológica en Ciberseguridad,Posgrado,Especialización tecnológica,ESPECIALIZACION PROFESIONAL
Especialización Tecnológica en Cocina Colombiana de Tradición e Innovación,Posgrado,Especialización tecnológica,ESPECIALIZACION PROFESIONAL
ESPECIALIZACIÓN TECNOLÓGICA EN CONSTRUCCIÓN SUSTENTABLE,Posgrado,Especialización tecnológica,ESPECIALIZACION PROFESIONAL
ESPECIALIZACIÓN TECNOLÓGICA EN CONTROL DE CALIDAD EN BIOCOMBUSTIBLES LÍQUIDOS,Posgrado,Especialización tecnológica,ESPECIALIZACION PROFESIONAL
ESPECIALIZACIÓN TECNOLÓGICA EN CONTROL EN SISTEMAS DE VENTILACIÓN EN LABORES SUBTERRANEAS,Posgrado,Especialización tecnológica,ESPECIALIZACION PROFESIONAL
ESPECIALIZACIÓN TECNOLÓGICA EN CONTROL NAVAL DE TRÁFICO MARÍTIMO,Posgrado,Especialización tecnológica,ESPECIALIZACION PROFESIONAL
ESPECIALIZACIÓN TECNOLÓGICA EN COSTOS EN SALUD,Posgrado,Especialización tecnológica,ESPECIALIZACION PROFESIONAL
ESPECIALIZACIÓN TECNOLÓGICA EN CREACIÓN Y GESTIÓN DE ORGANIZACIONES TURÍSTICAS,Posgrado,Especialización tecnológica,ESPECIALIZACION PROFESIONAL
ESPECIALIZACION TECNOLÓGICA EN DECORACIÓN Y ADECUACIÓN DE ESPACIOS COMERCIALES,Posgrado,Especialización tecnológica,ESPECIALIZACION PROFESIONAL
ESPECIALIZACION TECNOLOGICA EN DESARROLLO DE APLICACIONES PARA DISPOSITIVOS MOVILES,Posgrado,Especialización tecnológica,ESPECIALIZACION PROFESIONAL
ESPECIALIZACIÓN TECNOLÓGICA EN DESARROLLO DE APLICATIVOS MOVILES,Posgrado,Especialización tecnológica,ESPECIALIZACION PROFESIONAL
ESPECIALIZACIÓN TECNOLÓGICA EN DESARROLLO DE EMPAQUES EN PAPEL Y CARTÓN,Posgrado,Especialización tecnológica,ESPECIALIZACION PROFESIONAL
ESPECIALIZACIÓN TECNOLÓGICA EN DESARROLLO DE ESTRATEGIAS TRANSMEDIA,Posgrado,Especialización tecnológica,ESPECIALIZACION PROFESIONAL
ESPECIALIZACIÓN TECNOLÓGICA EN DESARROLLO DE INFOGRAFÍAS,Posgrado,Especialización tecnológica,ESPECIALIZACION PROFESIONAL
ESPECIALIZACIÓN TECNOLÓGICA EN DESARROLLO DE PRODUCTO,Posgrado,Especialización tecnológica,ESPECIALIZACION PROFESIONAL
ESPECIALIZACIÓN TECNOLÓGICA EN DIAGNOSTICO Y ANALISIS ORGANIZACIONAL PARA UNIDADES PRODUCTIVAS,Posgrado,Especialización tecnológica,ESPECIALIZACION PROFESIONAL
ESPECIALIZACIÓN TECNOLÓGICA EN DIAGRAMACIÓN EDITORIAL PARA MEDIOS IMPRESOS Y DIGITALES,Posgrado,Especialización tecnológica,ESPECIALIZACION PROFESIONAL
ESPECIALIZACION TECNOLÓGICA EN DISEÑO DE PRODUCTOS TURÍSTICOS,Posgrado,Especialización tecnológica,ESPECIALIZACION PROFESIONAL
ESPECIALIZACIÓN TECNOLÓGICA EN DISEÑO DE PROYECTOS TURISTICOS,Posgrado,Especialización tecnológica,ESPECIALIZACION PROFESIONAL
ESPECIALIZACIÓN TECNOLÓGICA EN DISEÑO DE VIDEOJUEGOS,Posgrado,Especialización tecnológica,ESPECIALIZACION PROFESIONAL
ESPECIALIZACIÓN TECNOLÓGICA EN DISEÑO Y DESARROLLO DE INVESTIGACIONES DE MERCADO,Posgrado,Especialización tecnológica,ESPECIALIZACION PROFESIONAL
ESPECIALIZACIÓN TECNOLÓGICA EN DISEÑO Y GESTIÓN DE SISTEMAS Y DISPOSITIVOS PARA INTERNET DE LAS COSAS,Posgrado,Especialización tecnológica,ESPECIALIZACION PROFESIONAL
ESPECIALIZACIÓN TECNOLÓGICA EN EFICIENCIA ENERGÉTICA EN SISTEMAS ELECTROMECÁNICOS,Posgrado,Especialización tecnológica,ESPECIALIZACION PROFESIONAL
ESPECIALIZACIÓN TECNOLÓGICA EN EL MANEJO INTEGRADO DE LAS ZONAS COSTERAS.,Posgrado,Especialización tecnológica,ESPECIALIZACION PROFESIONAL
"ESPECIALIZACIÓN TECNOLÓGICA EN EMPAQUE, EMBALAJE Y ALMACENAMIENTO DE MERCANCÍAS EN EL TRANSPORTE MULTIMODAL",Posgrado,Especialización tecnológica,ESPECIALIZACION PROFESIONAL
ESPECIALIZACIÓN TECNOLÓGICA EN ENSAYOS NO DESTRUCTIVOS PARA INSPECCIÓN DE MATERIALES,Posgrado,Especialización tecnológica,ESPECIALIZACION PROFESIONAL
ESPECIALIZACIÓN TECNOLÓGICA EN ENTRENAMIENTO FÍSICO PERSONALIZADO,Posgrado,Especialización tecnológica,ESPECIALIZACION PROFESIONAL
ESPECIALIZACIÓN TECNOLÓGICA  EN ESTRUCTURACIÓN DEL PLAN COMERCIAL,Posgrado,Especialización tecnológica,ESPECIALIZACION PROFESIONAL
ESPECIALIZACIÓN TECNOLÓGICA EN EXPLOSIVOS,Posgrado,Especialización tecnológica,ESPECIALIZACION PROFESIONAL
ESPECIALIZACIÓN TECNOLÓGICA EN FARMACOVIGILANCIA Y TECNOVIGILANCIA,Posgrado,Especialización tecnológica,ESPECIALIZACION PROFESIONAL
ESPECIALIZACION TECNOLOGICA EN FERTIRRIEGO,Posgrado,Especialización tecnológica,ESPECIALIZACION PROFESIONAL
ESPECIALIZACIÓN TECNOLÓGICA EN  FORMULACIÓN Y EVALUACIÓN DE PROYECTOS DE INVERSIÓN,Posgrado,Especialización tecnológica,ESPECIALIZACION PROFESIONAL
ESPECIALIZACION TECNOLOGICA EN FORMULACIÓN Y GESTIÓN DE PROYECTOS,Posgrado,Especialización tecnológica,ESPECIALIZACION PROFESIONAL
ESPECIALIZACIÓN TECNOLÓGICA EN  GERENCIA DE MYPIMES,Posgrado,Especialización tecnológica,ESPECIALIZACION PROFESIONAL
ESPECIALIZACIÓN TECNOLÓGICA EN GESTIÓN AERONÁUTICA.,Posgrado,Especialización tecnológica,ESPECIALIZACION PROFESIONAL
ESPECIALIZACION TECNOLÓGICA EN GESTION AGROINDUSTRIAL,Posgrado,Especialización tecnológica,ESPECIALIZACION PROFESIONAL
ESPECIALIZACION TECNOLOGICA EN GESTIÓN AMBIENTAL,Posgrado,Especialización tecnológica,ESPECIALIZACION PROFESIONAL
ESPECIALIZACION TECNOLOGICA EN GESTION AMBIENTAL MARINA Y COSTERA,Posgrado,Especialización tecnológica,ESPECIALIZACION PROFESIONAL
ESPECIALIZACION TECNOLOGICA EN GESTION AMBIENTAL SOSTENIBLE,Posgrado,Especialización tecnológica,ESPECIALIZACION PROFESIONAL
ESPECIALIZACIÓN TECNOLÓGICA EN GESTIÓN DE ASISTENCIA TÉCNICA AGROPECUARIA,Posgrado,Especialización tecnológica,ESPECIALIZACION PROFESIONAL
ESPECIALIZACIÓN TECNOLÓGICA EN GESTIÓN DE CONSTRUCCIONES LIMPIAS Y SOSTENIBLES,Posgrado,Especialización tecnológica,ESPECIALIZACION PROFESIONAL
ESPECIALIZACIÓN TECNOLÓGICA EN   GESTIÓN DE DOCUMENTOS ELECTRÓNICOS,Posgrado,Especialización tecnológica,ESPECIALIZACION PROFESIONAL
ESPECIALIZACIÓN TECNOLÓGICA EN GESTIÓN DE FINANZAS CORPORATIVAS,Posgrado,Especialización tecnológica,ESPECIALIZACION PROFESIONAL
ESPECIALIZACIÓN TECNOLÓGICA EN GESTIÓN DE LA ASISTENCIA TÉCNICA AGROPECUARIA,Posgrado,Especialización tecnológica,ESPECIALIZACION PROFESIONAL
ESPECIALIZACIÓN TECNOLÓGICA EN GESTIÓN DE LA PRODUCCIÓN PECUARIA,Posgrado,Especialización tecnológica,ESPECIALIZACION PROFESIONAL
ESPECIALIZACIÓN TECNOLÓGICA EN GESTIÓN DE LA SEGURIDAD Y LA INFORMACIÓN,Posgrado,Especialización tecnológica,ESPECIALIZACION PROFESIONAL
ESPECIALIZACION TECNOLOGICA EN GESTION DE MINERIA AMBIENTALMENTE SOSTENIBLE,Posgrado,Especialización tecnológica,ESPECIALIZACION PROFESIONAL
ESPECIALIZACION TECNOLOGICA EN GESTION DE TALENTO HUMANO POR COMPETENCIAS-METODOLOGIA,Posgrado,Especialización tecnológica,ESPECIALIZACION PROFESIONAL
ESPECIALIZACIÓN TECNOLÓGICA EN GESTIÓN DEL ECOTURISMO,Posgrado,Especialización tecnológica,ESPECIALIZACION PROFESIONAL
Especialización Tecnológica en Gestión del Talento humano,Posgrado,Especialización tecnológica,ESPECIALIZACION PROFESIONAL
ESPECIALIZACION TECNOLOGICA EN GESTION DEL TALENTO HUMANO POR COMPETENCIAS - METODOLOGIA,Posgrado,Especialización tecnológica,ESPECIALIZACION PROFESIONAL
ESPECIALIZACIÓN TECNOLÓGICA EN GESTIÓN DEL TALENTO HUMANO Y LIDERAZGO,Posgrado,Especialización tecnológica,ESPECIALIZACION PROFESIONAL
ESPECIALIZACIÓN TECNOLÓGICA EN GESTIÓN DEL TELETRABAJO,Posgrado,Especialización tecnológica,ESPECIALIZACION PROFESIONAL
ESPECIALIZACIÓN TECNOLÓGICA EN GESTIÓN ECONOMICA DE LA LOGÍSTICA INTERNACIONAL,Posgrado,Especialización tecnológica,ESPECIALIZACION PROFESIONAL
ESPECIALIZACIÓN TECNOLÓGICA EN GESTIÓN EN LABORATORIOS DE ENSAYO Y CALIBRACIÓN - NORMA ISO/IEC 17025,Posgrado,Especialización tecnológica,ESPECIALIZACION PROFESIONAL
ESPECIALIZACIÓN TECNOLÓGICA EN GESTIÓN ESTRATÉGICA DEL DISEÑO,Posgrado,Especialización tecnológica,ESPECIALIZACION PROFESIONAL
ESPECIALIZACIÓN TECNÓLOGICA EN GESTIÓN INTEGRAL DE MANTENIMIENTO,Posgrado,Especialización tecnológica,ESPECIALIZACION PROFESIONAL
ESPECIALIZACIÓN TECNÓLOGICA EN GESTIÓN INTEGRAL DEL MANTENIMIENTO,Posgrado,Especialización tecnológica,ESPECIALIZACION PROFESIONAL
ESPECIALIZACIÓN TECNOLÓGICA EN GESTIÓN PARA  USO EFICIENTE DE ENERGÍA ELECTRICA,Posgrado,Especialización tecnológica,ESPECIALIZACION PROFESIONAL
Especialización Tecnológica en Gestión Pública Territorial,Posgrado,Especialización tecnológica,ESPECIALIZACION PROFESIONAL
ESPECIALIZACION TECNOLOGICA EN GESTIÓN Y CONFIGURACIÓN DE SERVICIOS IP PARA TELEFONIA Y TELEVISION,Posgrado,Especialización tecnológica,ESPECIALIZACION PROFESIONAL
ESPECIALIZACIÓN TECNOLÓGICA EN GESTIÓN Y SEGURIDAD DE BASE DE DATOS,Posgrado,Especialización tecnológica,ESPECIALIZACION PROFESIONAL
ESPECIALIZACIÓN TECNOLÓGICA EN GESTIÓN Y SEGURIDAD DE BASES DE DATOS,Posgrado,Especialización tecnológica,ESPECIALIZACION PROFESIONAL
ESPECIALIZACIÓN TECNOLÓGICA EN GUIANZA EN OBSERVACIÓN DE AVES,Posgrado,Especialización tecnológica,ESPECIALIZACION PROFESIONAL
ESPECIALIZACIÓN TECNOLÓGICA EN HERRAMIENTAS PARA LA GESTIÓN DE DATOS - BIG DATA,Posgrado,Especialización tecnológica,ESPECIALIZACION PROFESIONAL
ESPECIALIZACIÓN TECNOLÓGICA EN HORTICULTURA PROTEGIDA,Posgrado,Especialización tecnológica,ESPECIALIZACION PROFESIONAL
ESPECIALIZACIÓN TECNOLÓGICA EN ILUSTRACIÓN,Posgrado,Especialización tecnológica,ESPECIALIZACION PROFESIONAL
ESPECIALIZACIÓN TECNOLÓGICA EN ILUSTRACIÓN CREATIVA,Posgrado,Especialización tecnológica,ESPECIALIZACION PROFESIONAL
ESPECIALIZACIÓN TECNOLÓGICA EN IMPLEMENTACIÓN DE BUENAS PRÁCTICA AGROPECUARIAS,Posgrado,Especialización tecnológica,ESPECIALIZACION PROFESIONAL
ESPECIALIZACIÓN TECNOLÓGICA  EN IMPLEMENTACIÓN DE BUENAS PRÁCTICAS AGROPECUARIAS,Posgrado,Especialización tecnológica,ESPECIALIZACION PROFESIONAL
ESPECIALIZACIÓN TECNOLÓGICA EN  IMPLEMENTACIÓN DE SISTEMAS DE INFORMACIÓN GEOGRAFICA,Posgrado,Especialización tecnológica,ESPECIALIZACION PROFESIONAL
ESPECIALIZACIÓN TECNOLÓGICA EN IMPLEMENTACION DE SOLUCIONES DE TELEFONIA IP,Posgrado,Especialización tecnológica,ESPECIALIZACION PROFESIONAL
ESPECIALIZACIÓN TECNOLÓGICA EN  INNOVACIÓN DE PRODUCTOS ALIMENTICIOS,Posgrado,Especialización tecnológica,ESPECIALIZACION PROFESIONAL
ESPECIALIZACIÓN TECNOLÓGICA EN INNOVACIÓN EN LA GESTIÓN DEL TALENTO HUMANO,Posgrado,Especialización tecnológica,ESPECIALIZACION PROFESIONAL
ESPECIALIZACIÓN TECNOLÓGICA EN INOCUIDAD E HIGIENE ALIMENTARIA,Posgrado,Especialización tecnológica,ESPECIALIZACION PROFESIONAL
ESPECIALIZACIÓN TECNOLÓGICA EN INTERVENTORÍA DE PROYECTOS DE TELECOMUNICACIONES,Posgrado,Especialización tecnológica,ESPECIALIZACION PROFESIONAL
ESPECIALIZACION TECNOLOGICA EN INVESTIGACION Y SEGURIDAD PREVENTIVA,Posgrado,Especialización tecnológica,ESPECIALIZACION PROFESIONAL
ESPECIALIZACION TECNOLOGICA EN LOGISTICA,Posgrado,Especialización tecnológica,ESPECIALIZACION PROFESIONAL
ESPECIALIZACIÓN TECNOLÓGICA EN LOGÍSTICA DE DISTRIBUCIÓN DE PRODUCTOS AGROINDUSTRIALES,Posgrado,Especialización tecnológica,ESPECIALIZACION PROFESIONAL
ESPECIALIZACIÓN TECNOLÓGICA EN LOGÍSTICA DE DISTRIBUCIÓN Y TRANSPORTE,Posgrado,Especialización tecnológica,ESPECIALIZACION PROFESIONAL
ESPECIALIZACIÓN TECNOLÓGICA EN LOGÍSTICA NAVAL,Posgrado,Especialización tecnológica,ESPECIALIZACION PROFESIONAL
ESPECIALIZACIÓN TECNOLÓGICA EN LUMINOTECNIA,Posgrado,Especialización tecnológica,ESPECIALIZACION PROFESIONAL
ESPECIALIZACIÓN TECNOLÓGICA EN MANEJO DE MATERIALES COMPUESTOS.,Posgrado,Especialización tecnológica,ESPECIALIZACION PROFESIONAL
"ESPECIALIZACIÓN TECNOLÓGICA EN MANEJO DE TÉCNICAS, PRODUCTOS Y DISEÑO DE COCINA DE VANGUARDIA",Posgrado,Especialización tecnológica,ESPECIALIZACION PROFESIONAL
Especialización Tecnológica en Marketing en Negocios Digitales y E-Commerce,Posgrado,Especialización tecnológica,ESPECIALIZACION PROFESIONAL
ESPECIALIZACIÓN TECNOLÓGICA EN MARKETING PARA SERVICIOS HOTELEROS,Posgrado,Especialización tecnológica,ESPECIALIZACION PROFESIONAL
Especialización Tecnológica en Marketing y Modelo de negocios Online,Posgrado,Especialización tecnológica,ESPECIALIZACION PROFESIONAL
ESPECIALIZACION TECNOLOGICA EN MARKETING Y MODELOS DE NEGOCIO ON LINE,Posgrado,Especialización tecnológica,ESPECIALIZACION PROFESIONAL
ESPECIALIZACIÓN TECNOLÓGICA EN MARKETING Y MODELOS DE NEGOCIO ONLINE,Posgrado,Especialización tecnológica,ESPECIALIZACION PROFESIONAL
ESPECIALIZACIÓN TECNOLÓGICA EN MEDICIÓN TÉCNICA DEL COLOR,Posgrado,Especialización tecnológica,ESPECIALIZACION PROFESIONAL
ESPECIALIZACIÓN TECNOLÓGICA EN MERCADEO ESTRATEGICO PARA EL SISTEMA MODA,Posgrado,Especialización tecnológica,ESPECIALIZACION PROFESIONAL
ESPECIALIZACIÓN TECNOLÓGICA EN MERCADO ESTRATÉGICO PARA EL SISTEMA MODA,Posgrado,Especialización tecnológica,ESPECIALIZACION PROFESIONAL
ESPECIALIZACIÓN TECNOLÓGICA EN METODOLOGÍA BIM PARA EL DESARROLLO DE PROYECTOS DE LA EDIFICACIÓN,Posgrado,Especialización universitaria,ESPECIALIZACION PROFESIONAL
ESPECIALIZACION TECNOLÓGICA EN METODOLOGÍAS DE CALIDAD PARA EL DESARROLLO DE SOFTWARE,Posgrado,Especialización tecnológica,ESPECIALIZACION PROFESIONAL
ESPECIALIZACIÓN TECNOLÓGICA EN METROLOGÍA PARA LA INDUSTRIA GRÁFICA,Posgrado,Especialización tecnológica,ESPECIALIZACION PROFESIONAL
ESPECIALIZACIÓN TECNOLÓGICA EN PLANEACIÓN TRIBUTARIA,Posgrado,Especialización tecnológica,ESPECIALIZACION PROFESIONAL
ESPECIALIZACIÓN TECNOLÓGICA EN PROCESOS PEDAGÓGICOS DE LA FORMACIÓN PROFESIONAL,Posgrado,Especialización tecnológica,ESPECIALIZACION PROFESIONAL
ESPECIALIZACIÓN TECNOLÓGICA EN PRODUCCIÓN DE CONTENIDOS ANIMADOS PARA VIDEOJUEGOS,Posgrado,Especialización tecnológica,ESPECIALIZACION PROFESIONAL
ESPECIALIZACIÓN TECNOLÓGICA EN PRODUCCIÓN DE FOTOGRAFIA PUBLICITARIA,Posgrado,Especialización tecnológica,ESPECIALIZACION PROFESIONAL
ESPECIALIZACIÓN TECNOLÓGICA EN  PRODUCCION Y CONSUMO SOSTENIBLE,Posgrado,Especialización tecnológica,ESPECIALIZACION PROFESIONAL
ESPECIALIZACIÓN TECNOLÓGICA EN PROGRAMACIÓN DE DISPOSITIVOS MÓVILES,Posgrado,Especialización tecnológica,ESPECIALIZACION PROFESIONAL
ESPECIALIZACIÓN TECNOLÓGICA EN PROGRAMACIÓN PARA DISPOSITIVOS MÓVILES,Posgrado,Especialización tecnológica,ESPECIALIZACION PROFESIONAL
ESPECIALIZACIÓN TECNOLÓGICA EN PROYECTOS PAISAJÍSTICOS COMUNITARIOS A ESCALA BARRIAL,Posgrado,Especialización tecnológica,ESPECIALIZACION PROFESIONAL
ESPECIALIZACIÓN TECNOLÓGICA EN PRUEBAS DE SOFTWARE,Posgrado,Especialización tecnológica,ESPECIALIZACION PROFESIONAL
ESPECIALIZACION TECNOLOGICA EN REGENCIA DE FARMACIA,Posgrado,Especialización tecnológica,ESPECIALIZACION PROFESIONAL
ESPECIALIZACIÓN TECNOLÓGICA EN SEGURIDAD DE INSTALACIONES FÍSICAS,Posgrado,Especialización tecnológica,ESPECIALIZACION PROFESIONAL
ESPECIALIZACIÓN TECNOLÓGICA EN SEGURIDAD EN REDES DE COMPUTADORES,Posgrado,Especialización tecnológica,ESPECIALIZACION PROFESIONAL
ESPECIALIZACION TECNOLOGICA EN SEGURIDAD PORTUARIA,Posgrado,Especialización tecnológica,ESPECIALIZACION PROFESIONAL
ESPECIALIZACION TECNOLOGICA EN SEGURIDAD Y PREVENCION DE RIESGOS LABORALES,Posgrado,Especialización tecnológica,ESPECIALIZACION PROFESIONAL
ESPECIALIZACIÓN TECNOLÓGICA EN SISTEMAS DE AUTOMATIZACIÓN,Posgrado,Especialización tecnológica,ESPECIALIZACION PROFESIONAL
ESPECIALIZACIÓN TECNOLÓGICA EN SISTEMAS DE GESTIÓN DE INOCUIDAD,Posgrado,Especialización tecnológica,ESPECIALIZACION PROFESIONAL
ESPECIALIZACIÓN TECNOLÓGICA EN SISTEMAS DE PREPARATIVOS PARA EMERGENCIAS Y DESASTRES,Posgrado,Especialización tecnológica,ESPECIALIZACION PROFESIONAL
ESPECIALIZACIÓN TECNOLÓGICA EN SISTEMAS DE REDES.,Posgrado,Especialización tecnológica,ESPECIALIZACION PROFESIONAL
ESPECIALIZACION TECNOLOGICA EN SISTEMAS INTEGRADOS DE GESTION,Posgrado,Especialización tecnológica,ESPECIALIZACION PROFESIONAL
ESPECIALIZACIÓN TECNOLÓGICA EN SISTEMAS INTEGRADOS DE GESTIÓN  EN HSEQ,Posgrado,Especialización tecnológica,ESPECIALIZACION PROFESIONAL
ESPECIALIZACIÓN TECNOLÓGICA EN SISTEMAS INTEGRADOS DE GESTIÓN HSEQ-RUC,Posgrado,Especialización tecnológica,ESPECIALIZACION PROFESIONAL
ESPECIALIZACIÓN TECNOLÓGICA EN SOSTENIMIENTO LOGÍSTICO OPERATIVO,Posgrado,Especialización tecnológica,ESPECIALIZACION PROFESIONAL
ESPECIALIZACION TECNOLOGICA EN SUPERVISION DE BUENAS PRACTICAS DE MANUFACTURA,Posgrado,Especialización tecnológica,ESPECIALIZACION PROFESIONAL
ESPECIALIZACIÓN TECNOLÓGICA EN SUPERVISIÓN DE INSTALACIÓN Y MANTENIMIENTO DE REDES DE TELECOMUNICACIONES,Posgrado,Especialización tecnológica,ESPECIALIZACION PROFESIONAL
ESPECIALIZACIÓN TECNOLÓGICA EN SUPERVISIÓN DE OBRAS CIVILES,Posgrado,Especialización tecnológica,ESPECIALIZACION PROFESIONAL
ESPECIALIZACIÓN TECNOLÓGICA EN SUPERVISIÓN PARA OBRAS CIVILES,Posgrado,Especialización tecnológica,ESPECIALIZACION PROFESIONAL
ESPECIALIZACIÓN TECNOLÓGICA EN  TECNOLÓGICA EN INNOVACIÓN DE PRODUCTOS ALIMENTICIOS,Posgrado,Especialización tecnológica,ESPECIALIZACION PROFESIONAL
ESPECIALIZACIÓN TECNOLÓGICA EN TRADE MARKETING,Posgrado,Especialización tecnológica,ESPECIALIZACION PROFESIONAL
Especialización Virtual en Ambientes y Recursos Digitales para la Educación,Posgrado,Especialización universitaria,ESPECIALIZACION PROFESIONAL
ESPECIALIZALICION EN GERENCIA EMPRESARIAL Y COMPETITIVIDAD,Posgrado,Especialización universitaria,ESPECIALIZACION PROFESIONAL
ESPECILIZACION EN DERECHO AMBIENTAL Y DESARROLLO,Posgrado,Especialización universitaria,ESPECIALIZACION PROFESIONAL
ESPECILIZACION EN DERECHO PROBATORIO PENAL,Posgrado,Especialización universitaria,ESPECIALIZACION PROFESIONAL
Especilización en Gerencia Social,Posgrado,Especialización universitaria,ESPECIALIZACION PROFESIONAL
GERENCIA DE MARKETING PARA ENTORNOS DIGITALES,Posgrado,Especialización universitaria,ESPECIALIZACION PROFESIONAL
Salud y Manejo de Fauna Silvestre,Posgrado,Especialización universitaria,ESPECIALIZACION PROFESIONAL
Derecho Procesal y Probatorio,Posgrado,Maestría,MAESTRIA
Diseño e innovación de materiales,Posgrado,Maestría,MAESTRIA
MAESTR¿A EN BIOLOGIA APLICADA,Posgrado,Maestría,MAESTRIA
MAESTR¿A EN INGENIER¿A - INGENIER¿A QU¿MICA,Posgrado,Maestría,MAESTRIA
MAESTR¿A EN INGENIER¿A - TRANSPORTE,Posgrado,Maestría,MAESTRIA
MAESTR¿A EN LINGU¿STICA,Posgrado,Maestría,MAESTRIA
MAESTR¿A EN SALUD Y PRODUCCI¿N ANIMAL,Posgrado,Maestría,MAESTRIA
MAESTRIA BIOLOGIA VEGETAL,Posgrado,Maestría,MAESTRIA
Maestría de Administración de Negocios (MBA),Posgrado,Maestría,MAESTRIA
MAESTRÍA DE FISIOTERAPIA EN PEDIATRÍA,Posgrado,Maestría,MAESTRIA
MAESTRÍA DE INVESTIGACIÓN EN ADMINISTRACIÓN,Posgrado,Maestría,MAESTRIA
MAESTRÍA DIDÁCTICAS E INNOVACIÓN DE LA ACTIVIDAD FÍSICA Y EL DEPORTE,Posgrado,Maestría,MAESTRIA
Maestría Economía y Gestión de la Salud,Posgrado,Maestría,MAESTRIA
Maestría en Acompañamiento Familiar,Posgrado,Maestría,MAESTRIA
MAESTRÍA EN ACOMPAÑAMIENTO PSICOSOCIAL,Posgrado,Maestría,MAESTRIA
MAESTRÍA EN ACONDICIONAMIENTO FÍSICO Y BIENESTAR,Posgrado,Maestría,MAESTRIA
Maestría en Actividad Física Adaptada,Posgrado,Maestría,MAESTRIA
"Maestría en Actividad Física, Deporte y Salud",Posgrado,Maestría,MAESTRIA
MAESTRÍA EN ACTIVIDAD FÍSICA PARA LA SALUD,Posgrado,Maestría,MAESTRIA
MAESTRÍA EN ACTIVIDAD FÍSICA Y DEPORTE,Posgrado,Maestría,MAESTRIA
MAESTRIA EN ACTIVIDAD FISICA Y SALUD,Posgrado,Maestría,MAESTRIA
MAESTRÍA EN ACTUARÍA,Posgrado,Maestría,MAESTRIA
MAESTRÍA EN ACTUARÍA Y FINANZAS,Posgrado,Maestría,MAESTRIA
MAESTRIA EN ACUICULTURA,Posgrado,Maestría,MAESTRIA
MAESTRÍA EN ACUICULTURA TROPICAL,Posgrado,Maestría,MAESTRIA
MAESTRÍA EN ACÚSTICA Y VIBRACIONES,Posgrado,Maestría,MAESTRIA
MAESTRÍA EN ADICCIONES Y SALUD MENTAL,Posgrado,Maestría,MAESTRIA
MAESTRIA EN ADMINISTRACION,Posgrado,Maestría,MAESTRIA
MAESTRIA EN ADMINISTRACION DE EMPRESAS,Posgrado,Maestría,MAESTRIA
Maestría en Administración de Empresas de Salud,Posgrado,Maestría,MAESTRIA
MAESTRÍA EN ADMINISTRACIÓN DE EMPRESAS DE SALUD - MBA EN SALUD,Posgrado,Maestría,MAESTRIA
MAESTRIA  EN ADMINISTRACION DE EMPRESAS E INNOVACION,Posgrado,Maestría,MAESTRIA
Maestría en Administración de Empresas en Ingeniería - MBA en Ingeniería,Posgrado,Maestría,MAESTRIA
MAESTRÍA EN ADMINISTRACIÓN DE EMPRESAS - MBA,Posgrado,Maestría,MAESTRIA
MAESTRÍA EN ADMINISTRACIÓN DE NEGOCIOS,Posgrado,Maestría,MAESTRIA
MAESTRIA EN ADMINISTRACION DE NEGOCIOS INTERNACIONALES,Posgrado,Maestría,MAESTRIA
MAESTRIA EN ADMINISTRACION DE NEGOCIOS (MBA),Posgrado,Maestría,MAESTRIA
Maestría en Administración de Negociso MBA,Posgrado,Maestría,MAESTRIA
MAESTRIA EN ADMINISTRACIÓN DE ORGANIZACIONES,Posgrado,Maestría,MAESTRIA
MAESTRÍA EN ADMINISTRACIÓN DE RIESGOS,Posgrado,Maestría,MAESTRIA
MAESTRIA EN ADMINISTRACION DE SALUD,Posgrado,Maestría,MAESTRIA
MAESTRIA EN ADMINISTRACION DE SISTEMAS INFORMATICOS,Posgrado,Maestría,MAESTRIA
MAESTRÍA EN ADMINISTRACIÓN DEL DESARROLLO HUMANO Y ORGANIZACIONAL,Posgrado,Maestría,MAESTRIA
Maestría en Administración e Innovación,Posgrado,Maestría,MAESTRIA
MAESTRIA EN ADMINISTRACION ECONOMICA Y FINANCIERA,Posgrado,Maestría,MAESTRIA
MAESTRÍA EN ADMINISTRACIÓN EDUCATIVA,Posgrado,Maestría,MAESTRIA
MAESTRÍA EN ADMINISTRACIÓN EJECUTIVO (EMBA),Posgrado,Maestría,MAESTRIA
MAESTRIA EN ADMINISTRACIÓN EN SALUD,Posgrado,Maestría,MAESTRIA
MAESTRIA EN ADMINISTRACIÓN FINANCIERA,Posgrado,Maestría,MAESTRIA
MAESTRÍA EN ADMINISTRACIÓN HOSPITALARIA,Posgrado,Maestría,MAESTRIA
MAESTRÍA EN ADMINISTRACIÓN INTERNACIONAL,Posgrado,Maestría,MAESTRIA
MAESTRIA EN ADMINISTRACION – MBA –,Posgrado,Maestría,MAESTRIA
MAESTRIA EN ADMINISTRACION (MBA) INTERNACIONAL,Posgrado,Maestría,MAESTRIA
MAESTRIA EN ADMINISTRACION PUBLICA,Posgrado,Maestría,MAESTRIA
MAESTRIA EN ADMINISTRACION Y DIRECCION DE EMPRESAS - MBA,Posgrado,Maestría,MAESTRIA
MAESTRÍA EN ADMINISTRACIÓN Y GESTIÓN DEL EMPRENDIMIENTO,Posgrado,Maestría,MAESTRIA
Maestría en Administración y Gestión del Emprendimiento y la Innovación,Posgrado,Maestría,MAESTRIA
Maestría en Agricultura de Precisión,Posgrado,Maestría,MAESTRIA
MAESTRÍA EN AGROECOLOGÍA,Posgrado,Maestría,MAESTRIA
MAESTRIA EN AGROFORESTERIA TROPICAL,Posgrado,Maestría,MAESTRIA
MAESTRÍA EN AGROINDUSTRIA ALIMENTARIA E INNOVACIÓN,Posgrado,Maestría,MAESTRIA
MAESTRÍA EN AGRONEGOCIOS,Posgrado,Maestría,MAESTRIA
MAESTRÍA EN AGRONEGOCIOS DEL CAFÉ,Posgrado,Maestría,MAESTRIA
Maestría en Alta Dirección de las Organizaciones,Posgrado,Maestría,MAESTRIA
MAESTRIA EN ALTA DIRECCION DE SERVICIOS EDUCATIVOS,Posgrado,Maestría,MAESTRIA
MAESTRÍA EN ALTA DIRECCIÓN Y DESARROLLO HOTELERO,Posgrado,Maestría,MAESTRIA
MAESTRÍA EN ALTA GERENCIA DE LOS RECURSOS PÚBLICOS,Posgrado,Maestría,MAESTRIA
MAESTRÍA EN ALTA GERENCIA E INNOVACIÓN ORGANIZACIONAL,Posgrado,Maestría,MAESTRIA
MAESTRÍA EN ALTOS ESTUDIOS LATINOAMERICANOS,Posgrado,Maestría,MAESTRIA
Maestría en Ambiente y Desarrollo Sostenible,Posgrado,Maestría,MAESTRIA
MAESTRÍA EN AMBIENTES BILINGÜES DE APRENDIZAJE,Posgrado,Maestría,MAESTRIA
MAESTRÍA EN AMBIENTES DE APRENDIZAJE,Posgrado,Maestría,MAESTRIA
MAESTRIA EN AMBIENTES DIGITALES PARA LA EDUCACION,Posgrado,Maestría,MAESTRIA
MAESTRÍA EN AMBIENTES EDUCATIVOS MEDIADOS POR TIC,Posgrado,Maestría,MAESTRIA
Maestría en Análisis de Datos y Sistemas Inteligentes,Posgrado,Maestría,MAESTRIA
"MAESTRÍA EN ANÁLISIS DE PROBLEMAS POLÍTICOS, ECONÓMICOS E INTERNACIONALES CONTEMPORÁNEOS",Posgrado,Maestría,MAESTRIA
MAESTRÍA EN ANÁLISIS ECONÓMICO DEL DERECHO,Posgrado,Maestría,MAESTRIA
Maestría en Análisis y Gestión de Sistemas Eléctricos,Posgrado,Maestría,MAESTRIA
MAESTRÍA EN ANALÍTICA APLICADA,Posgrado,Maestría,MAESTRIA
MAESTRÍA EN ANALITICA DE DATOS,Posgrado,Maestría,MAESTRIA
Maestría en Analítica de Datos Aplicada a la Sociedad y la Economía,Posgrado,Maestría,MAESTRIA
MAESTRÍA EN ANALÍTICA DE DATOS PARA CONTABILIDAD Y AUDITORÍA,Posgrado,Maestría,MAESTRIA
Maestría en Analítica de Datos para la Toma de Decisiones,Posgrado,Maestría,MAESTRIA
Maestría en Analítica de Negocios,Posgrado,Maestría,MAESTRIA
MAESTRIA EN ANALITICA E INTELIGENCIA DE NEGOCIOS,Posgrado,Maestría,MAESTRIA
MAESTRÍA EN ANALÍTICA PARA LA INTELIGENCIA DE NEGOCIOS,Posgrado,Maestría,MAESTRIA
Maestría en Analítica para los Negocios,Posgrado,Maestría,MAESTRIA
Maestría en Analítica y Ciencia de Datos,Posgrado,Maestría,MAESTRIA
MAESTRÍA EN ANALÍTICA Y GERENCIA DE DATOS,Posgrado,Maestría,MAESTRIA
MAESTRÍA EN ANALÍTICA Y GESTIÓN FINANCIERA,Posgrado,Maestría,MAESTRIA
MAESTRIA EN ANTROPOLOGIA,Posgrado,Maestría,MAESTRIA
"MAESTRÍA EN ARBITRAJE: NACIONAL, INTERNACIONAL Y DE INVERSIÓN",Posgrado,Maestría,MAESTRIA
MAESTRÍA EN ARCHIVÍSTICA,Posgrado,Maestría,MAESTRIA
MAESTRÍA EN ARCHIVÍSTICA HISTÓRICA Y MEMORIA,Posgrado,Maestría,MAESTRIA
MAESTRIA EN ARGUMENTACION JURIDICA,Posgrado,Maestría,MAESTRIA
"MAESTRIA EN ARGUMENTACIÓN, RETÓRICA Y RAZONAMIENTO",Posgrado,Maestría,MAESTRIA
MAESTRIA EN ARQUITECTURA,Posgrado,Maestría,MAESTRIA
MAESTRÍA EN ARQUITECTURA AVANZADA,Posgrado,Maestría,MAESTRIA
MAESTRÍA EN ARQUITECTURA. CRÍTICA Y PROYECTO,Posgrado,Maestría,MAESTRIA
MAESTRIA EN ARQUITECTURA DE LA VIVIENDA,Posgrado,Maestría,MAESTRIA
MAESTRÍA EN ARQUITECTURA DE SISTEMAS DE INFORMACIÓN,Posgrado,Maestría,MAESTRIA
Maestría en Arquitectura de Software,Posgrado,Maestría,MAESTRIA
MAESTRÍA EN ARQUITECTURA DEL PAISAJE,Posgrado,Maestría,MAESTRIA
Maestría en Arquitectura del Territorio,Posgrado,Maestría,MAESTRIA
Maestría en Arquitectura Organizacional,Posgrado,Maestría,MAESTRIA
MAESTRIA EN ARQUITECTURA Y URBANISMO,Posgrado,Maestría,MAESTRIA
MAESTRÍA EN ARQUITECTURAS DE TECNOLOGÍAS DE INFORMACIÓN,Posgrado,Maestría,MAESTRIA
MAESTRÍA EN ARTE EDUCACIÓN Y CULTURA,Posgrado,Maestría,MAESTRIA
MAESTRIA EN ARTE SONORO,Posgrado,Maestría,MAESTRIA
MAESTRIA EN ARTES,Posgrado,Maestría,MAESTRIA
MAESTRÍA EN ARTES DIGITALES,Posgrado,Maestría,MAESTRIA
MAESTRÍA EN ARTES INTEGRADAS CON EL AMBIENTE,Posgrado,Maestría,MAESTRIA
"MAESTRIA EN ARTES PLASTICAS, ELECTRONICAS Y DEL TIEMPO",Posgrado,Maestría,MAESTRIA
MAESTRIA EN ARTES PLASTICAS Y VISUALES,Posgrado,Maestría,MAESTRIA
MAESTRIA EN ASEGURAMIENTO FINANCIERO Y SOSTENIBILIDAD CORPORATIVA,Posgrado,Maestría,MAESTRIA
MAESTRÍA EN ASEGURAMIENTO Y AUDITORÍA DE INFORMACIÓN,Posgrado,Maestría,MAESTRIA
Maestría en Aseguramiento y Compliance con enfoque en Tecnologías Digitales,Posgrado,Maestría,MAESTRIA
MAESTRÍA EN ASESORÍA FAMILIAR,Posgrado,Maestría,MAESTRIA
MAESTRÍA EN ASESORÍA FAMILIAR Y GESTIÓN DE PROGRAMAS PARA LA FAMILIA,Posgrado,Maestría,MAESTRIA
MAESTRÍA EN ASUNTOS GLOBALES Y PROCESOS POLÍTICOS,Posgrado,Maestría,MAESTRIA
Maestría en Asuntos Integrales de Familia,Posgrado,Maestría,MAESTRIA
MAESTRIA  EN  ASUNTOS INTERNACIONALES,Posgrado,Maestría,MAESTRIA
MAESTRÍA EN ATENCIÓN DEL BIENESTAR PSICOSOCIAL COMUNITARIO,Posgrado,Maestría,MAESTRIA
MAESTRÍA EN ATENCIÓN INTEGRAL A LA PRIMERA INFANCIA,Posgrado,Maestría,MAESTRIA
MAESTRÍA EN AUDITORÍA INTEGRAL,Posgrado,Maestría,MAESTRIA
Maestría en Auditoría y Aseguramiento de la Información Financiera,Posgrado,Maestría,MAESTRIA
MAESTRÍA EN AUDITORÍA Y CONTROL DE GESTIÓN,Posgrado,Maestría,MAESTRIA
MAESTRIA EN AUDITORIA Y SISTEMAS DE LA CALIDAD EN SERVICIOS DE SALUD,Posgrado,Maestría,MAESTRIA
MAESTRÍA EN AUTOMÁTICA,Posgrado,Maestría,MAESTRIA
MAESTRÍA EN AUTOMATIZACIÓN,Posgrado,Maestría,MAESTRIA
MAESTRÍA EN AUTOMATIZACIÓN E INSTRUMENTACIÓN,Posgrado,Maestría,MAESTRIA
MAESTRIA EN AUTOMATIZACION INDUSTRIAL Y MECATRONICA,Posgrado,Maestría,MAESTRIA
MAESTRÍA EN AUTOMATIZACIÓN Y CONTROL INDUSTRIAL,Posgrado,Maestría,MAESTRIA
MAESTRÍA EN BIENESTAR ANIMAL,Posgrado,Maestría,MAESTRIA
MAESTRÍA EN BILINGÜÍSMO Y EDUCACIÓN,Posgrado,Maestría,MAESTRIA
MAESTRÍA EN BIOCIENCIAS,Posgrado,Maestría,MAESTRIA
MAESTRÍA EN BIOCIENCIAS Y DERECHO,Posgrado,Maestría,MAESTRIA
MAESTRIA EN BIOCLIMATICA,Posgrado,Maestría,MAESTRIA
MAESTRÍA EN BIOEDERECHO Y BIOÉTICA,Posgrado,Maestría,MAESTRIA
MAESTRÍA EN BIOESTADÍSTICA,Posgrado,Maestría,MAESTRIA
MAESTRIA EN BIOETICA,Posgrado,Maestría,MAESTRIA
MAESTRIA EN BIOETICA Y BIODERECHO,Posgrado,Maestría,MAESTRIA
Maestría en Bioética y Ética de la Investigación,Posgrado,Maestría,MAESTRIA
MAESTRÍA EN BIOINFORMÁTICA,Posgrado,Maestría,MAESTRIA
MAESTRÍA EN BIOINFORMÁTICA Y BIOLOGÍA COMPUTACIONAL,Posgrado,Maestría,MAESTRIA
MAESTRÍA EN BIOINGENIERÍA,Posgrado,Maestría,MAESTRIA
MAESTRÍA EN BIOINGENIERÍA Y NANOTECNOLOGÍA,Posgrado,Maestría,MAESTRIA
MAESTRIA EN BIOLOGIA,Posgrado,Maestría,MAESTRIA
MAESTRÍA EN BIOLOGÍA COMPUTACIONAL,Posgrado,Maestría,MAESTRIA
Maestría en Biología en Sistemas Moleculares,Posgrado,Maestría,MAESTRIA
MAESTRIA EN BIOLOGIA HUMANA,Posgrado,Maestría,MAESTRIA
MAESTRIA EN BIOLOGIA MOLECULAR Y BIOTECNOLOGIA,Posgrado,Maestría,MAESTRIA
MAESTRIA EN BIOMATEMATICAS,Posgrado,Maestría,MAESTRIA
MAESTRÍA EN BIOPROSPECCIÓN Y BIOCOMERCIO,Posgrado,Maestría,MAESTRIA
MAESTRIA EN BIOQUIMICA,Posgrado,Maestría,MAESTRIA
MAESTRIA EN BIOQUIMICA CLINICA,Posgrado,Maestría,MAESTRIA
MAESTRÍA EN BIOTECNOLOGIA,Posgrado,Maestría,MAESTRIA
MAESTRÍA EN BIOTECNOLOGÍA ALIMENTARIA,Posgrado,Maestría,MAESTRIA
MAESTRÍA EN BIOTECNOLOGÍA DE LA REPRODUCCIÓN ANIMAL,Posgrado,Maestría,MAESTRIA
Maestría en Biotecnología y Bioeconomía,Posgrado,Maestría,MAESTRIA
MAESTRIA EN BOSQUES Y CONSERVACION AMBIENTAL,Posgrado,Maestría,MAESTRIA
Maestría en Branding y Comunicación Digital,Posgrado,Maestría,MAESTRIA
MAESTRÍA EN BUSINESS ANALYTICS,Posgrado,Maestría,MAESTRIA
Maestría en Café y Negocios,Posgrado,Maestría,MAESTRIA
MAESTRÍA EN CALIDAD EN SALUD,Posgrado,Maestría,MAESTRIA
MAESTRIA EN CALIDAD PARA LA GESTION DE LAS ORGANIZACIONES,Posgrado,Maestría,MAESTRIA
MAESTRIA EN CALIDAD Y GESTION INTEGRAL,Posgrado,Maestría,MAESTRIA
MAESTRÍA EN CAMBIO CLIMÁTICO Y DESARROLLO SOSTENIBLE,Posgrado,Maestría,MAESTRIA
Maestría en Cambio Climático y Gestión del Riesgo de Desastres,Posgrado,Maestría,MAESTRIA
MAESTRIA EN CAMBIO CLIMATICO Y SOSTENIBILIDAD AMBIENTAL,Posgrado,Maestría,MAESTRIA
MAESTRIA EN CAMBIOS GLOBALES Y RIESGO DE DESASTRES,Posgrado,Maestría,MAESTRIA
MAESTRIA EN CIBERSEGURIDAD,Posgrado,Maestría,MAESTRIA
MAESTRÍA EN CIBERSEGURIDAD E INFORMÁTICA FORENSE,Posgrado,Maestría,MAESTRIA
MAESTRIA EN CIBERSEGURIDAD Y CIBERDEFENSA,Posgrado,Maestría,MAESTRIA
MAESTRÍA EN CIENCIA ANIMAL,Posgrado,Maestría,MAESTRIA
MAESTRÍA EN CIENCIA DE DATOS,Posgrado,Maestría,MAESTRIA
Maestría en Ciencia de Datos Aplicada,Posgrado,Maestría,MAESTRIA
MAESTRÍA EN CIENCIA DE DATOS E INTELIGENCIA ARTIFICIAL,Posgrado,Maestría,MAESTRIA
MAESTRÍA EN CIENCIA DE DATOS E INTELIGENCIA DE NEGOCIOS,Posgrado,Maestría,MAESTRIA
Maestría en Ciencia de Datos y Analítica,Posgrado,Maestría,MAESTRIA
MAESTRÍA EN CIENCIA DE DATOS Y APLICACIONES MATEMÁTICAS,Posgrado,Maestría,MAESTRIA
MAESTRIA EN CIENCIA DE LA INFORMACIÓN,Posgrado,Maestría,MAESTRIA
MAESTRIA EN CIENCIA POLITICA,Posgrado,Maestría,MAESTRIA
MAESTRÍA EN CIENCIA POLÍTICA Y GOBIERNO,Posgrado,Maestría,MAESTRIA
MAESTRÍA EN CIENCIA Y TECNOLOGÍA AGROINDUSTRIAL,Posgrado,Maestría,MAESTRIA
MAESTRIA EN CIENCIA Y TECNOLOGIA DE ALIMENTOS,Posgrado,Maestría,MAESTRIA
MAESTRIA EN CIENCIA Y TECNOLOGIA DE LOS ALIMENTOS,Posgrado,Maestría,MAESTRIA
MAESTRIA EN CIENCIA Y TECNOLOGIA DEL CAFE,Posgrado,Maestría,MAESTRIA
Maestria en Ciencias,Posgrado,Maestría,MAESTRIA
MAESTRÍA EN CIENCIAS ACTUARIALES,Posgrado,Maestría,MAESTRIA
MAESTRÍA EN CIENCIAS ADMINISTRATIVAS,Posgrado,Maestría,MAESTRIA
MAESTRIA EN CIENCIAS AGRARIAS,Posgrado,Maestría,MAESTRIA
MAESTRÍA EN CIENCIAS AGRARÍAS CON ÉNFASIS EN HORTIFRUTICULTURA,Posgrado,Maestría,MAESTRIA
MAESTRÍA EN CIENCIAS AGROALIMENTARIAS,Posgrado,Maestría,MAESTRIA
MAESTRÍA EN CIENCIAS AGRONÓMICAS,Posgrado,Maestría,MAESTRIA
Maestría en Ciencias Agropecuarias Sostenibles,Posgrado,Maestría,MAESTRIA
MAESTRIA EN CIENCIAS AMBIENTALES,Posgrado,Maestría,MAESTRIA
MAESTRIA EN CIENCIAS ANIMALES,Posgrado,Maestría,MAESTRIA
MAESTRIA EN CIENCIAS - ASTRONOMIA,Posgrado,Maestría,MAESTRIA
MAESTRIA EN CIENCIAS BASICAS BIOMEDICAS,Posgrado,Maestría,MAESTRIA
MAESTRIA EN CIENCIAS - BIOESTADISTICA,Posgrado,Maestría,MAESTRIA
MAESTRIA EN CIENCIAS - BIOLOGIA,Posgrado,Maestría,MAESTRIA
MAESTRÍA EN CIENCIAS BIOLÓGIAS,Posgrado,Maestría,MAESTRIA
MAESTRIA EN CIENCIAS BIOLOGICAS,Posgrado,Maestría,MAESTRIA
MAESTRIA EN CIENCIAS BIOLOGICAS AREAS:BIOLOGIA Y MICROBIOLOGIA,Posgrado,Maestría,MAESTRIA
MAESTRIA EN CIENCIAS BIOMEDICAS,Posgrado,Maestría,MAESTRIA
MAESTRIA EN CIENCIAS - BIOQUIMICA,Posgrado,Maestría,MAESTRIA
MAESTRÍA EN CIENCIAS - BIOTECNOLOGÍA,Posgrado,Maestría,MAESTRIA
Maestría en Ciencias Cognitivas,Posgrado,Maestría,MAESTRIA
MAESTRIA EN CIENCIAS COMPUTACIONALES- INVESTIGACION,Posgrado,Maestría,MAESTRIA
MAESTRIA EN CIENCIAS COMPUTACIONALES- PROFUNDIZACION,Posgrado,Maestría,MAESTRIA
MAESTRÍA EN CIENCIAS CONTABLES,Posgrado,Maestría,MAESTRIA
Maestría en Ciencias Contables y Financieras,Posgrado,Maestría,MAESTRIA
MAESTRIA EN CIENCIAS DE LA ACTIVIDAD FISICA Y DEL DEPORTE,Posgrado,Maestría,MAESTRIA
MAESTRIA EN CIENCIAS DE LA ADMINISTRACION,Posgrado,Maestría,MAESTRIA
MAESTRÍA EN CIENCIAS DE LA ALIMENTACIÓN Y NUTRICIÓN HUMANA,Posgrado,Maestría,MAESTRIA
MAESTRÍA EN CIENCIAS DE LA CULTURA FÍSICA Y DEL DEPORTE,Posgrado,Maestría,MAESTRIA
MAESTRIA EN CIENCIAS DE LA DIRECCIÓN,Posgrado,Maestría,MAESTRIA
MAESTRIA EN CIENCIAS DE LA EDUCACION,Posgrado,Maestría,MAESTRIA
MAESTRIA EN CIENCIAS DE LA INFORMACION Y LAS COMUNICACIONES,Posgrado,Maestría,MAESTRIA
Maestría en Ciencias de la Ingeniería,Posgrado,Maestría,MAESTRIA
MAESTRIA EN CIENCIAS DE LA ORGANIZACION,Posgrado,Maestría,MAESTRIA
MAESTRÍA EN CIENCIAS DE LA REHABIITACIÓN,Posgrado,Maestría,MAESTRIA
Maestría en Ciencias de la Robótica,Posgrado,Maestría,MAESTRIA
Maestría en Ciencias de la Salud,Posgrado,Maestría,MAESTRIA
MAESTRIA EN CIENCIAS DE LA TIERRA,Posgrado,Maestría,MAESTRIA
MAESTRIA EN CIENCIAS DE LA VISION,Posgrado,Maestría,MAESTRIA
Maestría en Ciencias de los Alimentos,Posgrado,Maestría,MAESTRIA
MAESTRÍA EN CIENCIAS DE LOS DATOS Y ANALÍTICA,Posgrado,Maestría,MAESTRIA
MAESTRIA EN CIENCIAS DEL DEPORTE,Posgrado,Maestría,MAESTRIA
MAESTRÍA EN CIENCIAS DEL DEPORTE Y LA ACTIVIDAD FÍSICA,Posgrado,Maestría,MAESTRIA
MAESTRIA EN CIENCIAS DEL LABORATORIO CLINICO,Posgrado,Maestría,MAESTRIA
MAESTRÍA EN CIENCIAS DEL MAR,Posgrado,Maestría,MAESTRIA
MAESTRIA EN CIENCIAS ECONOMICAS,Posgrado,Maestría,MAESTRIA
MAESTRÍA EN CIENCIAS ECONÓMICAS Y DE GESTIÓN,Posgrado,Maestría,MAESTRIA
MAESTRIA EN CIENCIAS - ENTOMOLOGIA,Posgrado,Maestría,MAESTRIA
MAESTRIA EN CIENCIAS - ESTADISTICA,Posgrado,Maestría,MAESTRIA
MAESTRIA EN CIENCIAS FARMACEUTICAS,Posgrado,Maestría,MAESTRIA
MAESTRIA EN CIENCIAS - FARMACOLOGIA,Posgrado,Maestría,MAESTRIA
MAESTRIA EN CIENCIAS - FISICA,Posgrado,Maestría,MAESTRIA
MAESTRIA EN CIENCIAS FISICAS,Posgrado,Maestría,MAESTRIA
MAESTRIA EN CIENCIAS FORENSES,Posgrado,Maestría,MAESTRIA
MAESTRÍA EN CIENCIAS FORENSES Y CRIMINALÍSTICA,Posgrado,Maestría,MAESTRIA
Maestría en Ciencias Forenses y Sistema Penal,Posgrado,Maestría,MAESTRIA
MAESTRÍA EN CIENCIAS FORESTALES,Posgrado,Maestría,MAESTRIA
MAESTRIA EN CIENCIAS - GEOFISICA,Posgrado,Maestría,MAESTRIA
MAESTRIA EN CIENCIAS - GEOLOGIA,Posgrado,Maestría,MAESTRIA
MAESTRÍA EN CIENCIAS - GEOMORFOLOGÍA Y SUELOS,Posgrado,Maestría,MAESTRIA
MAESTRIA EN CIENCIAS HUMANAS,Posgrado,Maestría,MAESTRIA
MAESTRÍA EN CIENCIAS: INNOVACION EN EDUCACIÓN,Posgrado,Maestría,MAESTRIA
MAESTRÍA EN CIENCIAS MARINAS,Posgrado,Maestría,MAESTRIA
MAESTRIA EN CIENCIAS - MATEMATICA APLICADA,Posgrado,Maestría,MAESTRIA
MAESTRIA EN CIENCIAS - MATEMATICAS,Posgrado,Maestría,MAESTRIA
MAESTRÍA EN CIENCIAS MÉDICAS,Posgrado,Maestría,MAESTRIA
MAESTRIA EN CIENCIAS - METEOROLOGIA,Posgrado,Maestría,MAESTRIA
MAESTRIA EN CIENCIAS -  MICROBIOLOGIA,Posgrado,Maestría,MAESTRIA
MAESTRÍA EN CIENCIAS NATURALES,Posgrado,Maestría,MAESTRIA
MAESTRIA EN CIENCIAS NATURALES Y MATEMÁTICA,Posgrado,Maestría,MAESTRIA
MAESTRIA EN CIENCIAS ODONTOLÓGICAS,Posgrado,Maestría,MAESTRIA
Maestría en Ciencias Odontológicas Traslacionales,Posgrado,Maestría,MAESTRIA
MAESTRÍA EN CIENCIAS PECUARIAS,Posgrado,Maestría,MAESTRIA
MAESTRÍA EN CIENCIAS PENALES Y CRIMINOLÓGICAS,Posgrado,Maestría,MAESTRIA
MAESTRIA EN CIENCIAS - QUIMICA,Posgrado,Maestría,MAESTRIA
MAESTRIA EN CIENCIAS QUIMICAS,Posgrado,Maestría,MAESTRIA
MAESTRIA EN CIENCIAS SOCIALES,Posgrado,Maestría,MAESTRIA
MAESTRIA EN CIENCIAS VETERINARIAS,Posgrado,Maestría,MAESTRIA
MAESTRÍA EN CIENCIAS VETERINARIAS DEL TRÓPICO,Posgrado,Maestría,MAESTRIA
MAESTRÍA EN CIENCIAS Y TECNOLOGÍAS AMBIENTALES,Posgrado,Maestría,MAESTRIA
MAESTRIA EN CIENCIAS Y TECNOLOGÍAS DEL DEPORTE Y LA ACTIVIDAD FÍSICA,Posgrado,Maestría,MAESTRIA
MAESTRIA EN CINE DOCUMENTAL,Posgrado,Maestría,MAESTRIA
MAESTRÍA EN CIUDADANÍA Y DERECHOS HUMANOS,Posgrado,Maestría,MAESTRIA
MAESTRÍA EN CIUDADES INTELIGENTES,Posgrado,Maestría,MAESTRIA
MAESTRÍA EN CIUDADES INTELIGENTES Y SOSTENIBLES,Posgrado,Maestría,MAESTRIA
MAESTRÍA EN CLÍNICA DE LA INFANCIA Y LA JUVENTUD,Posgrado,Maestría,MAESTRIA
MAESTRÍA EN CLÍNICA MÉDICA Y QUIRÚRGICA EN PEQUEÑOS ANIMALES,Posgrado,Maestría,MAESTRIA
MAESTRÍA EN CLÍNICA PSICOLÓGICA,Posgrado,Maestría,MAESTRIA
Maestría en Clínica y Cirugía Veterinaria,Posgrado,Maestría,MAESTRIA
Maestría en Comercio Electrónico,Posgrado,Maestría,MAESTRIA
MAESTRIA EN COMERCIO INTERNACIONAL,Posgrado,Maestría,MAESTRIA
Maestría en Comercio Internacional y Dirección Estratégica,Posgrado,Maestría,MAESTRIA
Maestría en Competitividad e Innovación Empresarial,Posgrado,Maestría,MAESTRIA
MAESTRIA EN COMPORTAMIENTO DEL CONSUMIDOR,Posgrado,Maestría,MAESTRIA
Maestría en Comportamiento del Consumidor e Investigación de Mercados,Posgrado,Maestría,MAESTRIA
Maestría en Comportamiento e Innovación Organizacional,Posgrado,Maestría,MAESTRIA
MAESTRÍA EN COMPUTACIÓN,Posgrado,Maestría,MAESTRIA
Maestría en Computación para el Desarrollo de Aplicaciones Inteligentes,Posgrado,Maestría,MAESTRIA
MAESTRIA EN COMUNICACION,Posgrado,Maestría,MAESTRIA
MAESTRIA EN COMUNICACION CREATIVA Y MEDIOS EMERGENTES,Posgrado,Maestría,MAESTRIA
MAESTRIA EN COMUNICACION CULTURA Y FRONTERA,Posgrado,Maestría,MAESTRIA
"MAESTRÍA EN COMUNICACIÓN, CULTURAS DIGITALES Y VISUALIZACIÓN DE DATOS",Posgrado,Maestría,MAESTRIA
MAESTRIA EN COMUNICACION DE LO PUBLICO,Posgrado,Maestría,MAESTRIA
MAESTRÍA EN COMUNICACIÓN DE MARCA,Posgrado,Maestría,MAESTRIA
"MAESTRÍA EN COMUNICACIÓN, DESARROLLO Y CAMBIO SOCIAL",Posgrado,Maestría,MAESTRIA
MAESTRIA EN COMUNICACION DIGITAL,Posgrado,Maestría,MAESTRIA
MAESTRÍA EN COMUNICACIÓN DIGITAL ESTRATÉGICA,Posgrado,Maestría,MAESTRIA
MAESTRIA  EN COMUNICACION -  EDUCACION,Posgrado,Maestría,MAESTRIA
MAESTRÍA EN COMUNICACIÓN - EDUCACIÓN EN LA CULTURA,Posgrado,Maestría,MAESTRIA
MAESTRIA EN COMUNICACION EDUCATIVA,Posgrado,Maestría,MAESTRIA
MAESTRÍA EN COMUNICACIÓN EN LAS ORGANIZACIONES,Posgrado,Maestría,MAESTRIA
MAESTRIA EN COMUNICACION ESTRATEGICA,Posgrado,Maestría,MAESTRIA
Maestría en Comunicación Estratégica y Cambio Social,Posgrado,Maestría,MAESTRIA
MAESTRÍA EN COMUNICACIÓN MULTILINGÜE Y GESTIÓN DEL CONOCIMIENTO,Posgrado,Maestría,MAESTRIA
MAESTRIA EN COMUNICACIÓN ORGANIZACIONAL,Posgrado,Maestría,MAESTRIA
MAESTRIA EN COMUNICACIÓN POLÍTICA,Posgrado,Maestría,MAESTRIA
Maestría en Comunicación Política Digital,Posgrado,Maestría,MAESTRIA
Maestría en Comunicación Pública,Posgrado,Maestría,MAESTRIA
MAESTRIA EN COMUNICACION TECNOLOGIA Y SOCIEDAD,Posgrado,Maestría,MAESTRIA
MAESTRÍA EN COMUNICACIÓN TRANSMEDIA,Posgrado,Maestría,MAESTRIA
Maestría en Comunicación y Cambio Social,Posgrado,Maestría,MAESTRIA
Maestría en Comunicación y Creación Interactiva,Posgrado,Maestría,MAESTRIA
MAESTRÍA EN COMUNICACIÓN Y GESTIÓN DEPORTIVA,Posgrado,Maestría,MAESTRIA
Maestría en Comunicación y Marketing Digital,Posgrado,Maestría,MAESTRIA
MAESTRIA EN COMUNICACION Y MEDIOS,Posgrado,Maestría,MAESTRIA
Maestría en Comunicación y Periodismo Digital,Posgrado,Maestría,MAESTRIA
MAESTRÍA EN COMUNICACIONES,Posgrado,Maestría,MAESTRIA
"MAESTRÍA EN CONFLICTO, MEMORIA Y PAZ",Posgrado,Maestría,MAESTRIA
MAESTRIA EN CONFLICTO SOCIAL Y CONSTRUCCION DE PAZ,Posgrado,Maestría,MAESTRIA
MAESTRÍA EN CONFLICTO Y PAZ,Posgrado,Maestría,MAESTRIA
"Maestría en Conflictos, Paces y Derechos Humanos",Posgrado,Maestría,MAESTRIA
MAESTRIA EN CONSERVACION DEL PATRIMONIO CULTURAL INMUEBLE,Posgrado,Maestría,MAESTRIA
MAESTRÍA EN CONSERVACIÓN Y USO DE BIODIVERSIDAD,Posgrado,Maestría,MAESTRIA
MAESTRIA EN CONSTRUCCION,Posgrado,Maestría,MAESTRIA
MAESTRIA EN CONSTRUCCION DE PAZ,Posgrado,Maestría,MAESTRIA
MAESTRÍA EN CONSTRUCCIÓN SOSTENIBLE,Posgrado,Maestría,MAESTRIA
Maestría en Construcción Sostenible en Proyectos de Edificación e Infraestructura,Posgrado,Maestría,MAESTRIA
Maestría en Construcción y Arquitectura Sostenible,Posgrado,Maestría,MAESTRIA
MAESTRÍA EN CONSTRUCCIONES EFICIENTES,Posgrado,Maestría,MAESTRIA
Maestría en Consultoría Social y Familiar,Posgrado,Maestría,MAESTRIA
MAESTRIA EN CONTABILIDAD,Posgrado,Maestría,MAESTRIA
MAESTRÍA EN CONTABILIDAD FINANCIERA Y DE GESTIÓN,Posgrado,Maestría,MAESTRIA
MAESTRÍA EN CONTABILIDAD INTERNACIONAL,Posgrado,Maestría,MAESTRIA
MAESTRIA EN CONTABILIDAD Y FINANZAS,Posgrado,Maestría,MAESTRIA
MAESTRÍA EN CONTABILIDAD Y TRIBUTACIÓN,Posgrado,Maestría,MAESTRIA
MAESTRIA EN CONTRATACIÓN ESTATAL,Posgrado,Maestría,MAESTRIA
Maestría en Contratación Estatal y Litigios Contractuales,Posgrado,Maestría,MAESTRIA
MAESTRÍA EN CONTRATACIÓN PÚBLICA Y SU GESTIÓN,Posgrado,Maestría,MAESTRIA
Maestría en Control Fiscal y Gestión Financiera,Posgrado,Maestría,MAESTRIA
MAESTRÍA EN CONTROL ORGANIZACIONAL,Posgrado,Maestría,MAESTRIA
MAESTRIA EN CONTROLES INDUSTRIALES,Posgrado,Maestría,MAESTRIA
MAESTRÍA EN COOPERACIÓN INTERNACIONAL PARA EL DESARROLLO,Posgrado,Maestría,MAESTRIA
MAESTRÍA EN COOPERACIÓN INTERNACIONAL Y GESTIÓN DE PROYECTOS,Posgrado,Maestría,MAESTRIA
MAESTRIA EN CREACION ARTISTICA,Posgrado,Maestría,MAESTRIA
MAESTRÍA EN CREACIÓN AUDIOVISUAL,Posgrado,Maestría,MAESTRIA
Maestría en Creación de Contenido y Social Listening,Posgrado,Maestría,MAESTRIA
MAESTRÍA EN CREACIÓN DE EMPRESAS,Posgrado,Maestría,MAESTRIA
Maestría en Creación de Experiencias Digitales (UX),Posgrado,Maestría,MAESTRIA
MAESTRÍA EN CREACIÓN DIGITAL Y PRODUCCIÓN DE VIDEOJUEGOS,Posgrado,Maestría,MAESTRIA
MAESTRÍA EN CREACIÓN LITERARIA,Posgrado,Maestría,MAESTRIA
Maestría en Creación Literaria y Narrativas Digitales,Posgrado,Maestría,MAESTRIA
MAESTRÍA EN CREACIÓN Y DIRECCIÓN DE EMPRESAS,Posgrado,Maestría,MAESTRIA
MAESTRÍA EN CREACIÓN Y DIRECCIÓN DE MEDIOS,Posgrado,Maestría,MAESTRIA
MAESTRIA EN CREACION Y DIRECCION ESCENICA,Posgrado,Maestría,MAESTRIA
MAESTRÍA EN CREACIÓN Y ESTUDIOS AUDIOVISUALES,Posgrado,Maestría,MAESTRIA
MAESTRÍA EN CREATIVIDAD,Posgrado,Maestría,MAESTRIA
MAESTRÍA EN CREATIVIDAD E INNOVACIÓN EN LAS ORGANIZACIONES,Posgrado,Maestría,MAESTRIA
MAESTRÍA EN CREATIVIDAD PARA EL DESARROLLO SOCIAL,Posgrado,Maestría,MAESTRIA
Maestría en Criminología y Conflicto,Posgrado,Maestría,MAESTRIA
Maestría en Criminología y Política Pública Criminal,Posgrado,Maestría,MAESTRIA
MAESTRIA EN CRIMINOLOGIA Y VICTIMOLOGIA,Posgrado,Maestría,MAESTRIA
MAESTRIA EN CRMINALISTICA Y CIENCIAS FORENSES,Posgrado,Maestría,MAESTRIA
MAESTRÍA EN CUIDADOS PALIATIVOS,Posgrado,Maestría,MAESTRIA
MAESTRIA EN CULTURAS AUDIOVISUALES,Posgrado,Maestría,MAESTRIA
Maestría en Culturas de Paz,Posgrado,Maestría,MAESTRIA
MAESTRIA EN CULTURAS Y DROGA,Posgrado,Maestría,MAESTRIA
"MAESTRIA EN DEFENSA DE LOS DERECHOS HUMANOS Y DEL DERECHO INTERNACIONAL HUMANITARIO ANTE ORGANISMOS, TRIBUNALES Y CORTES INTERNACIONALES",Posgrado,Maestría,MAESTRIA
MAESTRÍA EN DEPORTE Y ACTIVIDAD FÍSICA,Posgrado,Maestría,MAESTRIA
MAESTRIA EN DERECHO,Posgrado,Maestría,MAESTRIA
MAESTRIA EN DERECHO ADMINISTRATIVO,Posgrado,Maestría,MAESTRIA
Maestría en Derecho Ambiental,Posgrado,Maestría,MAESTRIA
MAESTRÍA EN DERECHO AMBIENTAL Y SOSTENIBILIDAD,Posgrado,Maestría,MAESTRIA
MAESTRÍA EN DERECHO AMBIENTAL Y URBANO-TERRITORIAL,Posgrado,Maestría,MAESTRIA
MAESTRIA EN DERECHO BANCARIO Y BURSATIL,Posgrado,Maestría,MAESTRIA
MAESTRIA EN DERECHO CANONICO,Posgrado,Maestría,MAESTRIA
MAESTRÍA EN DERECHO CIVIL Y DE FAMILIA,Posgrado,Maestría,MAESTRIA
MAESTRIA EN DERECHO COMERCIAL,Posgrado,Maestría,MAESTRIA
MAESTRÍA EN DERECHO COMERCIAL Y FINANCIERO,Posgrado,Maestría,MAESTRIA
MAESTRÍA EN DERECHO CON ÉNFASIS EN DERECHO PÚBLICO Y DERECHO PRIVADO,Posgrado,Maestría,MAESTRIA
MAESTRIA EN DERECHO CONSTITUCIONAL,Posgrado,Maestría,MAESTRIA
MAESTRIA EN DERECHO CONSTITUCIONAL Y ADMINISTRATIVO,Posgrado,Maestría,MAESTRIA
Maestría en Derecho Constitucional y Política Legislativa,Posgrado,Maestría,MAESTRIA
MAESTRIA EN DERECHO CONTRACTUAL PUBLICO Y PRIVADO,Posgrado,Maestría,MAESTRIA
MAESTRÍA EN DERECHO CORPORATIVO,Posgrado,Maestría,MAESTRIA
MAESTRIA EN DERECHO DE FAMILIA,Posgrado,Maestría,MAESTRIA
MAESTRIA EN DERECHO DE LA EMPRESA,Posgrado,Maestría,MAESTRIA
MAESTRIA EN DERECHO DE LA EMPRESA Y DE LOS NEGOCIOS,Posgrado,Maestría,MAESTRIA
MAESTRÍA EN DERECHO DE LA INFRAESTRUCTURA,Posgrado,Maestría,MAESTRIA
MAESTRÍA EN DERECHO DE LOS CONTRATOS,Posgrado,Maestría,MAESTRIA
MAESTRIA EN DERECHO DE SEGUROS,Posgrado,Maestría,MAESTRIA
MAESTRÍA EN DERECHO DE TIERRAS,Posgrado,Maestría,MAESTRIA
MAESTRÍA EN DERECHO DEL COMERCIO,Posgrado,Maestría,MAESTRIA
MAESTRÍA EN DERECHO DEL MEDIO AMBIENTE,Posgrado,Maestría,MAESTRIA
"MAESTRÍA EN DERECHO DEL TRABAJO, PROCESAL DEL TRABAJO Y SEGURIDAD SOCIAL",Posgrado,Maestría,MAESTRIA
MAESTRIA EN DERECHO DEL TRABAJO Y DE LA SEGURIDAD SOCIAL,Posgrado,Maestría,MAESTRIA
Maestría en Derecho del Trabajo y Seguridad Social,Posgrado,Maestría,MAESTRIA
MAESTRÍA EN DERECHO DISCIPLINARIO,Posgrado,Maestría,MAESTRIA
MAESTRIA EN DERECHO ECONOMICO,Posgrado,Maestría,MAESTRIA
"MAESTRÍA EN DERECHO ECONÓMICO INTERNACIONAL, COMERCIO, TRANSACCIONES E INVERSIÓN",Posgrado,Maestría,MAESTRIA
MAESTRÍA EN DERECHO EMPRESARIAL,Posgrado,Maestría,MAESTRIA
"MAESTRÍA EN DERECHO, GOBIERNO Y GESTIÓN DE LA JUSTICIA",Posgrado,Maestría,MAESTRIA
MAESTRÍA EN DERECHO INFORMÁTICO Y DE LAS NUEVAS TECNOLOGÍAS,Posgrado,Maestría,MAESTRIA
MAESTRIA EN DERECHO INTERNACIONAL,Posgrado,Maestría,MAESTRIA
MAESTRÍA EN DERECHO INTERNACIONAL DE LOS NEGOCIOS,Posgrado,Maestría,MAESTRIA
Maestría en Derecho Internacional del Mar y Marítimo,Posgrado,Maestría,MAESTRIA
MAESTRÍA EN DERECHO INTERNACIONAL PÚBLICO,Posgrado,Maestría,MAESTRIA
MAESTRÍA EN DERECHO LABORAL EMPRESARIAL,Posgrado,Maestría,MAESTRIA
MAESTRÍA EN DERECHO LABORAL Y DE LA SEGURIDAD SOCIAL,Posgrado,Maestría,MAESTRIA
MAESTRIA EN DERECHO LABORAL Y SEGURIDAD SOCIAL,Posgrado,Maestría,MAESTRIA
MAESTRÍA EN DERECHO MÉDICO,Posgrado,Maestría,MAESTRIA
MAESTRÍA EN DERECHO MINERO-AMBIENTAL,Posgrado,Maestría,MAESTRIA
MAESTRIA EN DERECHO PENAL,Posgrado,Maestría,MAESTRIA
MAESTRIA EN DERECHO PENAL. AREAS PENAL Y PROCESAL PENAL,Posgrado,Maestría,MAESTRIA
MAESTRIA EN DERECHO PENAL Y CRIMINOLOGIA,Posgrado,Maestría,MAESTRIA
MAESTRIA EN DERECHO PENAL Y PROCESAL PENAL,Posgrado,Maestría,MAESTRIA
MAESTRIA EN DERECHO PRIVADO,Posgrado,Maestría,MAESTRIA
MAESTRÍA EN DERECHO PRIVADO Y DE LOS NEGOCIOS,Posgrado,Maestría,MAESTRIA
MAESTRIA EN DERECHO PROBATORIO,Posgrado,Maestría,MAESTRIA
MAESTRIA EN DERECHO PROCESAL,Posgrado,Maestría,MAESTRIA
MAESTRIA EN DERECHO PROCESAL CONTEMPORÁNEO,Posgrado,Maestría,MAESTRIA
MAESTRÍA EN DERECHO PROCESAL PENAL,Posgrado,Maestría,MAESTRIA
MAESTRÍA EN DERECHO PROCESAL PENAL Y TEORÍA DEL DELITO,Posgrado,Maestría,MAESTRIA
Maestría en Derecho Procesal y Justicia Digital,Posgrado,Maestría,MAESTRIA
MAESTRÍA EN DERECHO PROCESAL Y PROBATORIO,Posgrado,Maestría,MAESTRIA
MAESTRIA EN DERECHO PUBLICO,Posgrado,Maestría,MAESTRIA
"MAESTRÍA EN DERECHO PÚBLICO:  GOBIERNO, JUSTICIA Y DERECHOS HUMANOS",Posgrado,Maestría,MAESTRIA
MAESTRIA EN DERECHO PUBLICO PARA LA GESTION ADMINISTRATIVA,Posgrado,Maestría,MAESTRIA
MAESTRÍA EN DERECHO PÚBLICO Y PRIVADO,Posgrado,Maestría,MAESTRIA
MAESTRIA EN DERECHO SANCIONATORIO Y DISCIPLINARIO,Posgrado,Maestría,MAESTRIA
"Maestría en Derecho, Tecnología y Sociedad Digital",Posgrado,Maestría,MAESTRIA
MAESTRIA EN DERECHO TRIBUTARIO,Posgrado,Maestría,MAESTRIA
Maestría en Derecho Urbanístico e Intervenciones Territoriales,Posgrado,Maestría,MAESTRIA
MAESTRIA EN DERECHO Y ADMINISTRACIÓN DE JUSTICIA,Posgrado,Maestría,MAESTRIA
Maestría en Derecho y Ciencia Política,Posgrado,Maestría,MAESTRIA
MAESTRÍA EN DERECHO Y GESTIÓN AMBIENTAL,Posgrado,Maestría,MAESTRIA
MAESTRÍA EN DERECHO Y GESTIÓN URBANÍSTICA,Posgrado,Maestría,MAESTRIA
Maestría en Derecho y Justicia,Posgrado,Maestría,MAESTRIA
MAESTRIA EN DERECHOS HUMANOS,Posgrado,Maestría,MAESTRIA
"MAESTRÍA EN DERECHOS HUMANOS, DERECHO INTERNACIONAL HUMANITARIO Y TRANSFORMACIONES SOCIALES PARA LA PAZ",Posgrado,Maestría,MAESTRIA
"MAESTRÍA EN DERECHOS HUMANOS, GESTIÓN DE LA TRANSICIÓN Y POSCONFLICTO",Posgrado,Maestría,MAESTRIA
MAESTRÍA EN DERECHOS HUMANOS Y CIUDADANÍA,Posgrado,Maestría,MAESTRIA
MAESTRÍA EN DERECHOS HUMANOS Y CULTURA DE PAZ,Posgrado,Maestría,MAESTRIA
MAESTRÍA EN DERECHOS HUMANOS Y DERECHO INTERNACIONAL DE LOS CONFLICTOS ARMADOS,Posgrado,Maestría,MAESTRIA
MAESTRIA EN DERECHOS HUMANOS Y DERECHO INTERNACIONAL HUMANITARIO,Posgrado,Maestría,MAESTRIA
MAESTRIA EN DERECHOS HUMANOS Y GOBERNANZA,Posgrado,Maestría,MAESTRIA
Maestría en Derechos Humanos y Justicia Social,Posgrado,Maestría,MAESTRIA
Maestría en Derechos Humanos y Protección a Victimas,Posgrado,Maestría,MAESTRIA
MAESTRIA EN DESARROLLO,Posgrado,Maestría,MAESTRIA
MAESTRÍA EN DESARROLLO AGROINDUSTRIAL,Posgrado,Maestría,MAESTRIA
MAESTRÍA EN DESARROLLO DE PRODUCTOS SUSTENTABLES,Posgrado,Maestría,MAESTRIA
Maestría en Desarrollo del Talento Deportivo,Posgrado,Maestría,MAESTRIA
MAESTRÍA EN DESARROLLO ECONÓMICO,Posgrado,Maestría,MAESTRIA
MAESTRIA EN DESARROLLO EDUCATIVO Y SOCIAL,Posgrado,Maestría,MAESTRIA
"Maestría en Desarrollo, Gobierno y Políticas Públicas",Posgrado,Maestría,MAESTRIA
MAESTRÍA EN DESARROLLO HUMANO,Posgrado,Maestría,MAESTRIA
MAESTRÍA EN DESARROLLO HUMANO ORGANIZACIONAL,Posgrado,Maestría,MAESTRIA
MAESTRÍA EN DESARROLLO HUMANO Y EDUCACIÓN SOCIOAFECTIVA,Posgrado,Maestría,MAESTRIA
MAESTRÍA EN DESARROLLO HUMANO Y SALUD,Posgrado,Maestría,MAESTRIA
MAESTRÍA EN DESARROLLO INFANTIL,Posgrado,Maestría,MAESTRIA
MAESTRÍA EN DESARROLLO ORGANIZACIONAL Y PROCESOS HUMANOS,Posgrado,Maestría,MAESTRIA
MAESTRÍA EN DESARROLLO REGIONAL Y PLANIFICACION DEL TERRITORIO,Posgrado,Maestría,MAESTRIA
MAESTRIA EN DESARROLLO RURAL,Posgrado,Maestría,MAESTRIA
MAESTRÍA EN DESARROLLO SOCIAL,Posgrado,Maestría,MAESTRIA
MAESTRIA EN DESARROLLO SOSTENIBLE,Posgrado,Maestría,MAESTRIA
MAESTRÍA EN DESARROLLO SOSTENIBLE INTEGRAL,Posgrado,Maestría,MAESTRIA
MAESTRIA  EN DESARROLLO SOSTENIBLE Y MEDIO AMBIENTE,Posgrado,Maestría,MAESTRIA
MAESTRIA EN DESARROLLO SUSTENTABLE,Posgrado,Maestría,MAESTRIA
MAESTRÍA EN DESARROLLO SUSTENTABLE Y GESTIÓN AMBIENTAL,Posgrado,Maestría,MAESTRIA
MAESTRÍA EN DESARROLLO TERRITORIAL,Posgrado,Maestría,MAESTRIA
MAESTRÍA EN DESARROLLO TERRITORIAL Y GESTIÓN PÚBLICA,Posgrado,Maestría,MAESTRIA
Maestría en Desarrollo Urbano Rural,Posgrado,Maestría,MAESTRIA
MAESTRIA EN DESARROLLO URBANO SOSTENIBLE,Posgrado,Maestría,MAESTRIA
MAESTRÍA EN DESARROLLO Y AMBIENTE,Posgrado,Maestría,MAESTRIA
MAESTRÍA EN DESARROLLO Y CULTURA,Posgrado,Maestría,MAESTRIA
MAESTRÍA EN DESARROLLO Y GERENCIA INTEGRAL DE PROYECTOS,Posgrado,Maestría,MAESTRIA
MAESTRIA EN DESARROLLO Y GESTION  DE EMPRESAS SOCIALES,Posgrado,Maestría,MAESTRIA
Maestría en Descubrimiento y Desarrollo de Fármacos,Posgrado,Maestría,MAESTRIA
MAESTRÍA EN DIDÁCTICA,Posgrado,Maestría,MAESTRIA
MAESTRÍA EN DIDÁCTICA DE LA LENGUA Y LA LITERATURA ESPAÑOLAS,Posgrado,Maestría,MAESTRIA
MAESTRIA EN DIDACTICA DE LA LITERATURA,Posgrado,Maestría,MAESTRIA
MAESTRÍA EN DIDÁCTICA DE LA MATEMÁTICA,Posgrado,Maestría,MAESTRIA
Maestría en Didáctica de las Artes Escénicas,Posgrado,Maestría,MAESTRIA
MAESTRÍA EN DIDÁCTICA DE LAS CIENCIAS NATURALES,Posgrado,Maestría,MAESTRIA
Maestría en Didáctica de las Ciencias Sociales,Posgrado,Maestría,MAESTRIA
MAESTRÍA EN DIDÁCTICA DE LAS LENGUAS,Posgrado,Maestría,MAESTRIA
Maestría en Didáctica de las Lenguas Extranjeras,Posgrado,Maestría,MAESTRIA
MAESTRIA EN DIDACTICA DE LAS MATEMATICAS,Posgrado,Maestría,MAESTRIA
MAESTRÍA EN DIDÁCTICA DE LENGUAS Y CULTURAS,Posgrado,Maestría,MAESTRIA
MAESTRIA EN DIDACTICA DEL INGLES,Posgrado,Maestría,MAESTRIA
MAESTRÍA EN DIDÁCTICA DEL INGLÉS PARA EL APRENDIZAJE AUTODIRIGIDO,Posgrado,Maestría,MAESTRIA
MAESTRIA EN DIDACTICA DIGITAL,Posgrado,Maestría,MAESTRIA
"MAESTRÍA EN DIDÁCTICAS DE LA EDUCACIÓN FÍSICA, LA RECREACIÓN Y EL DEPORTE",Posgrado,Maestría,MAESTRIA
"MAESTRIA EN DIDACTICAS PARA LECTURAS, ESCRITURAS Y LITERATURA",Posgrado,Maestría,MAESTRIA
MAESTRÍA EN DIFICULTADES DEL APRENDIZAJE,Posgrado,Maestría,MAESTRIA
Maestría en Dinámicas Territoriales y Desarrollo,Posgrado,Maestría,MAESTRIA
MAESTRÍA EN DIRECCIÓN DE CINE,Posgrado,Maestría,MAESTRIA
MAESTRÍA EN DIRECCIÓN DE EMPRESAS,Posgrado,Maestría,MAESTRIA
MAESTRÍA EN DIRECCIÓN DE EMPRESAS DE MODA Y EMPRENDIMIENTOS CREATIVOS,Posgrado,Maestría,MAESTRIA
"MAESTRIA EN DIRECCION DE EMPRESAS, MBA",Posgrado,Maestría,MAESTRIA
MAESTRIA EN DIRECCIÓN DE MARKETING,Posgrado,Maestría,MAESTRIA
MAESTRÍA EN DIRECCIÓN DE ORGANIZACIONES,Posgrado,Maestría,MAESTRIA
MAESTRÍA EN DIRECCIÓN DEPORTIVA Y RELACIONES INTERNACIONALES,Posgrado,Maestría,MAESTRIA
Maestría en Dirección Ejecutiva de Negocios Farmacéuticos,Posgrado,Maestría,MAESTRIA
MAESTRIA EN DIRECCION EMPRESARIAL,Posgrado,Maestría,MAESTRIA
MAESTRÍA EN DIRECCIÓN ESTRATÉGICA PARA EL TURISMO,Posgrado,Maestría,MAESTRIA
MAESTRÍA EN DIRECCIÓN PORTUARIA Y MARÍTIMA,Posgrado,Maestría,MAESTRIA
MAESTRIA EN DIRECCION SINFONICA,Posgrado,Maestría,MAESTRIA
Maestría en Dirección Tributaria,Posgrado,Maestría,MAESTRIA
Maestría en Dirección  y Administración de Empresas,Posgrado,Maestría,MAESTRIA
MAESTRIA EN DIRECCION Y GESTION DE INSTITUCIONES EDUCATIVAS,Posgrado,Maestría,MAESTRIA
Maestría en Dirección y Gestión de la Calidad Educativa,Posgrado,Maestría,MAESTRIA
MAESTRÍA EN DIRECCIÓN Y GESTIÓN DE LA SEGURIDAD INTEGRAL,Posgrado,Maestría,MAESTRIA
MAESTRÍA EN DIRECCIÓN Y GESTIÓN DE PROYECTOS,Posgrado,Maestría,MAESTRIA
MAESTRIA EN DIRECCION Y GESTION TRIBUTARIA,Posgrado,Maestría,MAESTRIA
MAESTRIA EN DISCAPACIDAD,Posgrado,Maestría,MAESTRIA
MAESTRIA EN DISCAPACIDAD E INCLUSION SOCIAL,Posgrado,Maestría,MAESTRIA
"Maestría en Discapacidad, Salud y Derechos Humanos",Posgrado,Maestría,MAESTRIA
MAESTRÍA EN DISCAPACIDAD Y DESARROLLO HUMANO,Posgrado,Maestría,MAESTRIA
MAESTRÍA EN DISEÑO,Posgrado,Maestría,MAESTRIA
MAESTRÍA EN DISEÑO DE AMBIENTES DE APRENDIZAJE INNOVADORES,Posgrado,Maestría,MAESTRIA
MAESTRÍA EN DISEÑO DE EXPERIENCIA DE USUARIO,Posgrado,Maestría,MAESTRIA
Maestría en Diseño de Experiencia del Usuario,Posgrado,Maestría,MAESTRIA
Maestría en Diseño de Futuros,Posgrado,Maestría,MAESTRIA
MAESTRÍA EN DISEÑO DE PROCESOS Y PRODUCTOS,Posgrado,Maestría,MAESTRIA
MAESTRÍA EN DISEÑO DE PRODUCTO,Posgrado,Maestría,MAESTRIA
MAESTRIA EN DISEÑO DEL PAISAJE,Posgrado,Maestría,MAESTRIA
MAESTRÍA EN DISEÑO E INNOVACIÓN MD+I,Posgrado,Maestría,MAESTRIA
"Maestría en Diseño, Gestión y Optimización De Procesos",Posgrado,Maestría,MAESTRIA
MAESTRIA EN DISEÑO PARA INDUSTRIAS CREATIVAS Y CULTURALES,Posgrado,Maestría,MAESTRIA
MAESTRÍA EN DISEÑO PARA LA INNOVACIÓN DE PRODUCTOS Y SERVICIOS,Posgrado,Maestría,MAESTRIA
MAESTRÍA EN DISEÑO PARA LA INNOVACIÓN SOCIAL,Posgrado,Maestría,MAESTRIA
MAESTRIA EN DISEÑO SOSTENIBLE,Posgrado,Maestría,MAESTRIA
"Maestría en Diseño Sostenible, Territorio y Hábitat",Posgrado,Maestría,MAESTRIA
MAESTRIA EN DISEÑO URBANO,Posgrado,Maestría,MAESTRIA
MAESTRÍA EN DISEÑO Y CONSTRUCCIÓN EXPERIMENTAL,Posgrado,Maestría,MAESTRIA
MAESTRIA EN DISEÑO Y CREACION INTERACTIVA,Posgrado,Maestría,MAESTRIA
MAESTRÍA EN DISEÑO Y EVALUACIÓN DE PROYECTOS REGIONALES,Posgrado,Maestría,MAESTRIA
MAESTRÍA EN DISEÑO Y GESTIÓN DE ESCENARIOS VIRTUALES DE APRENDIZAJE,Posgrado,Maestría,MAESTRIA
MAESTRIA EN DISEÑO Y GESTION DE PROCESOS,Posgrado,Maestría,MAESTRIA
MAESTRIA EN DISEÑO Y GESTIÓN DE PROCESOS INDUSTRIALES,Posgrado,Maestría,MAESTRIA
MAESTRIA EN DOCENCIA,Posgrado,Maestría,MAESTRIA
MAESTRIA EN DOCENCIA DE IDIOMAS,Posgrado,Maestría,MAESTRIA
MAESTRIA EN DOCENCIA DE LA MATEMATICA,Posgrado,Maestría,MAESTRIA
MAESTRIA EN DOCENCIA DE LA QUIMICA,Posgrado,Maestría,MAESTRIA
MAESTRIA EN DOCENCIA DE LAS CIENCIAS NATURALES,Posgrado,Maestría,MAESTRIA
Maestría en docencia de las matemáticas,Posgrado,Maestría,MAESTRIA
MAESTRIA EN DOCENCIA EN EDUCACION SUPERIOR,Posgrado,Maestría,MAESTRIA
MAESTRIA EN DOCENCIA UNIVERSITARIA,Posgrado,Maestría,MAESTRIA
MAESTRÍA EN DRAMATURGIA Y DIRECCIÓN,Posgrado,Maestría,MAESTRIA
MAESTRÍA EN DROGODEPENDENCIAS,Posgrado,Maestría,MAESTRIA
MAESTRÍA EN ECOINGENIERÍA,Posgrado,Maestría,MAESTRIA
MAESTRÍA EN ECOLOGÍA HUMANA Y SABERES AMBIENTALES,Posgrado,Maestría,MAESTRIA
Maestría en Ecología Política,Posgrado,Maestría,MAESTRIA
MAESTRÍA EN ECOLOGÍA Y BIODIVERSIDAD,Posgrado,Maestría,MAESTRIA
MAESTRIA EN ECONOMIA,Posgrado,Maestría,MAESTRIA
MAESTRIA EN ECONOMIA APLICADA,Posgrado,Maestría,MAESTRIA
"MAESTRÍA EN ECONOMÍA CIRCULAR, TECNOLOGÍAS Y ECOINNOVACIÓN",Posgrado,Maestría,MAESTRIA
MAESTRÍA EN ECONOMÍA DE LA INNOVACIÓN Y EL CAMBIO TÉCNICO,Posgrado,Maestría,MAESTRIA
MAESTRIA EN ECONOMIA DE LA SALUD,Posgrado,Maestría,MAESTRIA
MAESTRÍA EN ECONOMÍA DE LAS POLÍTICAS PÚBLICAS,Posgrado,Maestría,MAESTRIA
MAESTRIA EN ECONOMIA DEL DESARROLLO,Posgrado,Maestría,MAESTRIA
MAESTRÍA EN ECONOMÍA DEL DESARROLLO METROPOLITANO Y REGIONAL,Posgrado,Maestría,MAESTRIA
MAESTRÍA EN ECONOMÍA DEL TURISMO,Posgrado,Maestría,MAESTRIA
Maestría en Economía Financiera,Posgrado,Maestría,MAESTRIA
MAESTRIA EN ECONOMIA REGIONAL Y POLITICAS PUBLICAS,Posgrado,Maestría,MAESTRIA
MAESTRIA EN ECONOMIA SOLIDARIA PARA EL DESARROLLO TERRITORIAL,Posgrado,Maestría,MAESTRIA
MAESTRÍA EN ECONOMÍA URBANA Y REGIONAL,Posgrado,Maestría,MAESTRIA
MAESTRÍA EN ECONOMÍA Y DESARROLLO,Posgrado,Maestría,MAESTRIA
MAESTRÍA EN ECONOMÍA Y POLÍTICA DE LA EDUCACIÓN,Posgrado,Maestría,MAESTRIA
MAESTRIA EN ECOTECNOLOGIA,Posgrado,Maestría,MAESTRIA
MAESTRIA EN  EDUCACION,Posgrado,Maestría,MAESTRIA
MAESTRÍA EN EDUCACIÓN AMBIENTAL,Posgrado,Maestría,MAESTRIA
MAESTRÍA EN EDUCACIÓN AMBIENTAL Y DESARROLLO LOCAL,Posgrado,Maestría,MAESTRIA
MAESTRIA EN EDUCACION  AMBIENTAL Y DESARROLLO SOSTENIBLE,Posgrado,Maestría,MAESTRIA
MAESTRÍA EN EDUCACIÓN ARTÍSTICA,Posgrado,Maestría,MAESTRIA
MAESTRÍA EN EDUCACIÓN BILINGÜE,Posgrado,Maestría,MAESTRIA
Maestría en Educación Bilingüe y Multicultural,Posgrado,Maestría,MAESTRIA
Maestría en Educación Comunitaria y Construcción de Paz,Posgrado,Maestría,MAESTRIA
"MAESTRÍA EN EDUCACIÓN CON ÉNFASIS EN CIENCIAS EXACTAS, NATURALES Y DEL LENGUAJE",Posgrado,Maestría,MAESTRIA
MAESTRIA EN EDUCACION: DESARROLLO HUMANO,Posgrado,Maestría,MAESTRIA
MAESTRÍA EN EDUCACIÓN DESDE LA DIVERSIDAD,Posgrado,Maestría,MAESTRIA
MAESTRÍA EN EDUCACIÓN DESDE Y PARA LAS DIVERSIDADES,Posgrado,Maestría,MAESTRIA
Maestría en Educación e Innovación Pedagógica,Posgrado,Maestría,MAESTRIA
MAESTRÍA EN EDUCACIÓN EN CIENCIAS NATURALES,Posgrado,Maestría,MAESTRIA
MAESTRIA EN EDUCACION EN SALUD,Posgrado,Maestría,MAESTRIA
MAESTRÍA EN EDUCACIÓN EN TECNOLOGÍA,Posgrado,Maestría,MAESTRIA
"MAESTRÍA EN EDUCACIÓN, ESTUDIOS DEL CUERPO Y LA MOTRICIDAD",Posgrado,Maestría,MAESTRIA
MAESTRÍA EN EDUCACIÓN FÍSICA,Posgrado,Maestría,MAESTRIA
MAESTRÍA EN EDUCACIÓN INCLUSIVA E INTERCULTURAL,Posgrado,Maestría,MAESTRIA
MAESTRÍA EN EDUCACIÓN INFANTIL,Posgrado,Maestría,MAESTRIA
MAESTRÍA EN EDUCACIÓN INTERCULTURAL,Posgrado,Maestría,MAESTRIA
MAESTRIA EN EDUCACION MATEMATICA,Posgrado,Maestría,MAESTRIA
Maestría en Educación mediada con las TIC,Posgrado,Maestría,MAESTRIA
MAESTRÍA EN EDUCACIÓN MEDIADA POR LAS TIC,Posgrado,Maestría,MAESTRIA
MAESTRÍA EN EDUCACIÓN MEDIADA POR TIC,Posgrado,Maestría,MAESTRIA
MAESTRÍA EN EDUCACIÓN MÉDICA,Posgrado,Maestría,MAESTRIA
MAESTRÍA EN EDUCACIÓN PARA EL DESARROLLO SOCIOCULTURAL,Posgrado,Maestría,MAESTRIA
MAESTRIA EN EDUCACION PARA LA INCLUSION,Posgrado,Maestría,MAESTRIA
MAESTRÍA EN EDUCACIÓN PARA LA INCLUSIÓN CON ÉNFASIS EN POLÍTICAS PÚBLICAS,Posgrado,Maestría,MAESTRIA
MAESTRÍA EN EDUCACIÓN PARA LA INCLUSIÓN Y LA DISCAPACIDAD,Posgrado,Maestría,MAESTRIA
MAESTRÍA EN EDUCACIÓN PARA LA INCLUSIÓN Y LA INTERCULTURALIDAD,Posgrado,Maestría,MAESTRIA
Maestría en Educación para la Innovación Pedagógica,Posgrado,Maestría,MAESTRIA
MAESTRIA EN EDUCACION PARA LA INNOVACION Y LAS CIUDADANIAS,Posgrado,Maestría,MAESTRIA
MAESTRIA EN  EDUCACION PARA LA PAZ,Posgrado,Maestría,MAESTRIA
MAESTRÍA EN EDUCACIÓN PARA LA PRIMERA INFANCIA,Posgrado,Maestría,MAESTRIA
MAESTRÍA EN EDUCACIÓN PARA LA SALUD,Posgrado,Maestría,MAESTRIA
Maestría en Educación para las Ciencias de la Salud,Posgrado,Maestría,MAESTRIA
MAESTRÍA EN EDUCACIÓN PARA PROFESIONALES DE LA SALUD,Posgrado,Maestría,MAESTRIA
MAESTRÍA EN EDUCACIÓN POPULAR,Posgrado,Maestría,MAESTRIA
MAESTRIA EN EDUCACION POR EL ARTE,Posgrado,Maestría,MAESTRIA
"Maestría en Educación, Sociedad y Tecnología",Posgrado,Maestría,MAESTRIA
MAESTRIA EN EDUCACION SOSTENIBLE Y GESTION AMBIENTAL TERRITORIAL,Posgrado,Maestría,MAESTRIA
MAESTRIA EN EDUCACIÓN STEM,Posgrado,Maestría,MAESTRIA
Maestría en Educación STEM para el Desarrollo Social,Posgrado,Maestría,MAESTRIA
MAESTRÍA EN EDUCACIÓN SUPERIOR,Posgrado,Maestría,MAESTRIA
MAESTRÍA EN EDUCACIÓN VIRTUAL,Posgrado,Maestría,MAESTRIA
MAESTRÍA EN EDUCACIÓN Y ARTE,Posgrado,Maestría,MAESTRIA
MAESTRIA EN EDUCACION Y CULTURA DE PAZ,Posgrado,Maestría,MAESTRIA
MAESTRÍA EN EDUCACIÓN Y DERECHOS HUMANOS,Posgrado,Maestría,MAESTRIA
MAESTRIA EN EDUCACION Y DESARROLLO HUMANO,Posgrado,Maestría,MAESTRIA
MAESTRÍA EN EDUCACIÓN Y DESARROLLO SOCIAL,Posgrado,Maestría,MAESTRIA
MAESTRÍA EN EDUCACIÓN Y GESTIÓN AMBIENTAL,Posgrado,Maestría,MAESTRIA
Maestría en Educación y Transformación Digital,Posgrado,Maestría,MAESTRIA
MAESTRÍA EN EDUCATRÓNICA,Posgrado,Maestría,MAESTRIA
MAESTRÍA EN EFICIENCIA ENERGÉTICA Y ENERGÍA RENOVABLE,Posgrado,Maestría,MAESTRIA
MAESTRIA EN ELECTRONICA Y TELECOMUNICACIONES,Posgrado,Maestría,MAESTRIA
MAESTRÍA EN EMPRENDIMIENTO,Posgrado,Maestría,MAESTRIA
MAESTRÍA EN EMPRENDIMIENTO E INNOVACIÓN,Posgrado,Maestría,MAESTRIA
Maestría en Emprendimiento Sostenible con Tecnología,Posgrado,Maestría,MAESTRIA
MAESTRÍA EN EMPRENDIMIENTO TECNOLÓGICO,Posgrado,Maestría,MAESTRIA
MAESTRIA EN EN ADMINISTRACION (MBA),Posgrado,Maestría,MAESTRIA
MAESTRÍA EN ENERGÍA,Posgrado,Maestría,MAESTRIA
MAESTRÍA EN ENERGÍA Y SOSTENIBILIDAD,Posgrado,Maestría,MAESTRIA
MAESTRÍA EN ENERGÍAS,Posgrado,Maestría,MAESTRIA
MAESTRIA EN ENERGIAS RENOVABLES,Posgrado,Maestría,MAESTRIA
Maestría en energías renovables para la transición energética,Posgrado,Maestría,MAESTRIA
MAESTRIA EN ENFERMERIA,Posgrado,Maestría,MAESTRIA
MAESTRÍA EN ENFERMERÍA EN CUIDADO CRÍTICO,Posgrado,Maestría,MAESTRIA
MAESTRÍA EN ENFERMERÍA EN CUIDADO PALIATIVO,Posgrado,Maestría,MAESTRIA
MAESTRÍA EN ENFERMERÍA EN CUIDADOS PALIATIVOS,Posgrado,Maestría,MAESTRIA
MAESTRÍA EN ENFERMERÍA EN SALUD MENTAL,Posgrado,Maestría,MAESTRIA
Maestría en Enfermería en Salud Mental y Psiquiatría,Posgrado,Maestría,MAESTRIA
Maestría en Enfermería Neonatal,Posgrado,Maestría,MAESTRIA
MAESTRÍA EN ENFERMERÍA ONCOLÓGICA,Posgrado,Maestría,MAESTRIA
MAESTRÍA EN ENSEÑANZA DE ESPAÑOL COMO LENGUA EXTRANJERA Y SEGUNDA LENGUA,Posgrado,Maestría,MAESTRIA
MAESTRÍA EN ENSEÑANZA DE INGLÉS COMO LENGUA EXTRANJERA,Posgrado,Maestría,MAESTRIA
MAESTRÍA EN ENSEÑANZA DE LA FÍSICA,Posgrado,Maestría,MAESTRIA
MAESTRIA EN ENSEÑANZA DE LA MATEMATICA,Posgrado,Maestría,MAESTRIA
MAESTRÍA EN ENSEÑANZA DE LAS CIENCIAS,Posgrado,Maestría,MAESTRIA
MAESTRÍA EN ENSEÑANZA DE LAS CIENCIAS BÁSICAS MEDIADA POR LAS TIC,Posgrado,Maestría,MAESTRIA
MAESTRIA EN ENSEÑANZA DE LAS CIENCIAS EXACTAS Y NATURALES,Posgrado,Maestría,MAESTRIA
MAESTRÍA EN ENSEÑANZA DE LAS CIENCIAS NATURALES,Posgrado,Maestría,MAESTRIA
MAESTRIA EN ENSEÑANZA DE LAS MATEMATICAS,Posgrado,Maestría,MAESTRIA
Maestría en Enseñanza de las Matemáticas y Ciencias Naturales en entornos digitales,Posgrado,Maestría,MAESTRIA
MAESTRÍA EN ENSEÑANZA DE LENGUAS EXTRANJERAS,Posgrado,Maestría,MAESTRIA
MAESTRIA EN ENSEÑANZA DE SEGUNDAS LENGUAS,Posgrado,Maestría,MAESTRIA
MAESTRÍA EN ENSEÑANZA DEL INGLÉS,Posgrado,Maestría,MAESTRIA
MAESTRIA EN ENSEÑANZA DEL INGLÉS Y EL ESPAÑOL COMO LENGUAS EXTRANJERAS,Posgrado,Maestría,MAESTRIA
MAESTRÍA EN ENSEÑANZA DEL LENGUAJE Y LA LENGUA CASTELLANA,Posgrado,Maestría,MAESTRIA
MAESTRÍA EN ENSEÑANZA Y APRENDIZAJE DE LENGUAS EXTRANJERAS,Posgrado,Maestría,MAESTRIA
MAESTRIA EN ENTORNOS DIGITALES PARA EDUCACION,Posgrado,Maestría,MAESTRIA
MAESTRIA EN ENTRENAMIENTO DEPORTIVO,Posgrado,Maestría,MAESTRIA
Maestría en Entrenamiento Deportivo y Actividad Física,Posgrado,Maestría,MAESTRIA
MAESTRIA EN EPIDEMIOLOGIA,Posgrado,Maestría,MAESTRIA
MAESTRIA EN EPIDEMIOLOGIA CLINICA,Posgrado,Maestría,MAESTRIA
MAESTRÍA EN EQUIDAD DE GÉNERO,Posgrado,Maestría,MAESTRIA
MAESTRÍA EN ERGONOMÍA Y DISEÑO UNIVERSAL,Posgrado,Maestría,MAESTRIA
Maestría en Ergonomía y Salud en el Trabajo,Posgrado,Maestría,MAESTRIA
MAESTRÍA EN ESCRITURA CREATIVA,Posgrado,Maestría,MAESTRIA
MAESTRÍA EN ESCRITURAS AUDIOVISUALES,Posgrado,Maestría,MAESTRIA
MAESTRIA EN ESCRITURAS CREATIVAS,Posgrado,Maestría,MAESTRIA
Maestría en Espiritualidad,Posgrado,Maestría,MAESTRIA
MAESTRIA EN ESTADISTICA,Posgrado,Maestría,MAESTRIA
MAESTRIA EN ESTADISTICA APLICADA,Posgrado,Maestría,MAESTRIA
MAESTRÍA EN ESTADÍSTICA APLICADA Y ANALÍTICA DE DATOS,Posgrado,Maestría,MAESTRIA
MAESTRÍA EN ESTADÍSTICA APLICADA Y CIENCIA DE DATOS,Posgrado,Maestría,MAESTRIA
MAESTRIA EN ESTETICA,Posgrado,Maestría,MAESTRIA
MAESTRÍA EN ESTÉTICA E HISTORIA DEL ARTE,Posgrado,Maestría,MAESTRIA
MAESTRÍA EN ESTÉTICA Y CREACIÓN,Posgrado,Maestría,MAESTRIA
MAESTRÍA EN ESTRATEGIA DIGITAL DE NEGOCIOS,Posgrado,Maestría,MAESTRIA
"MAESTRIA EN ESTRATEGIA, INNOVACION Y COMPETITIVIDAD",Posgrado,Maestría,MAESTRIA
MAESTRIA EN ESTRATEGIA Y GEOPOLITICA,Posgrado,Maestría,MAESTRIA
MAESTRÍA EN ESTRUCTURACIÓN ÁGIL DE PROYECTOS DE ALTA COMPLEJIDAD,Posgrado,Maestría,MAESTRIA
MAESTRÍA EN ESTUDIOS AFROCOLOMBIANOS,Posgrado,Maestría,MAESTRIA
MAESTRIA EN ESTUDIOS AMAZONICOS,Posgrado,Maestría,MAESTRIA
MAESTRÍA EN ESTUDIOS ARTÍSTICOS,Posgrado,Maestría,MAESTRIA
Maestría en Estudios Bíblicos,Posgrado,Maestría,MAESTRIA
MAESTRIA EN ESTUDIOS CLASICOS,Posgrado,Maestría,MAESTRIA
MAESTRIA EN ESTUDIOS CONTEMPORÁNEOS DE AMÉRICA LATINA,Posgrado,Maestría,MAESTRIA
MAESTRÍA EN ESTUDIOS CONTEMPORÁNEOS EN ENSEÑANZA DE LA BIOLOGÍA,Posgrado,Maestría,MAESTRIA
MAESTRIA EN ESTUDIOS CRITICOS DE LAS MIGRACIONES CONTEMPORANEAS,Posgrado,Maestría,MAESTRIA
MAESTRIA EN ESTUDIOS CULTURALES,Posgrado,Maestría,MAESTRIA
MAESTRÍA EN ESTUDIOS CULTURALES LATINOAMERICANOS,Posgrado,Maestría,MAESTRIA
MAESTRÍA EN ESTUDIOS CULTURALES Y NARRATIVAS CONTEMPORÁNEAS,Posgrado,Maestría,MAESTRIA
"MAESTRÍA EN ESTUDIOS DE CIENCIA, TECNOLOGÍA, SOCIEDAD E INNOVACIÓN",Posgrado,Maestría,MAESTRIA
MAESTRIA EN ESTUDIOS DE DESARROLLO LOCAL,Posgrado,Maestría,MAESTRIA
MAESTRIA EN ESTUDIOS DE FAMILIA,Posgrado,Maestría,MAESTRIA
MAESTRIA EN ESTUDIOS DE FAMILIA Y DESARROLLO,Posgrado,Maestría,MAESTRIA
Maestría en Estudios de Género y Educación para la Sexualidad,Posgrado,Maestría,MAESTRIA
MAESTRÍA EN ESTUDIOS DE GÉNERO Y VIOLENCIA INTRAFAMILIAR,Posgrado,Maestría,MAESTRIA
Maestría en Estudios de la Arquitectura,Posgrado,Maestría,MAESTRIA
MAESTRÍA EN ESTUDIOS DE PAZ Y RESOLUCIÓN DE CONFLICTOS,Posgrado,Maestría,MAESTRIA
MAESTRIA EN ESTUDIOS DEL CARIBE,Posgrado,Maestría,MAESTRIA
MAESTRÍA EN ESTUDIOS DEL COMPORTAMIENTO,Posgrado,Maestría,MAESTRIA
MAESTRÍA EN ESTUDIOS DEL DESARROLLO Y LA RESPONSABILIDAD SOCIAL EMPRESARIAL,Posgrado,Maestría,MAESTRIA
Maestría en Estudios del Lenguaje,Posgrado,Maestría,MAESTRIA
MAESTRIA EN ESTUDIOS DEL TERRITORIO,Posgrado,Maestría,MAESTRIA
MAESTRÍA EN ESTUDIOS EDITORIALES,Posgrado,Maestría,MAESTRIA
Maestría en Estudios Educativos Afrocolombianos y Afrolatinoamericanos,Posgrado,Maestría,MAESTRIA
MAESTRIA EN ESTUDIOS EN INFANCIAS,Posgrado,Maestría,MAESTRIA
Maestría en Estudios Globales y Cooperación Internacional,Posgrado,Maestría,MAESTRIA
MAESTRÍA EN ESTUDIOS HUMANÍSTICOS,Posgrado,Maestría,MAESTRIA
MAESTRIA EN ESTUDIOS INTERDISCIPLINARIOS DE LA COMPLEJIDAD,Posgrado,Maestría,MAESTRIA
MAESTRÍA EN ESTUDIOS INTERDISCIPLINARIOS DEL DESARROLLO,Posgrado,Maestría,MAESTRIA
MAESTRIA EN ESTUDIOS INTERDISCIPLINARIOS SOBRE DESARROLLO,Posgrado,Maestría,MAESTRIA
MAESTRIA EN ESTUDIOS INTERLINGUISTICOS E INTERCULTURALES,Posgrado,Maestría,MAESTRIA
MAESTRIA EN ESTUDIOS INTERNACIONALES,Posgrado,Maestría,MAESTRIA
Maestría en Estudios Jurídicos,Posgrado,Maestría,MAESTRIA
MAESTRÍA EN ESTUDIOS LATINOAMERICANOS,Posgrado,Maestría,MAESTRIA
MAESTRIA EN ESTUDIOS LITERARIOS,Posgrado,Maestría,MAESTRIA
MAESTRIA EN ESTUDIOS POLITICOS,Posgrado,Maestría,MAESTRIA
MAESTRÍA EN ESTUDIOS POLÍTICOS E INTERNACIONALES,Posgrado,Maestría,MAESTRIA
MAESTRÍA EN ESTUDIOS POLITICOS LATINOAMERICANOS,Posgrado,Maestría,MAESTRIA
Maestría en Estudios Religiosos y Teología,Posgrado,Maestría,MAESTRIA
MAESTRIA EN ESTUDIOS SOBRE SUSTENTABILIDAD,Posgrado,Maestría,MAESTRIA
MAESTRIA EN ESTUDIOS SOCIALES,Posgrado,Maestría,MAESTRIA
MAESTRIA EN ESTUDIOS SOCIALES DE LA CIENCIA,Posgrado,Maestría,MAESTRIA
Maestría en Estudios Sociales de la Religión,Posgrado,Maestría,MAESTRIA
MAESTRÍA EN ESTUDIOS SOCIALES Y CULTURALES,Posgrado,Maestría,MAESTRIA
MAESTRÍA EN ESTUDIOS SOCIALES Y EDUCACIÓN PARA LA PAZ,Posgrado,Maestría,MAESTRIA
MAESTRÍA EN ESTUDIOS SOCIALES Y POLÍTICOS,Posgrado,Maestría,MAESTRIA
MAESTRIA EN ESTUDIOS SOCIOESPACIALES,Posgrado,Maestría,MAESTRIA
MAESTRÍA EN ESTUDIOS TEOLÓGICOS CONTEMPORÁNEOS,Posgrado,Maestría,MAESTRIA
MAESTRÍA EN ESTUDIOS TERRITORIALES,Posgrado,Maestría,MAESTRIA
MAESTRÍA EN ESTUDIOS TRANSDISCIPLINARIOS EN SALUD,Posgrado,Maestría,MAESTRIA
MAESTRIA EN ESTUDIOS URBANO - REGIONALES,Posgrado,Maestría,MAESTRIA
MAESTRÍA EN ESTUDIOS Y GESTIÓN DEL DESARROLLO,Posgrado,Maestría,MAESTRIA
MAESTRÍA EN ÉTICA Y ENSEÑANZA DE LA ÉTICA,Posgrado,Maestría,MAESTRIA
MAESTRÍA EN ÉTICA Y PROBLEMAS  MORALES CONTEMPORÁNEOS,Posgrado,Maestría,MAESTRIA
MAESTRIA EN ETNOLITERATURA,Posgrado,Maestría,MAESTRIA
MAESTRÍA EN EVALUACIÓN Y ASEGURAMIENTO DE LA CALIDAD DE LA EDUCACIÓN,Posgrado,Maestría,MAESTRIA
MAESTRÍA EN EVALUACIÓN Y CONTRATACIÓN DE PROYECTOS PÚBLICOS,Posgrado,Maestría,MAESTRIA
MAESTRÍA EN EVALUACIÓN Y GERENCIA DE PROYECTOS,Posgrado,Maestría,MAESTRIA
Maestría en Evaluación y Manejo del Impacto Ambiental,Posgrado,Maestría,MAESTRIA
MAESTRIA EN EXTENSION Y DESARROLLO RURAL,Posgrado,Maestría,MAESTRIA
MAESTRÍA EN FAMILIA,Posgrado,Maestría,MAESTRIA
"Maestría en Familia, Desarrollo y Cuidado",Posgrado,Maestría,MAESTRIA
MAESTRÍA EN FAMILIA E INTERVENCIÓN FAMILIAR,Posgrado,Maestría,MAESTRIA
"MAESTRIA EN FAMILIA, EDUCACIÓN Y DESARROLLO",Posgrado,Maestría,MAESTRIA
Maestría en Familias y Construcción de Paz,Posgrado,Maestría,MAESTRIA
MAESTRÍA EN FAMILIAS Y GÉNERO,Posgrado,Maestría,MAESTRIA
MAESTRIA EN FARMACIA ASISTENCIAL,Posgrado,Maestría,MAESTRIA
MAESTRIA EN FARMACOLOGIA,Posgrado,Maestría,MAESTRIA
MAESTRÍA EN FARMACOLOGÍA CLÍNICA,Posgrado,Maestría,MAESTRIA
MAESTRIA EN FILOSOFIA,Posgrado,Maestría,MAESTRIA
MAESTRÍA EN FILOSOFÍA CONTEMPORÁNEA,Posgrado,Maestría,MAESTRIA
MAESTRÍA EN FILOSOFÍA DE LA CIENCIA,Posgrado,Maestría,MAESTRIA
Maestría en Filosofía de la Tecnología,Posgrado,Maestría,MAESTRIA
MAESTRIA EN FILOSOFIA DEL DERECHO Y TEORIA JURIDICA,Posgrado,Maestría,MAESTRIA
MAESTRIA EN FILOSOFIA LATINOAMERICANA,Posgrado,Maestría,MAESTRIA
Maestría en Filosofía y Justicia Social,Posgrado,Maestría,MAESTRIA
MAESTRÍA EN FILOSOFÍA Y MUNDO DIGITAL,Posgrado,Maestría,MAESTRIA
MAESTRIA EN FINANZAS,Posgrado,Maestría,MAESTRIA
Maestría en Finanzas Analíticas y Cuantitativas,Posgrado,Maestría,MAESTRIA
MAESTRIA EN FINANZAS APLICADAS,Posgrado,Maestría,MAESTRIA
MAESTRIA EN FINANZAS CORPORATIVAS,Posgrado,Maestría,MAESTRIA
"MAESTRIA EN FINANZAS CORPORATIVAS, RIESGO Y CREACIÓN DE VALOR",Posgrado,Maestría,MAESTRIA
MAESTRÍA EN FINANZAS CUANTITATIVAS,Posgrado,Maestría,MAESTRIA
Maestría En Finanzas Digitales,Posgrado,Maestría,MAESTRIA
MAESTRÍA EN FINANZAS -MEF-,Posgrado,Maestría,MAESTRIA
Maestría en Finanzas Sostenibles y Cambio Climático,Posgrado,Maestría,MAESTRIA
"MAESTRÍA EN FINANZAS, TECNOLOGÍA E INNOVACIÓN DIGITAL",Posgrado,Maestría,MAESTRIA
Maestría en Finanzas y Dirección Financiera,Posgrado,Maestría,MAESTRIA
MAESTRIA EN FISICA,Posgrado,Maestría,MAESTRIA
MAESTRÍA EN FÍSICA APLICADA,Posgrado,Maestría,MAESTRIA
MAESTRIA EN FISICA MEDICA,Posgrado,Maestría,MAESTRIA
MAESTRIA EN FISIOLOGIA,Posgrado,Maestría,MAESTRIA
Maestría en Fisiología Traslacional,Posgrado,Maestría,MAESTRIA
MAESTRÍA EN FISIOLOGÍA VEGETAL,Posgrado,Maestría,MAESTRIA
MAESTRIA EN FISIOTERAPIA,Posgrado,Maestría,MAESTRIA
MAESTRÍA EN FISIOTERAPIA CARDIOPULMONAR,Posgrado,Maestría,MAESTRIA
MAESTRÍA EN FISIOTERAPIA DEL DEPORTE Y LA ACTIVIDAD FÍSICA,Posgrado,Maestría,MAESTRIA
MAESTRIA EN FITOPATOLOGIA,Posgrado,Maestría,MAESTRIA
MAESTRÍA EN FORMACIÓN ÉTICA Y RELIGIOSA EN LA ERA DIGITAL,Posgrado,Maestría,MAESTRIA
MAESTRÍA EN FUNDAMENTOS DE LA DOCENCIA EN LENGUAS EXTRANJERAS,Posgrado,Maestría,MAESTRIA
MAESTRÍA EN GANADERÍA SOSTENIBLE,Posgrado,Maestría,MAESTRIA
MAESTRÍA EN GENERACIÓN Y GESTIÓN DE CONTENIDOS DIGITALES,Posgrado,Maestría,MAESTRIA
MAESTRIA EN GENERO,Posgrado,Maestría,MAESTRIA
MAESTRÍA EN GÉNERO: ÁREA MUJER Y DESARROLLO,Posgrado,Maestría,MAESTRIA
MAESTRIA EN GENÉTICA,Posgrado,Maestría,MAESTRIA
MAESTRIA EN GENETICA HUMANA,Posgrado,Maestría,MAESTRIA
MAESTRÍA EN GEOFÍSICA,Posgrado,Maestría,MAESTRIA
MAESTRIA EN GEOGRAFIA,Posgrado,Maestría,MAESTRIA
Maestría en Geoinformación del Territorio,Posgrado,Maestría,MAESTRIA
MAESTRIA EN GEOINFORMATICA,Posgrado,Maestría,MAESTRIA
MAESTRIA EN GEOLOGIA,Posgrado,Maestría,MAESTRIA
MAESTRIA EN GEOMATICA,Posgrado,Maestría,MAESTRIA
MAESTRÍA EN GEOMÁTICA AMBIENTAL,Posgrado,Maestría,MAESTRIA
MAESTRIA EN GEOTECNIA,Posgrado,Maestría,MAESTRIA
Maestría en Geotecnia vial y pavimentos,Posgrado,Maestría,MAESTRIA
MAESTRIA EN GERENCIA,Posgrado,Maestría,MAESTRIA
MAESTRIA EN GERENCIA AMBIENTAL,Posgrado,Maestría,MAESTRIA
MAESTRÍA EN GERENCIA AMBIENTAL Y ECO-INNOVACIÓN,Posgrado,Maestría,MAESTRIA
Maestría en Gerencia Ambiental y Sostenibilidad,Posgrado,Maestría,MAESTRIA
MAESTRÍA EN GERENCIA COMERCIAL Y MARKETING,Posgrado,Maestría,MAESTRIA
MAESTRÍA EN GERENCIA DE AGRONEGOCIOS,Posgrado,Maestría,MAESTRIA
MAESTRÍA EN GERENCIA DE EMPRESAS,Posgrado,Maestría,MAESTRIA
MAESTRÍA EN GERENCIA DE EMPRESAS SOCIALES PARA LA INNOVACIÓN SOCIAL Y EL DESARROLLO LOCAL,Posgrado,Maestría,MAESTRIA
MAESTRIA EN GERENCIA DE INGENIERÍA,Posgrado,Maestría,MAESTRIA
Maestría en Gerencia de Innovación y Competitividad,Posgrado,Maestría,MAESTRIA
Maestría en Gerencia de Instituciones de la Salud,Posgrado,Maestría,MAESTRIA
Maestría en Gerencia de Instituciones de Salud,Posgrado,Maestría,MAESTRIA
MAESTRIA EN GERENCIA DE INSTITUCIONES EDUCATIVAS,Posgrado,Maestría,MAESTRIA
MAESTRÍA EN GERENCIA DE INVERSIÓN,Posgrado,Maestría,MAESTRIA
Maestría en Gerencia de la Bioeconomía y Gobernanza Biotecnológica,Posgrado,Maestría,MAESTRIA
MAESTRÍA EN GERENCIA DE LA CADENA DE ABASTECIMIENTO,Posgrado,Maestría,MAESTRIA
MAESTRÍA EN GERENCIA DE LA CADENA DE SUMINISTRO,Posgrado,Maestría,MAESTRIA
MAESTRÍA EN GERENCIA DE LA CADENA DE SUMINISTROS,Posgrado,Maestría,MAESTRIA
"MAESTRÍA EN GERENCIA DE LA CIENCIA, TECNOLOGÍA E INNOVACIÓN",Posgrado,Maestría,MAESTRIA
MAESTRÍA EN GERENCIA DE LA EDUCACIÓN,Posgrado,Maestría,MAESTRIA
Maestría en Gerencia de la Ingeniería,Posgrado,Maestría,MAESTRIA
MAESTRÍA EN GERENCIA DE LA INNOVACIÓN,Posgrado,Maestría,MAESTRIA
MAESTRIA EN GERENCIA DE LA INNOVACION EMPRESARIAL,Posgrado,Maestría,MAESTRIA
MAESTRÍA EN GERENCIA DE LA INNOVACIÓN EN PROYECTOS,Posgrado,Maestría,MAESTRIA
MAESTRÍA EN GERENCIA DE LA INNOVACIÓN Y EL CONOCIMIENTO,Posgrado,Maestría,MAESTRIA
Maestría en Gerencia de la Responsabilidad Social Empresarial y Creación de Valor Compartido,Posgrado,Maestría,MAESTRIA
MAESTRÍA EN GERENCIA DE LA SALUD,Posgrado,Maestría,MAESTRIA
Maestría en Gerencia de la Seguridad y la Salud en el Trabajo,Posgrado,Maestría,MAESTRIA
MAESTRÍA EN GERENCIA DE LA SEGURIDAD Y SALUD EN EL TRABAJO,Posgrado,Maestría,MAESTRIA
MAESTRÍA EN GERENCIA DE LA SOSTENIBILIDAD,Posgrado,Maestría,MAESTRIA
Maestría en Gerencia de la Sostenibilidad y Transformación Regenerativa,Posgrado,Maestría,MAESTRIA
MAESTRÍA EN GERENCIA DE LA TRANSFORMACIÓN DIGITAL,Posgrado,Maestría,MAESTRIA
MAESTRÍA EN GERENCIA DE LA TRANSFORMACIÓN DIGITAL Y ANALÍTICA DE NEGOCIOS,Posgrado,Maestría,MAESTRIA
MAESTRÍA EN GERENCIA DE LAS ORGANIZACIONES DEL DEPORTE,Posgrado,Maestría,MAESTRIA
MAESTRÍA EN GERENCIA DE MANTENIMIENTO,Posgrado,Maestría,MAESTRIA
Maestría en Gerencia de Marketing,Posgrado,Maestría,MAESTRIA
MAESTRIA EN GERENCIA DE MERCADEO,Posgrado,Maestría,MAESTRIA
MAESTRÍA EN GERENCIA DE MERCADEO DIGITAL,Posgrado,Maestría,MAESTRIA
Maestría en Gerencia de Negocios de la Hospitalidad,Posgrado,Maestría,MAESTRIA
MAESTRÍA EN GERENCIA DE NEGOCIOS - MBA,Posgrado,Maestría,MAESTRIA
MAESTRÍA EN GERENCIA DE OPERACIONES,Posgrado,Maestría,MAESTRIA
MAESTRÍA EN GERENCIA DE ORGANIZACIONES,Posgrado,Maestría,MAESTRIA
MAESTRÍA EN GERENCIA DE ORGANIZACIONES DE SALUD,Posgrado,Maestría,MAESTRIA
MAESTRÍA EN GERENCIA DE ORGANIZACIONES DEPORTIVAS Y RECREATIVAS,Posgrado,Maestría,MAESTRIA
MAESTRÍA EN GERENCIA DE PRODUCCIÓN Y OPERACIONES,Posgrado,Maestría,MAESTRIA
Maestría en Gerencia de Productividad y Competitividad,Posgrado,Maestría,MAESTRIA
MAESTRIA EN GERENCIA DE PROYECTOS,Posgrado,Maestría,MAESTRIA
MAESTRÍA EN GERENCIA DE PROYECTOS DE CONSTRUCCIÓN,Posgrado,Maestría,MAESTRIA
Maestría en Gerencia de Proyectos y Consultoría,Posgrado,Maestría,MAESTRIA
MAESTRIA EN GERENCIA DE SERVICIOS DE SALUD,Posgrado,Maestría,MAESTRIA
MAESTRÍA EN GERENCIA DE SISTEMAS DE INFORMACIÓN Y PROYECTOS TECNOLÓGICOS,Posgrado,Maestría,MAESTRIA
MAESTRÍA EN GERENCIA DE SISTEMAS DE SALUD,Posgrado,Maestría,MAESTRIA
Maestría en Gerencia de Tecnologías de Información,Posgrado,Maestría,MAESTRIA
Maestría en Gerencia de Tecnologías de la Información,Posgrado,Maestría,MAESTRIA
MAESTRÍA EN GERENCIA DE TECNOLOGÍAS DE LA INFORMACIÓN Y COMUNICACIÓN TIC,Posgrado,Maestría,MAESTRIA
Maestría en Gerencia del Bienestar y de la salud y seguridad en el trabajo,Posgrado,Maestría,MAESTRIA
Maestría en Gerencia del Capital Humano e Intelectual,Posgrado,Maestría,MAESTRIA
MAESTRIA EN GERENCIA DEL COMERCIO INTERNACIONAL,Posgrado,Maestría,MAESTRIA
MAESTRÍA EN GERENCIA DEL DESARROLLO SOSTENIBLE,Posgrado,Maestría,MAESTRIA
MAESTRIA EN GERENCIA DEL TALENTO HUMANO,Posgrado,Maestría,MAESTRIA
MAESTRÍA EN GERENCIA E INNOVACIÓN EN TECNOLOGÍAS,Posgrado,Maestría,MAESTRIA
Maestría en Gerencia e Interventoría de Proyectos de Construcción,Posgrado,Maestría,MAESTRIA
MAESTRIA EN GERENCIA EDUCATIVA,Posgrado,Maestría,MAESTRIA
MAESTRÍA EN GERENCIA EDUCATIVA E INNOVACIÓN TECNOLÓGICA,Posgrado,Maestría,MAESTRIA
Maestría en Gerencia en Inteligencia Artificial,Posgrado,Maestría,MAESTRIA
MAESTRÍA EN GERENCIA EN SALUD,Posgrado,Maestría,MAESTRIA
MAESTRIA EN GERENCIA EN SEGURIDAD Y SALUD EN EL TRABAJO,Posgrado,Maestría,MAESTRIA
MAESTRÍA EN GERENCIA ESTRATÉGICA,Posgrado,Maestría,MAESTRIA
Maestría en Gerencia Estratégica de Gobierno TI,Posgrado,Maestría,MAESTRIA
Maestría en Gerencia Estratégica de las TIC en las Organizaciones,Posgrado,Maestría,MAESTRIA
MAESTRÍA EN GERENCIA ESTRATÉGICA DE MERCADEO,Posgrado,Maestría,MAESTRIA
Maestría en Gerencia Estratégica de Operaciones,Posgrado,Maestría,MAESTRIA
Maestría en Gerencia Estratégica de Proyectos,Posgrado,Maestría,MAESTRIA
MAESTRÍA EN GERENCIA ESTRATÉGICA DE TECNOLOGÍAS DE INFORMACIÓN,Posgrado,Maestría,MAESTRIA
MAESTRÍA EN GERENCIA ESTRATÉGICA DEL DISEÑO,Posgrado,Maestría,MAESTRIA
MAESTRÍA EN  GERENCIA  ESTRATÉGICA DEL TALENTO HUMANO,Posgrado,Maestría,MAESTRIA
MAESTRÍA EN GERENCIA ESTRATÉGICA Y CALIDAD EN SALUD,Posgrado,Maestría,MAESTRIA
MAESTRÍA EN GERENCIA FINANCIERA,Posgrado,Maestría,MAESTRIA
MAESTRIA EN GERENCIA FINANCIERA Y TRIBUTARIA,Posgrado,Maestría,MAESTRIA
Maestría en Gerencia Global y Sostenibilidad,Posgrado,Maestría,MAESTRIA
MAESTRIA EN GERENCIA INTEGRAL DE LA CALIDAD Y PRODUCTIVIDAD,Posgrado,Maestría,MAESTRIA
MAESTRIA EN GERENCIA INTEGRAL DE PROYECTOS,Posgrado,Maestría,MAESTRIA
MAESTRÍA EN GERENCIA INTEGRAL DEL RIESGO,Posgrado,Maestría,MAESTRIA
MAESTRIA EN GERENCIA INTERNACIONAL,Posgrado,Maestría,MAESTRIA
MAESTRÍA EN GERENCIA LOGÍSTICA INTEGRAL,Posgrado,Maestría,MAESTRIA
Maestría en Gerencia Logística y Supply Chain,Posgrado,Maestría,MAESTRIA
MAESTRÍA EN GERENCIA ORGANIZACIONAL DE PROYECTOS,Posgrado,Maestría,MAESTRIA
MAESTRIA EN GERENCIA PARA EL DESARROLLO,Posgrado,Maestría,MAESTRIA
MAESTRÍA EN GERENCIA PARA LA INNOVACIÓN SOCIAL,Posgrado,Maestría,MAESTRIA
Maestría en Gerencia Pública e Innovación Política,Posgrado,Maestría,MAESTRIA
MAESTRÍA EN GERENCIA SOCIAL,Posgrado,Maestría,MAESTRIA
MAESTRÍA EN GERENCIA SOCIAL Y DESARROLLO,Posgrado,Maestría,MAESTRIA
MAESTRIA EN GERENCIA TRIBUTARIA,Posgrado,Maestría,MAESTRIA
MAESTRÍA EN GERENCIA TURÍSTICA,Posgrado,Maestría,MAESTRIA
MAESTRÍA EN GERENCIA Y ASESORÍA FINANCIERA,Posgrado,Maestría,MAESTRIA
MAESTRÍA EN GERENCIA Y AUDITORÍA TRIBUTARIA,Posgrado,Maestría,MAESTRIA
MAESTRÍA EN GERENCIA Y DESARROLLO DE PERSONAS,Posgrado,Maestría,MAESTRIA
Maestría en Gerencia y Gestión de la  Educación,Posgrado,Maestría,MAESTRIA
MAESTRÍA EN GERENCIA Y GESTIÓN INTEGRAL DE RESIDUOS SÓLIDOS,Posgrado,Maestría,MAESTRIA
MAESTRÍA EN GERENCIA Y PRÁCTICA DEL DESARROLLO,Posgrado,Maestría,MAESTRIA
"MAESTRIA EN GERONTOLOGIA, ENVEJECIMIENTO Y VEJEZ",Posgrado,Maestría,MAESTRIA
MAESTRÍA EN GESTIÓN AGROINDUSTRIAL DE CAFÉ Y CACAO,Posgrado,Maestría,MAESTRIA
MAESTRIA EN GESTION AMBIENTAL,Posgrado,Maestría,MAESTRIA
MAESTRÍA EN GESTIÓN AMBIENTAL DE SISTEMAS MARINO COSTEROS,Posgrado,Maestría,MAESTRIA
Maestría en Gestión Ambiental para el Desarrollo  Sostenible,Posgrado,Maestría,MAESTRIA
MAESTRÍA EN GESTIÓN AMBIENTAL PARA LA COMPETITIVIDAD,Posgrado,Maestría,MAESTRIA
MAESTRÍA EN GESTIÓN AMBIENTAL SOSTENIBLE,Posgrado,Maestría,MAESTRIA
MAESTRÍA EN GESTIÓN AMBIENTAL Y DESARROLLO SOSTENIBLE,Posgrado,Maestría,MAESTRIA
MAESTRÍA EN GESTIÓN AMBIENTAL Y  EVALUACIÓN DEL IMPACTO AMBIENTAL,Posgrado,Maestría,MAESTRIA
Maestría en Gestión Analítica y Estratégica de Personas,Posgrado,Maestría,MAESTRIA
"MAESTRIA EN GESTIÓN, APLICACIÓN Y DESARROLLO DE SOFTWARE",Posgrado,Maestría,MAESTRIA
MAESTRIA EN GESTION AVANZADA DEL RIESGO DE DESASTRES,Posgrado,Maestría,MAESTRIA
MAESTRIA EN GESTIÓN CULTURAL,Posgrado,Maestría,MAESTRIA
MAESTRÍA EN GESTIÓN CULTURAL Y CREATIVA,Posgrado,Maestría,MAESTRIA
Maestría en Gestión de Activos y Mantenimiento,Posgrado,Maestría,MAESTRIA
"MAESTRIA EN GESTIÓN DE CIENCIA, TECNOLOGÍA E INNOVACIÓN",Posgrado,Maestría,MAESTRIA
MAESTRÍA EN GESTIÓN DE CUENCAS HIDROGRÁFICAS,Posgrado,Maestría,MAESTRIA
Maestría en Gestión de Industrias Culturales y Creativas,Posgrado,Maestría,MAESTRIA
MAESTRÍA EN GESTIÓN DE INFORMACIÓN,Posgrado,Maestría,MAESTRIA
MAESTRÍA EN GESTIÓN DE INTEGRIDAD Y CORROSIÓN,Posgrado,Maestría,MAESTRIA
MAESTRÍA EN GESTIÓN DE LA CADENA DE ABASTECIMIENTO Y LOGÍSTICA GLOBAL,Posgrado,Maestría,MAESTRIA
MAESTRIA EN GESTIÓN DE LA CADENA DE SUMINISTRO,Posgrado,Maestría,MAESTRIA
MAESTRÍA EN GESTIÓN DE LA CADENA DE SUMINISTRO Y OPERACIONES GLOBALES,Posgrado,Maestría,MAESTRIA
MAESTRÍA EN GESTIÓN DE LA CALIDAD,Posgrado,Maestría,MAESTRIA
MAESTRÍA EN GESTIÓN DE LA CALIDAD DE ALIMENTOS,Posgrado,Maestría,MAESTRIA
MAESTRÍA EN GESTIÓN DE LA CALIDAD DE LOS ALIMENTOS,Posgrado,Maestría,MAESTRIA
MAESTRIA EN GESTION DE LA CALIDAD EN SALUD,Posgrado,Maestría,MAESTRIA
MAESTRÍA EN GESTIÓN DE LA CALIDAD EN SERVICIOS DE SALUD,Posgrado,Maestría,MAESTRIA
Maestría en Gestión de la Calidad Integral en las Organizaciones,Posgrado,Maestría,MAESTRIA
MAESTRIA EN GESTION DE LA CALIDAD PARA LABORATORIOS,Posgrado,Maestría,MAESTRIA
MAESTRÍA EN GESTIÓN DE LA CULTURA,Posgrado,Maestría,MAESTRIA
MAESTRIA EN GESTIÓN DE LA EDUCACIÓN,Posgrado,Maestría,MAESTRIA
MAESTRÍA EN GESTIÓN DE LA EDUCACIÓN VIRTUAL,Posgrado,Maestría,MAESTRIA
MAESTRÍA EN GESTIÓN DE LA INDUSTRIA MINERO ENERGÉTICA,Posgrado,Maestría,MAESTRIA
Maestría en Gestión de la Información,Posgrado,Maestría,MAESTRIA
MAESTRÍA EN GESTION DE LA INFORMACIÓN DOCUMENTAL,Posgrado,Maestría,MAESTRIA
MAESTRIA EN GESTION DE LA INFORMACION Y TECNOLOGIAS GEOESPACIALES,Posgrado,Maestría,MAESTRIA
MAESTRIA EN GESTIÓN DE LA INFRAESTRUCTURA,Posgrado,Maestría,MAESTRIA
MAESTRÍA EN GESTIÓN DE LA INFRAESTRUCTURA PARA EL DESARROLLO,Posgrado,Maestría,MAESTRIA
MAESTRIA EN GESTION DE LA INNOVACION,Posgrado,Maestría,MAESTRIA
MAESTRÍA EN GESTIÓN DE LA INNOVACIÓN EDUCATIVA CON TECNOLOGÍA,Posgrado,Maestría,MAESTRIA
MAESTRIA EN GESTION DE LA INNOVACION TECNOLOGICA,Posgrado,Maestría,MAESTRIA
"MAESTRÍA EN GESTIÓN DE LA INNOVACIÓN TECNÓLOGICA , COOPERACIÓN Y DESARROLLO",Posgrado,Maestría,MAESTRIA
MAESTRIA EN GESTION DE LA INNOVACION Y EMPRENDIMIENTO DIGITAL,Posgrado,Maestría,MAESTRIA
Maestría en Gestión de la Salud y Seguridad en el Trabajo,Posgrado,Maestría,MAESTRIA
Maestría en Gestión de la Seguridad,Posgrado,Maestría,MAESTRIA
MAESTRÍA EN GESTIÓN DE LA SEGURIDAD Y SALUD EN EL TRABAJO,Posgrado,Maestría,MAESTRIA
MAESTRIA EN GESTIÓN DE LA TECNOLOGÍA EDUCATIVA,Posgrado,Maestría,MAESTRIA
MAESTRIA EN GESTION DE LA TECNOLOGIA Y LA INNOVACION,Posgrado,Maestría,MAESTRIA
MAESTRIA EN GESTIÓN DE LA TRANSFORMACIÓN DIGITAL,Posgrado,Maestría,MAESTRIA
MAESTRIA EN GESTION DE MERCADEO,Posgrado,Maestría,MAESTRIA
MAESTRIA EN GESTION DE ORGANIZACIONES,Posgrado,Maestría,MAESTRIA
MAESTRIA EN GESTION DE ORGANIZACIONES - MGO -,Posgrado,Maestría,MAESTRIA
MAESTRÍA EN GESTIÓN DE ORGANIZACIONES Y PROYECTOS,Posgrado,Maestría,MAESTRIA
MAESTRÍA EN GESTIÓN DE PROCESOS PSICOSOCIALES,Posgrado,Maestría,MAESTRIA
MAESTRÍA EN GESTION DE PROYECTOS,Posgrado,Maestría,MAESTRIA
MAESTRIA EN GESTION DE PROYECTOS INFORMATICOS,Posgrado,Maestría,MAESTRIA
Maestría en Gestión de Proyectos y Analítica de Datos BIM,Posgrado,Maestría,MAESTRIA
MAESTRIA EN GESTION DE REDES DE VALOR Y LOGISTICA,Posgrado,Maestría,MAESTRIA
"Maestría en Gestión de Riesgos Naturales, Prevención y Atención de Desastres.",Posgrado,Maestría,MAESTRIA
Maestría en Gestión de Riesgos Psicosociales en la Salud Ocupacional,Posgrado,Maestría,MAESTRIA
MAESTRIA EN GESTION DE SERVICIOS DE SALUD,Posgrado,Maestría,MAESTRIA
MAESTRÍA EN GESTIÓN DE TECNOLOGÍA DE INFORMACIÓN,Posgrado,Maestría,MAESTRIA
MAESTRÍA EN GESTIÓN DE TECNOLOGÍA DE LA INFORMACIÓN,Posgrado,Maestría,MAESTRIA
MAESTRÍA  EN GESTIÓN DE TECNOLOGÍAS DE LA INFORMACIÓN,Posgrado,Maestría,MAESTRIA
MAESTRÍA EN GESTIÓN DE TECNOLOGÍAS DE LA INFORMACIÓN Y DEL CONOCIMIENTO,Posgrado,Maestría,MAESTRIA
MAESTRIA EN GESTION DE TECNOLOGIAS EN SALUD,Posgrado,Maestría,MAESTRIA
MAESTRÍA EN GESTIÓN DEL ASEGURAMIENTO DE LA CALIDAD DE LA EDUCACIÓN,Posgrado,Maestría,MAESTRIA
MAESTRÍA EN GESTIÓN DEL CAMBIO,Posgrado,Maestría,MAESTRIA
MAESTRÍA EN GESTIÓN DEL CONOCIMIENTO Y LA INNOVACIÓN,Posgrado,Maestría,MAESTRIA
MAESTRIA EN GESTION DEL DESARROLLO REGIONAL,Posgrado,Maestría,MAESTRIA
MAESTRÍA EN GESTIÓN DEL DESARROLLO SOCIAL,Posgrado,Maestría,MAESTRIA
MAESTRÍA EN GESTIÓN DEL DISEÑO,Posgrado,Maestría,MAESTRIA
MAESTRÍA EN GESTIÓN DEL GASTO PÚBLICO,Posgrado,Maestría,MAESTRIA
MAESTRÍA EN GESTIÓN DEL PATRIMONIO CULTURAL,Posgrado,Maestría,MAESTRIA
MAESTRÍA EN GESTIÓN  DEL PATRIMONIO  PARA EL DESARROLLO TERRITORIAL,Posgrado,Maestría,MAESTRIA
Maestría en Gestión del Patrimonio y Turismo Cultural,Posgrado,Maestría,MAESTRIA
MAESTRÍA EN GESTIÓN DEL RIESGO DE DESASTRES,Posgrado,Maestría,MAESTRIA
MAESTRÍA EN GESTIÓN DEL RIESGO Y DESARROLLO,Posgrado,Maestría,MAESTRIA
MAESTRÍA EN GESTIÓN DEL RIESGO Y MEDIO AMBIENTE,Posgrado,Maestría,MAESTRIA
MAESTRÍA EN GESTIÓN DEL TALENTO HUMANO,Posgrado,Maestría,MAESTRIA
MAESTRÍA EN GESTIÓN DEL TERRITORIO MARINO COSTERO,Posgrado,Maestría,MAESTRIA
MAESTRIA EN GESTION DEL TURISMO SOSTENIBLE,Posgrado,Maestría,MAESTRIA
Maestría en Gestión e Innovación,Posgrado,Maestría,MAESTRIA
Maestría en Gestión e Innovación Empresarial,Posgrado,Maestría,MAESTRIA
MAESTRÍA EN GESTIÓN E INNOVACIÓN EN EVENTOS Y GASTRONOMÍA,Posgrado,Maestría,MAESTRIA
Maestría en Gestión Económica y Evaluación de Impacto,Posgrado,Maestría,MAESTRIA
MAESTRÍA EN GESTIÓN EDUCATIVA,Posgrado,Maestría,MAESTRIA
Maestría en Gestión Educativa y Liderazgo,Posgrado,Maestría,MAESTRIA
MAESTRIA EN GESTION EMPRESARIAL,Posgrado,Maestría,MAESTRIA
MAESTRÍA EN GESTIÓN EMPRESARIAL AMBIENTAL,Posgrado,Maestría,MAESTRIA
MAESTRIA EN GESTION ENERGETICA,Posgrado,Maestría,MAESTRIA
MAESTRÍA EN GESTIÓN ENERGÉTICA INDUSTRIAL,Posgrado,Maestría,MAESTRIA
MAESTRÍA EN GESTIÓN ESTRATÉGICA DE LA INFORMACIÓN E INNOVACIÓN DIGITAL,Posgrado,Maestría,MAESTRIA
MAESTRIA EN GESTION ESTRATÉGICA DE LA INFORMACIÓN Y EL CONOCIMIENTO,Posgrado,Maestría,MAESTRIA
MAESTRÍA EN GESTIÓN ESTRATÉGICA DE PROYECTOS,Posgrado,Maestría,MAESTRIA
MAESTRIA EN GESTION ESTRATEGICA DE PROYECTOS DE ARQUITECTURA,Posgrado,Maestría,MAESTRIA
Maestría en Gestión Estratégica en Nutrición y Alimentación Animal,Posgrado,Maestría,MAESTRIA
MAESTRÍA EN GESTIÓN FARMACÉUTICA,Posgrado,Maestría,MAESTRIA
MAESTRÍA EN GESTIÓN FINANCIERA,Posgrado,Maestría,MAESTRIA
MAESTRÍA EN GESTIÓN HUMANA,Posgrado,Maestría,MAESTRIA
MAESTRÍA EN GESTIÓN HUMANA DE LAS ORGANIZACIONES,Posgrado,Maestría,MAESTRIA
MAESTRÍA EN GESTIÓN HUMANA PARA ORGANIZACIONES SALUDABLES,Posgrado,Maestría,MAESTRIA
MAESTRIA EN GESTION HUMANA Y DESARROLLO ORGANIZACIONAL,Posgrado,Maestría,MAESTRIA
Maestría en Gestión Humana y Organizaciones Saludables,Posgrado,Maestría,MAESTRIA
MAESTRIA EN GESTION INDUSTRIAL,Posgrado,Maestría,MAESTRIA
MAESTRIA EN GESTION INTEGRADA DE LOS RECURSOS HIDRICOS,Posgrado,Maestría,MAESTRIA
MAESTRÍA EN GESTIÓN INTEGRAL DE LA SEGURIDAD Y SALUD EN EL TRABAJO,Posgrado,Maestría,MAESTRIA
MAESTRÍA EN GESTIÓN INTEGRAL DEL RIESGO,Posgrado,Maestría,MAESTRIA
MAESTRÍA EN GESTION INTEGRAL FRENTE AL CAMBIO CLIMÁTICO,Posgrado,Maestría,MAESTRIA
MAESTRÍA EN GESTIÓN INTEGRAL Y CALIDAD EN SALUD,Posgrado,Maestría,MAESTRIA
MAESTRÍA EN GESTIÓN INTELIGENTE DE LA CADENA DE ABASTECIMIENTO,Posgrado,Maestría,MAESTRIA
MAESTRIA EN  GESTION LOGISTICA,Posgrado,Maestría,MAESTRIA
MAESTRIA EN GESTIÓN LOGÍSTICA Y PORTUARIA,Posgrado,Maestría,MAESTRIA
MAESTRÍA EN GESTIÓN PARA EL DESARROLLO TERRITORIAL SOSTENIBLE Y REGENERATIVO,Posgrado,Maestría,MAESTRIA
MAESTRIA EN GESTION PUBLICA,Posgrado,Maestría,MAESTRIA
MAESTRÍA EN GESTIÓN PÚBLICA Y GOBIERNO,Posgrado,Maestría,MAESTRIA
MAESTRÍA EN GESTIÓN SOCIAL EMPRESARIAL,Posgrado,Maestría,MAESTRIA
MAESTRIA EN GESTION SOCIOAMBIENTAL,Posgrado,Maestría,MAESTRIA
MAESTRÍA EN GESTIÓN SOSTENIBLE DEL AGUA,Posgrado,Maestría,MAESTRIA
MAESTRÍA EN GESTIÓN SOSTENIBLE DEL TALENTO HUMANO,Posgrado,Maestría,MAESTRIA
MAESTRIA EN GESTION TECNOLOGICA,Posgrado,Maestría,MAESTRIA
"Maestría en Gestión Territorial, Autonomía y Sostenibilidad",Posgrado,Maestría,MAESTRIA
Maestría en Gestión Territorial y Desarrollo,Posgrado,Maestría,MAESTRIA
MAESTRIA EN GESTION URBANA,Posgrado,Maestría,MAESTRIA
MAESTRIA EN GESTION URBANA Y TERRITORIAL,Posgrado,Maestría,MAESTRIA
MAESTRÍA EN GESTIÓN Y CONSULTORÍA EN TECNOLOGÍAS DE LA INFORMACIÓN Y LA COMUNICACIÓN,Posgrado,Maestría,MAESTRIA
MAESTRÍA EN GESTIÓN Y DESARROLLO DE PROYECTOS DE SOFTWARE,Posgrado,Maestría,MAESTRIA
MAESTRÍA EN GESTIÓN Y DESARROLLO INMOBILIARIO,Posgrado,Maestría,MAESTRIA
MAESTRÍA EN GESTIÓN Y DESARROLLO RURAL,Posgrado,Maestría,MAESTRIA
Maestría en Gestión y Dirección de Proyectos,Posgrado,Maestría,MAESTRIA
MAESTRIA EN GESTION Y EMPRENDIMIENTO TECNOLOGICO,Posgrado,Maestría,MAESTRIA
MAESTRIA EN GESTIÓN Y EVALUACIÓN AMBIENTAL,Posgrado,Maestría,MAESTRIA
MAESTRÍA EN GESTIÓN Y EVALUACIÓN DE PROYECTOS,Posgrado,Maestría,MAESTRIA
MAESTRÍA EN GESTIÓN Y EVALUACIÓN DE PROYECTOS DE INVERSIÓN,Posgrado,Maestría,MAESTRIA
MAESTRÍA EN GESTIÓN Y EVALUACIÓN EDUCATIVA,Posgrado,Maestría,MAESTRIA
MAESTRIA EN GESTION Y GERENCIA EDUCATIVA,Posgrado,Maestría,MAESTRIA
MAESTRÍA EN GESTIÓN Y OPTIMIZACIÓN DE LA CALIDAD,Posgrado,Maestría,MAESTRIA
MAESTRÍA EN GESTIÓN Y POLÍTICAS DE SALUD,Posgrado,Maestría,MAESTRIA
MAESTRÍA EN GESTIÓN Y POLÍTICAS PÚBLICAS,Posgrado,Maestría,MAESTRIA
MAESTRÍA EN GESTIÓN Y PRODUCCIÓN CULTURAL Y AUDIOVISUAL,Posgrado,Maestría,MAESTRIA
MAESTRÍA EN GESTIÓN Y SEGURIDAD DE LA INFORMACIÓN,Posgrado,Maestría,MAESTRIA
"Maestría en Gobernabilidad, Innovación Democrática y Derechos Humanos",Posgrado,Maestría,MAESTRIA
MAESTRÍA EN GOBERNANZA EN ÁREAS PROTEGIDAS Y GESTIÓN DEL RECURSO BIOLÓGICO,Posgrado,Maestría,MAESTRIA
Maestría en Gobernanza y Ciencia de Datos,Posgrado,Maestría,MAESTRIA
Maestría en Gobernanza y Políticas Públicas,Posgrado,Maestría,MAESTRIA
MAESTRÍA EN GOBIERNO,Posgrado,Maestría,MAESTRIA
MAESTRÍA EN GOBIERNO DE TECNOLOGÍA DE LA INFORMACIÓN,Posgrado,Maestría,MAESTRIA
MAESTRÍA EN GOBIERNO DE TECNOLOGÍA INFORMÁTICA,Posgrado,Maestría,MAESTRIA
MAESTRÍA EN GOBIERNO DEL TERRITORIO Y GESTIÓN PÚBLICA,Posgrado,Maestría,MAESTRIA
"MAESTRIA EN GOBIERNO, POLITICAS PUBLICAS Y DESARROLLO TERRITORIAL",Posgrado,Maestría,MAESTRIA
MAESTRÍA EN GOBIERNO URBANO,Posgrado,Maestría,MAESTRIA
Maestría en Gobierno y Administración Pública,Posgrado,Maestría,MAESTRIA
MAESTRIA EN GOBIERNO Y DESARROLLO DE LAS ENTIDADES TERRITORIALES,Posgrado,Maestría,MAESTRIA
Maestría en Gobierno y Gestión Pública,Posgrado,Maestría,MAESTRIA
MAESTRIA EN GOBIERNO Y POLITICAS PUBLICAS,Posgrado,Maestría,MAESTRIA
MAESTRÍA EN GOBIERNO Y RELACIONES INTERNACIONALES,Posgrado,Maestría,MAESTRIA
MAESTRIA EN HABITAT,Posgrado,Maestría,MAESTRIA
MAESTRÍA EN HABITAT SUSTENTABLE,Posgrado,Maestría,MAESTRIA
MAESTRÍA EN HEMATOLOGÍA EN EL LABORARIO CLÍNICO Y BANCO DE SANGRE,Posgrado,Maestría,MAESTRIA
MAESTRÍA EN HERMENÉUTICA JURÍDICA Y DERECHO,Posgrado,Maestría,MAESTRIA
MAESTRÍA EN HIDROGEOLOGÍA AMBIENTAL,Posgrado,Maestría,MAESTRIA
MAESTRIA EN HIDROSISTEMAS,Posgrado,Maestría,MAESTRIA
MAESTRIA EN HISTORIA,Posgrado,Maestría,MAESTRIA
MAESTRIA EN HISTORIA DEL ARTE,Posgrado,Maestría,MAESTRIA
MAESTRÍA EN HISTORIA ECONÓMICA,Posgrado,Maestría,MAESTRIA
MAESTRÍA EN HISTORIA MILITAR,Posgrado,Maestría,MAESTRIA
"MAESTRIA EN HISTORIA Y TEORIA DEL ARTE, LA ARQUITECTURA Y LA CIUDAD",Posgrado,Maestría,MAESTRIA
MAESTRÍA EN HORTICULTURA,Posgrado,Maestría,MAESTRIA
MAESTRÍA EN HUMANIDADES,Posgrado,Maestría,MAESTRIA
MAESTRÍA EN HUMANIDADES APLICADAS,Posgrado,Maestría,MAESTRIA
MAESTRÍA EN HUMANIDADES CONTEMPORÁNEAS,Posgrado,Maestría,MAESTRIA
MAESTRIA EN HUMANIDADES DIGITALES,Posgrado,Maestría,MAESTRIA
MAESTRÍA EN HUMANIDADES Y TEOLOGÍA,Posgrado,Maestría,MAESTRIA
MAESTRIA EN  ILUSTRACIÓN,Posgrado,Maestría,MAESTRIA
"Maestría en Inclusión, Educación y Diversidad",Posgrado,Maestría,MAESTRIA
Maestría en Inclusión Social,Posgrado,Maestría,MAESTRIA
MAESTRÍA EN INDUSTRIA 4.0 Y AUTOMATIZACIÓN INDUSTRIAL,Posgrado,Maestría,MAESTRIA
MAESTRÍA EN INDUSTRIAS CREATIVAS Y CULTURALES,Posgrado,Maestría,MAESTRIA
MAESTRÍA EN INFANCIA,Posgrado,Maestría,MAESTRIA
MAESTRÍA EN INFANCIA Y CULTURA,Posgrado,Maestría,MAESTRIA
Maestría en Infancias,Posgrado,Maestría,MAESTRIA
MAESTRIA EN INFECCIONES Y SALUD EN EL TROPICO,Posgrado,Maestría,MAESTRIA
MAESTRÍA EN INFORMACIÓN FINANCIERA INTERNACIONAL Y ASEGURAMIENTO,Posgrado,Maestría,MAESTRIA
MAESTRÍA EN INFORMÁTICA,Posgrado,Maestría,MAESTRIA
MAESTRÍA EN INFORMÁTICA BIOMÉDICA,Posgrado,Maestría,MAESTRIA
MAESTRÍA EN INFORMÁTICA EDUCATIVA,Posgrado,Maestría,MAESTRIA
MAESTRIA EN INFORMATICA PARA LA EDUCACION,Posgrado,Maestría,MAESTRIA
MAESTRIA EN INFRAESTRUCTURA VIAL,Posgrado,Maestría,MAESTRIA
MAESTRÍA EN INFRAESTRUCTURA Y MATERIALES DE VÍAS,Posgrado,Maestría,MAESTRIA
MAESTRÍA EN INGENEIRÍA COMPUTACIONAL,Posgrado,Maestría,MAESTRIA
MAESTRIA EN INGENIERIA,Posgrado,Maestría,MAESTRIA
MAESTRIA EN INGENIERIA ADMINISTRATIVA,Posgrado,Maestría,MAESTRIA
MAESTRIA EN INGENIERÍA AEROESPACIAL,Posgrado,Maestría,MAESTRIA
MAESTRIA EN INGENIERIA AGROINDUSTRIAL,Posgrado,Maestría,MAESTRIA
MAESTRIA EN INGENIERIA AMBIENTAL,Posgrado,Maestría,MAESTRIA
MAESTRÍA EN INGENIERÍA - ANALÍTICA,Posgrado,Maestría,MAESTRIA
MAESTRIA EN INGENIERIA - AUTOMATIZACION INDUSTRIAL,Posgrado,Maestría,MAESTRIA
MAESTRIA EN INGENIERIA BIOMEDICA,Posgrado,Maestría,MAESTRIA
MAESTRÍA EN INGENIERÍA: BIOTECNOLOGÍA,Posgrado,Maestría,MAESTRIA
"MAESTRÍA EN INGENIERÍA, CIENCIA Y TECNOLOGÍA",Posgrado,Maestría,MAESTRIA
MAESTRIA EN INGENIERIA CIVIL,Posgrado,Maestría,MAESTRIA
MAESTRÍA EN INGENIERÍA CIVIL CON ÉNFASIS EN HIDROAMBIENTAL,Posgrado,Maestría,MAESTRIA
MAESTRÍA EN INGENIERÍA COMPUTACIONAL,Posgrado,Maestría,MAESTRIA
"MAESTRÍA EN INGENIERÍA, CON ÉNFASIS EN INVESTIGACIÓN",Posgrado,Maestría,MAESTRIA
MAESTRIA EN INGENIERIA DE ALIMENTOS,Posgrado,Maestría,MAESTRIA
MAESTRÍA EN INGENIERÍA DE BIOPROCESOS,Posgrado,Maestría,MAESTRIA
MAESTRÍA EN INGENIERÍA DE CONFIABILIDAD Y GESTIÓN DE ACTIVOS,Posgrado,Maestría,MAESTRIA
MAESTRIA EN INGENIERIA DE CONTROL,Posgrado,Maestría,MAESTRIA
MAESTRÍA EN INGENIERÍA DE DESARROLLO DE PRODUCTOS,Posgrado,Maestría,MAESTRIA
Maestría en Ingeniería de Diseño y Manufactura,Posgrado,Maestría,MAESTRIA
MAESTRIA EN INGENIERIA DE HIDROCARBUROS,Posgrado,Maestría,MAESTRIA
MAESTRÍA EN INGENIERÍA DE INFORMACIÓN,Posgrado,Maestría,MAESTRIA
MAESTRIA EN INGENIERIA DE LA CONSTRUCCION,Posgrado,Maestría,MAESTRIA
MAESTRÍA EN INGENIERÍA DE LA GESTIÓN,Posgrado,Maestría,MAESTRIA
MAESTRIA EN INGENIERIA DE MATERIALES,Posgrado,Maestría,MAESTRIA
MAESTRÍA EN INGENIERÍA DE PAVIMENTOS,Posgrado,Maestría,MAESTRIA
MAESTRIA EN INGENIERIA DE PETROLEOS,Posgrado,Maestría,MAESTRIA
MAESTRÍA EN INGENIERÍA DE PETRÓLEOS Y GAS,Posgrado,Maestría,MAESTRIA
MAESTRÍA EN INGENIERÍA DE PROCESOS,Posgrado,Maestría,MAESTRIA
MAESTRÍA EN INGENIERÍA DE PROCESOS INDUSTRIALES SOSTENIBLES,Posgrado,Maestría,MAESTRIA
MAESTRIA EN INGENIERIA DE PROCESOS Y SISTEMAS INDUSTRIALES,Posgrado,Maestría,MAESTRIA
MAESTRÍA EN INGENIERÍA DE PRODUCCIÓN,Posgrado,Maestría,MAESTRIA
MAESTRIA EN INGENIERIA DE PROYECTOS,Posgrado,Maestría,MAESTRIA
MAESTRÍA EN INGENIERÍA DE RECURSOS HIDRÁULICOS,Posgrado,Maestría,MAESTRIA
Maestría en Ingeniería de Recursos Hídricos y Saneamiento Ambiental,Posgrado,Maestría,MAESTRIA
MAESTRÍA EN INGENIERÍA DE SISTEMAS E INFORMÁTICA,Posgrado,Maestría,MAESTRIA
MAESTRIA EN INGENIERIA DE SISTEMAS Y COMPUTACION,Posgrado,Maestría,MAESTRIA
MAESTRÍA EN INGENIERÍA DE SOFTWARE,Posgrado,Maestría,MAESTRIA
MAESTRÍA EN INGENIERÍA DE TELECOMUNICACIONES,Posgrado,Maestría,MAESTRIA
Maestría en Ingeniería de Transporte y Logística,Posgrado,Maestría,MAESTRIA
MAESTRIA EN INGENIERÍA DE VIAS TERRESTRES,Posgrado,Maestría,MAESTRIA
MAESTRIA EN INGENIERIA DE YACIMIENTOS,Posgrado,Maestría,MAESTRIA
MAESTRÍA EN INGENIERÍA DEL INTERNET DE LAS COSAS,Posgrado,Maestría,MAESTRIA
MAESTRÍA EN INGENIERÍA E INNOVACIÓN PARA EL DESARROLLO AGROINDUSTRIAL,Posgrado,Maestría,MAESTRIA
MAESTRIA EN INGENIERIA ELECTRICA,Posgrado,Maestría,MAESTRIA
MAESTRIA EN INGENIERIA ELECTRONICA,Posgrado,Maestría,MAESTRIA
MAESTRIA EN INGENIERIA ELECTRONICA Y DE COMPUTADORES,Posgrado,Maestría,MAESTRIA
MAESTRIA EN INGENIERIA EN ENERGIA,Posgrado,Maestría,MAESTRIA
MAESTRÍA EN INGENIERÍA- ÉNFASIS EN INGENIERÍA ELÉCTRICA Y ELECTRONICA,Posgrado,Maestría,MAESTRIA
MAESTRÍA EN INGENIERÍA ESTRUCTURAL,Posgrado,Maestría,MAESTRIA
Maestría en Ingeniería Estructural y Procesos Constructivos con Metodología BIM,Posgrado,Maestría,MAESTRIA
MAESTRIA EN INGENIERIA - ESTRUCTURAS,Posgrado,Maestría,MAESTRIA
MAESTRÍA EN INGENIERÍA FARMACÉUTICA,Posgrado,Maestría,MAESTRIA
MAESTRÍA EN INGENIERÍA FÍSICA,Posgrado,Maestría,MAESTRIA
MAESTRIA EN INGENIERIA - GEOTECNIA,Posgrado,Maestría,MAESTRIA
MAESTRÍA EN INGENIERÍA - GESTIÓN SOSTENIBLE DE LA ENERGIA,Posgrado,Maestría,MAESTRIA
MAESTRÍA EN INGENIERÍA HIDRÁULICA E HIDROLÓGICA,Posgrado,Maestría,MAESTRIA
MAESTRIA EN INGENIERIA INDUSTRIAL,Posgrado,Maestría,MAESTRIA
Maestría en Ingeniería Informática,Posgrado,Maestría,MAESTRIA
MAESTRIA EN INGENIERIA - INFRAESTRUCTURA Y SISTEMAS DE TRANSPORTE,Posgrado,Maestría,MAESTRIA
MAESTRIA EN INGENIERIA - INGENIERIA AMBIENTAL,Posgrado,Maestría,MAESTRIA
MAESTRIA EN INGENIERIA -INGENIERIA DE BIOSISTEMAS,Posgrado,Maestría,MAESTRIA
MAESTRÍA EN INGENIERÍA - INGENIERÍA DE PETRÓLEOS,Posgrado,Maestría,MAESTRIA
MAESTRIA EN INGENIERIA - INGENIERIA DE SISTEMAS,Posgrado,Maestría,MAESTRIA
MAESTRIA EN INGENIERIA-INGENIERIA DE SISTEMAS Y COMPUTACIÓN,Posgrado,Maestría,MAESTRIA
MAESTRIA EN INGENIERIA - INGENIERIA ELECTRICA,Posgrado,Maestría,MAESTRIA
MAESTRIA EN INGENIERIA - INGENIERIA ELECTRONICA,Posgrado,Maestría,MAESTRIA
MAESTRÍA EN INGENIERÍA - INGENIERÍA INDUSTRIAL,Posgrado,Maestría,MAESTRIA
MAESTRIA EN INGENIERIA-INGENIERIA MECANICA,Posgrado,Maestría,MAESTRIA
MAESTRIA EN INGENIERIA - INGENIERIA QUIMICA,Posgrado,Maestría,MAESTRIA
Maestría en Ingeniería - Investigación,Posgrado,Maestría,MAESTRIA
MAESTRIA EN INGENIERIA - MATERIALES Y PROCESOS,Posgrado,Maestría,MAESTRIA
MAESTRIA EN INGENIERIA MECANICA,Posgrado,Maestría,MAESTRIA
MAESTRÍA EN INGENIERÍA MECATRÓNICA,Posgrado,Maestría,MAESTRIA
MAESTRÍA EN INGENIERÍA NAVAL,Posgrado,Maestría,MAESTRIA
MAESTRÍA EN INGENIERÍA NAVAL Y OCEÁNICA,Posgrado,Maestría,MAESTRIA
Maestría en Ingeniería - Profundización,Posgrado,Maestría,MAESTRIA
MAESTRIA EN INGENIERIA QUIMICA,Posgrado,Maestría,MAESTRIA
MAESTRIA EN INGENIERIA - RECURSOS HIDRAULICOS,Posgrado,Maestría,MAESTRIA
MAESTRÍA EN INGENIERÍA - RECURSOS MINERALES,Posgrado,Maestría,MAESTRIA
MAESTRÍA EN INGENIERÍA - SISTEMAS ENERGÉTICOS,Posgrado,Maestría,MAESTRIA
MAESTRIA EN INGENIERIA - TELECOMUNICACIONES,Posgrado,Maestría,MAESTRIA
MAESTRÍA EN INGENIERÍA TELEMÁTICA,Posgrado,Maestría,MAESTRIA
MAESTRÍA EN INGENIERÍA Y ANALÍTICA DE DATOS,Posgrado,Maestría,MAESTRIA
MAESTRÍA EN INGENIERÍA Y CIENCIAS,Posgrado,Maestría,MAESTRIA
Maestría en Ingeniería y Estrategia,Posgrado,Maestría,MAESTRIA
MAESTRIA EN INGENIERIA Y GESTION AMBIENTAL,Posgrado,Maestría,MAESTRIA
MAESTRÍA EN INGENIERÍA Y GESTIÓN DE LA INNOVACIÓN,Posgrado,Maestría,MAESTRIA
MAESTRIA EN INMUNOLOGIA,Posgrado,Maestría,MAESTRIA
MAESTRÍA EN INNOVACIÓN,Posgrado,Maestría,MAESTRIA
Maestría en Innovación de Sistemas Energéticos,Posgrado,Maestría,MAESTRIA
MAESTRIA EN INNOVACION EDUCATIVA,Posgrado,Maestría,MAESTRIA
Maestría en Innovación Educativa con Tecnología e Inteligencia Artificial,Posgrado,Maestría,MAESTRIA
Maestría en Innovación Educativa en STEM,Posgrado,Maestría,MAESTRIA
MAESTRÍA EN INNOVACIÓN EDUCATIVA MEDIADA POR TIC,Posgrado,Maestría,MAESTRIA
MAESTRIA EN INNOVACIÓN EN AGRONEGOCIOS,Posgrado,Maestría,MAESTRIA
MAESTRÍA EN INNOVACIÓN EN DERECHO DIGITAL Y LEGAL-TECH,Posgrado,Maestría,MAESTRIA
Maestría en Innovación en Industrias Audiovisuales,Posgrado,Maestría,MAESTRIA
Maestría en Innovación en la Construcción,Posgrado,Maestría,MAESTRIA
Maestría en Innovación Jurídica y Legaltech,Posgrado,Maestría,MAESTRIA
Maestría en Innovación Logística,Posgrado,Maestría,MAESTRIA
MAESTRIA EN INNOVACION PSICOSOCIAL,Posgrado,Maestría,MAESTRIA
MAESTRÍA EN INNOVACIÓN SOCIAL Y TERRITORIO,Posgrado,Maestría,MAESTRIA
Maestría en Innovación Tecnológica,Posgrado,Maestría,MAESTRIA
MAESTRÍA EN INNOVACIÓN Y DISEÑO,Posgrado,Maestría,MAESTRIA
MAESTRÍA EN INNOVACIÓN Y MARKETING TURÍSTICO,Posgrado,Maestría,MAESTRIA
MAESTRÍA EN INNOVACIÓN Y TECNOLOGÍAS PARA LA EDUCACIÓN,Posgrado,Maestría,MAESTRIA
Maestría en  Innovaciones Pastorales,Posgrado,Maestría,MAESTRIA
MAESTRIA EN INSTITUCIONES JURIDICAS DE LA FUERZA PUBLICA,Posgrado,Maestría,MAESTRIA
MAESTRIA EN INSTRUMENTACIÓN FÍSICA,Posgrado,Maestría,MAESTRIA
MAESTRÍA EN INTEGRACIÓN DE TIC EN LAS ORGANIZACIONES,Posgrado,Maestría,MAESTRIA
MAESTRÍA EN INTEGRACIÓN Y GLOBALIZACIÓN,Posgrado,Maestría,MAESTRIA
MAESTRIA EN INTELIGENCIA ANALITICA DE DATOS,Posgrado,Maestría,MAESTRIA
MAESTRÍA EN INTELIGENCIA ANALÍTICA PARA LA TOMA DE DECISIONES,Posgrado,Maestría,MAESTRIA
MAESTRIA EN INTELIGENCIA ARTIFICIAL,Posgrado,Maestría,MAESTRIA
MAESTRÍA EN INTELIGENCIA ARTIFICIAL APLICADA,Posgrado,Maestría,MAESTRIA
Maestría en Inteligencia Artificial Aplicada a Contextos Humanos y Sociales,Posgrado,Maestría,MAESTRIA
MAESTRÍA EN INTELIGENCIA ARTIFICIAL PARA LOS NEGOCIOS,Posgrado,Maestría,MAESTRIA
Maestría en Inteligencia Artificial y Aprendizaje  Automático,Posgrado,Maestría,MAESTRIA
Maestría en Inteligencia Artificial y Ciencia de Datos,Posgrado,Maestría,MAESTRIA
Maestría en Inteligencia Artificial y Computación,Posgrado,Maestría,MAESTRIA
MAESTRÍA EN INTELIGENCIA DE NEGOCIOS,Posgrado,Maestría,MAESTRIA
Maestria en Inteligencia Emocional y Bienestar,Posgrado,Maestría,MAESTRIA
MAESTRÍA EN INTELIGENCIA ESTRATÉGICA,Posgrado,Maestría,MAESTRIA
"MAESTRÍA EN INTERCULTURALIDAD, DESARROLLO Y PAZ TERRITORIAL",Posgrado,Maestría,MAESTRIA
MAESTRÍA EN INTERNACIONALIZACIÓN DE EMPRESAS,Posgrado,Maestría,MAESTRIA
Maestría en Internet de las Cosas,Posgrado,Maestría,MAESTRIA
Maestría en Internet de las Cosas y Transformación Digital,Posgrado,Maestría,MAESTRIA
MAESTRÍA EN INTERPRETACIÓN BÍBLICA,Posgrado,Maestría,MAESTRIA
MAESTRÍA EN INTERPRETACIÓN Y  PEDAGOGÍA INSTRUMENTAL,Posgrado,Maestría,MAESTRIA
MAESTRÍA EN INTERVENCIÓN EN RELACIONES FAMILIARES,Posgrado,Maestría,MAESTRIA
MAESTRIA EN INTERVENCION PSICOSOCIAL,Posgrado,Maestría,MAESTRIA
MAESTRIA EN INTERVENCION SOCIAL,Posgrado,Maestría,MAESTRIA
Maestría en Intervención Social y Comunitaria,Posgrado,Maestría,MAESTRIA
MAESTRÍA EN INTERVENCIONES PSICOSOCIALES,Posgrado,Maestría,MAESTRIA
MAESTRÍA EN INVESTIGACIÓN/CREACIÓN. ARTE Y CONTEXTO,Posgrado,Maestría,MAESTRIA
MAESTRÍA EN INVESTIGACIÓN CRIMINAL,Posgrado,Maestría,MAESTRIA
MAESTRÍA EN INVESTIGACIÓN DE MERCADOS E INTELIGENCIA DE NEGOCIOS,Posgrado,Maestría,MAESTRIA
MAESTRÍA EN INVESTIGACIÓN E INTERVENCIÓN SOCIAL,Posgrado,Maestría,MAESTRIA
MAESTRÍA EN INVESTIGACIÓN EN ENFERMEDADES INFECCIOSAS,Posgrado,Maestría,MAESTRIA
MAESTRÍA EN INVESTIGACIÓN EN PROBLEMAS SOCIALES CONTEMPORÁNEOS,Posgrado,Maestría,MAESTRIA
MAESTRIA EN INVESTIGACION OPERATIVA  Y ESTADISTICA,Posgrado,Maestría,MAESTRIA
MAESTRÍA EN INVESTIGACIÓN PSICOANALÍTICA,Posgrado,Maestría,MAESTRIA
MAESTRIA EN INVESTIGACION SOCIAL INTERDISCIPLINARIA,Posgrado,Maestría,MAESTRIA
MAESTRIA EN INVESTIGACIONES JURIDICAS Y SOCIOJURIDICAS,Posgrado,Maestría,MAESTRIA
Maestría en Justicia Social y Construcción de Paz,Posgrado,Maestría,MAESTRIA
MAESTRÍA EN JUSTICIA SOCIAL Y CONTRUCCIÓN DE PAZ,Posgrado,Maestría,MAESTRIA
MAESTRÍA EN JUSTICIA TRANSICIONAL,Posgrado,Maestría,MAESTRIA
MAESTRÍA EN JUSTICIA Y TUTELA DE LOS DERECHOS,Posgrado,Maestría,MAESTRIA
MAESTRÍA EN LA ENSEÑANZA DEL INGLÉS,Posgrado,Maestría,MAESTRIA
MAESTRÍA EN LECTURA Y ESCRITURA,Posgrado,Maestría,MAESTRIA
MAESTRÍA EN LENGUAJE Y SOCIEDAD,Posgrado,Maestría,MAESTRIA
Maestría en Lenguas Extranjeras Aplicadas,Posgrado,Maestría,MAESTRIA
MAESTRÍA EN LIDERAZGO E INNOVACIÓN EDUCATIVA,Posgrado,Maestría,MAESTRIA
MAESTRÍA EN LIDERAZGO EN TRANSFORMACIÓN DIGITAL,Posgrado,Maestría,MAESTRIA
MAESTRÍA EN LIDERAZGO ESTRATÉGICO PARA LA SOSTENIBILIDAD,Posgrado,Maestría,MAESTRIA
MAESTRÍA EN LIDERAZGO ORGANIZACIONAL Y COACHING,Posgrado,Maestría,MAESTRIA
Maestría en Liderazgo y Capacidades de Innovación,Posgrado,Maestría,MAESTRIA
Maestría en Liderazgo y Coaching Organizacional,Posgrado,Maestría,MAESTRIA
MAESTRÍA EN LIDERAZGO Y GESTIÓN EDUCATIVA,Posgrado,Maestría,MAESTRIA
Maestría en Liderazgo y Gestión Estratégica de la Transformación Digital,Posgrado,Maestría,MAESTRIA
MAESTRIA EN LING¿ISTICA,Posgrado,Maestría,MAESTRIA
MAESTRIA EN LINGUISTICA,Posgrado,Maestría,MAESTRIA
MAESTRIA EN LINGUISTICA APLICADA A LA ENSEÑANZA DEL INGLES,Posgrado,Maestría,MAESTRIA
MAESTRÍA EN LINGÜISTICA APLICADA DEL ESPAÑOL COMO LENGUA EXTRANJERA,Posgrado,Maestría,MAESTRIA
Maestría en Lingüística Aplicada del español como Lengua Materna y como lengua Adicional,Posgrado,Maestría,MAESTRIA
MAESTRÍA EN LINGÜÍSTICA APLICADA Y EDUCACIÓN BILINGÜE,Posgrado,Maestría,MAESTRIA
MAESTRIA EN LINGUISTICA ESPAÑOLA,Posgrado,Maestría,MAESTRIA
MAESTRÍA EN LINGÜÍSTICA PANHISPÁNICA,Posgrado,Maestría,MAESTRIA
MAESTRIA EN LINGUISTICA Y ESPAÑOL,Posgrado,Maestría,MAESTRIA
MAESTRIA EN LITERATURA,Posgrado,Maestría,MAESTRIA
MAESTRIA EN LITERATURA COLOMBIANA Y LATINOAMERICANA,Posgrado,Maestría,MAESTRIA
MAESTRIA EN LITERATURA HISPANOAMERICANA Y DEL CARIBE,Posgrado,Maestría,MAESTRIA
MAESTRIA EN LITERATURA Y CULTURA,Posgrado,Maestría,MAESTRIA
MAESTRÍA EN LITERATURA Y ESCRITURAS CREATIVAS,Posgrado,Maestría,MAESTRIA
MAESTRÍA EN LITERATURAS COLOMBIANA Y LATINOAMERICANA,Posgrado,Maestría,MAESTRIA
MAESTRIA EN LOGISTICA,Posgrado,Maestría,MAESTRIA
MAESTRIA EN LOGÍSTICA INTEGRAL,Posgrado,Maestría,MAESTRIA
Maestría en Logística Internacional y Gestión de Cadena de Suministro,Posgrado,Maestría,MAESTRIA
MAESTRIA EN LOGÍSTICA Y CADENA DE SUMINISTRO,Posgrado,Maestría,MAESTRIA
Maestría en Logística y Cadenas de Suministro Globales,Posgrado,Maestría,MAESTRIA
MAESTRIA EN LOGISTICA Y GESTION DE CADENAS DE ABASTECIMIENTO,Posgrado,Maestría,MAESTRIA
Maestría en Logística y Gestión de la Cadena de Abastecimiento,Posgrado,Maestría,MAESTRIA
MAESTRÍA EN LOGÍSTICA Y REDES DE VALOR,Posgrado,Maestría,MAESTRIA
MAESTRIA EN MAESTRÍA EN DERECHOS FUNDAMENTALES Y DERECHOS HUMANOS,Posgrado,Maestría,MAESTRIA
Maestría en Management de la Transformación Digital,Posgrado,Maestría,MAESTRIA
MAESTRIA EN MANEJO INTEGRAL DE RECURSOS HIDRICOS,Posgrado,Maestría,MAESTRIA
"MAESTRIA EN MANEJO, USO Y CONSERVACION DEL BOSQUE",Posgrado,Maestría,MAESTRIA
MAESTRIA EN MARKETING,Posgrado,Maestría,MAESTRIA
MAESTRÍA EN MARKETING DIGITAL,Posgrado,Maestría,MAESTRIA
Maestría en Marketing Digital y Customer Experience,Posgrado,Maestría,MAESTRIA
Maestría en Marketing e Investigación de Mercados,Posgrado,Maestría,MAESTRIA
Maestría en Marketing Internacional y Negocios,Posgrado,Maestría,MAESTRIA
Maestría en Marketing y Transformación Digital,Posgrado,Maestría,MAESTRIA
MAESTRÍA EN MATEMÁTICA,Posgrado,Maestría,MAESTRIA
MAESTRÍA EN MATEMÁTICA APLICADA,Posgrado,Maestría,MAESTRIA
MAESTRIA EN MATEMATICAS,Posgrado,Maestría,MAESTRIA
MAESTRIA EN MATEMATICAS APLICADAS,Posgrado,Maestría,MAESTRIA
MAESTRÍA EN MATEMÁTICAS APLICADAS Y CIENCIAS DE LA COMPUTACIÓN,Posgrado,Maestría,MAESTRIA
MAESTRÍA EN MATERIALES Y PROCESOS INDUSTRIALES,Posgrado,Maestría,MAESTRIA
MAESTRÍA EN MATERIALES Y TECNOLOGÍA INDUSTRIAL,Posgrado,Maestría,MAESTRIA
MAESTRIA EN MEDIACION FAMILIAR,Posgrado,Maestría,MAESTRIA
MAESTRÍA EN MEDIACIÓN PEDAGÓGICA EN EL APRENDIZAJE DEL INGLÉS,Posgrado,Maestría,MAESTRIA
MAESTRIA EN MEDICINA ALTERNATIVA,Posgrado,Maestría,MAESTRIA
MAESTRÍA EN MEDICINA TROPICAL,Posgrado,Maestría,MAESTRIA
MAESTRÍA EN MEDICINA VETERINARIA DE PEQUEÑAS ESPECIES ANIMALES,Posgrado,Maestría,MAESTRIA
MAESTRÍA EN MEDICINA VETERINARIA EQUINA,Posgrado,Maestría,MAESTRIA
MAESTRIA EN MEDIO AMBIENTE Y DESARROLLO,Posgrado,Maestría,MAESTRIA
MAESTRÍA EN MEMORIA Y ESCENARIOS TRANSICIONALES,Posgrado,Maestría,MAESTRIA
MAESTRIA EN MERCADEO,Posgrado,Maestría,MAESTRIA
MAESTRÍA EN MERCADEO DIGITAL,Posgrado,Maestría,MAESTRIA
MAESTRÍA EN MERCADEO ESTRATÉGICO,Posgrado,Maestría,MAESTRIA
MAESTRÍA EN MERCADEO GLOBAL,Posgrado,Maestría,MAESTRIA
Maestría en Mercadeo y Estrategia de Ventas,Posgrado,Maestría,MAESTRIA
MAESTRÍA EN MERCADOS BURSÁTILES,Posgrado,Maestría,MAESTRIA
MAESTRÍA EN MERCADOS FINANCIEROS,Posgrado,Maestría,MAESTRIA
MAESTRÍA EN MERCADOS Y COMPETENCIA,Posgrado,Maestría,MAESTRIA
MAESTRIA EN METALURGIA Y CIENCIAS DE LOS MATERIALES,Posgrado,Maestría,MAESTRIA
MAESTRIA EN METODOS DE INVESTIGACION SOCIAL,Posgrado,Maestría,MAESTRIA
MAESTRIA EN METODOS Y TECNICAS DE INVESTIGACION SOCIAL,Posgrado,Maestría,MAESTRIA
MAESTRÍA EN METROLOGÍA,Posgrado,Maestría,MAESTRIA
MAESTRIA EN MICROBIOLOGIA,Posgrado,Maestría,MAESTRIA
MAESTRÍA EN MICROBIOLOGÍA AGRÍCOLA E INDUSTRIAL,Posgrado,Maestría,MAESTRIA
MAESTRÍA EN MICROBIOLOGÍA AGROINDUSTRIAL,Posgrado,Maestría,MAESTRIA
MAESTRIA EN MICROBIOLOGIA CLINICA,Posgrado,Maestría,MAESTRIA
MAESTRIA EN  MICROBIOLOGIA MOLECULAR,Posgrado,Maestría,MAESTRIA
MAESTRIA EN MICROBIOLOGIA TROPICAL,Posgrado,Maestría,MAESTRIA
Maestría en Migraciones e Interculturalidad,Posgrado,Maestría,MAESTRIA
MAESTRÍA EN MIGRACIONES INTERNACIONALES,Posgrado,Maestría,MAESTRIA
Maestría en Ministerio Cristiano,Posgrado,Maestría,MAESTRIA
MAESTRIA EN MITIGACION Y ADAPTACION AL CAMBIO CLIMATICO,Posgrado,Maestría,MAESTRIA
MAESTRÍA EN MODELACIÓN Y COMPUTACIÓN CIENTÍFICA,Posgrado,Maestría,MAESTRIA
MAESTRÍA EN MODELADO Y SIMULACIÓN,Posgrado,Maestría,MAESTRIA
MAESTRIA EN MORFOLOGIA HUMANA,Posgrado,Maestría,MAESTRIA
MAESTRIA EN MOTRICIDAD - DESARROLLO HUMANO,Posgrado,Maestría,MAESTRIA
MAESTRIA EN MUSEOLOGIA Y GESTION DEL PATRIMONIO,Posgrado,Maestría,MAESTRIA
MAESTRIA EN MUSICA,Posgrado,Maestría,MAESTRIA
MAESTRÍA EN MÚSICAS COLOMBIANAS,Posgrado,Maestría,MAESTRIA
MAESTRÍA EN MÚSICAS DE AMÉRICA LATINA Y EL CARIBE,Posgrado,Maestría,MAESTRIA
MAESTRÍA EN MUSICOLOGÍA,Posgrado,Maestría,MAESTRIA
MAESTRIA EN MUSICOTERAPIA,Posgrado,Maestría,MAESTRIA
Maestría en Nanobioingeniería,Posgrado,Maestría,MAESTRIA
"MAESTRÍA EN NEGOCIACIÓN, CONCILIACIÓN Y MEDIACIÓN DE CONFLICTOS DE FAMILIA",Posgrado,Maestría,MAESTRIA
MAESTRÍA EN NEGOCIACIÓN Y MANEJO DE CONFLICTOS,Posgrado,Maestría,MAESTRIA
MAESTRÍA EN NEGOCIACION Y TRANSFORMACION DE CONFLICTOS,Posgrado,Maestría,MAESTRIA
Maestría en Negocios Creativos,Posgrado,Maestría,MAESTRIA
MAESTRÍA EN NEGOCIOS DIGITALES,Posgrado,Maestría,MAESTRIA
MAESTRÍA EN NEGOCIOS GLOBALES,Posgrado,Maestría,MAESTRIA
MAESTRIA EN NEGOCIOS INTERNACIONALES,Posgrado,Maestría,MAESTRIA
MAESTRÍA EN NEGOCIOS INTERNACIONALES E INTEGRACIÓN,Posgrado,Maestría,MAESTRIA
MAESTRÍA EN NEGOCIOS Y DERECHO,Posgrado,Maestría,MAESTRIA
Maestría en Negocios y Marketing Digital,Posgrado,Maestría,MAESTRIA
Maestría en Neurociencia para las Organizaciones,Posgrado,Maestría,MAESTRIA
MAESTRÍA EN NEUROCIENCIA SOCIAL,Posgrado,Maestría,MAESTRIA
MAESTRIA EN NEUROCIENCIAS,Posgrado,Maestría,MAESTRIA
MAESTRÍA EN NEURODESARROLLO Y APRENDIZAJE,Posgrado,Maestría,MAESTRIA
Maestría en Neuroeducación,Posgrado,Maestría,MAESTRIA
Maestría en Neuroeducación e Inclusión,Posgrado,Maestría,MAESTRIA
MAESTRIA EN NEUROPEDAGOGIA,Posgrado,Maestría,MAESTRIA
MAESTRIA EN NEUROPSICOLOGIA,Posgrado,Maestría,MAESTRIA
MAESTRIA EN NEUROPSICOLOGIA CLINICA,Posgrado,Maestría,MAESTRIA
MAESTRIA EN NEUROPSICOPEDAGOGIA,Posgrado,Maestría,MAESTRIA
MAESTRÍA EN NEUROREHABILITACIÓN,Posgrado,Maestría,MAESTRIA
"MAESTRÍA EN NIÑEZ, FAMILIA Y DESARROLLO EN CONTEXTOS",Posgrado,Maestría,MAESTRIA
MAESTRÍA EN NUTRICIÓN DEPORTIVA,Posgrado,Maestría,MAESTRIA
MAESTRIA EN OCEANOGRAFÍA,Posgrado,Maestría,MAESTRIA
MAESTRIA EN ODONTOLOGIA,Posgrado,Maestría,MAESTRIA
MAESTRÍA EN ORDENAMIENTO AMBIENTAL DEL TERRITORIO,Posgrado,Maestría,MAESTRIA
MAESTRÍA EN ORDENAMIENTO TERRITORIAL,Posgrado,Maestría,MAESTRIA
MAESTRÍA EN ORDENAMIENTO URBANO - REGIONAL,Posgrado,Maestría,MAESTRIA
Maestría en Orientación Educativa,Posgrado,Maestría,MAESTRIA
MAESTRIA EN PAISAJES ARTIFICIALES,Posgrado,Maestría,MAESTRIA
Maestría en Patología de la Construcción,Posgrado,Maestría,MAESTRIA
"MAESTRIA EN PATRIMONIO ARQUITECTONICO, URBANO Y PAISAJISTICO",Posgrado,Maestría,MAESTRIA
MAESTRIA EN PATRIMONIO CULTURAL,Posgrado,Maestría,MAESTRIA
MAESTRÍA EN PATRIMONIO CULTURAL LATINOAMERICANO,Posgrado,Maestría,MAESTRIA
MAESTRIA EN PATRIMONIO CULTURAL MUEBLE,Posgrado,Maestría,MAESTRIA
"MAESTRIA EN PAZ, DESARROLLO Y CIUDADANIA",Posgrado,Maestría,MAESTRIA
"MAESTRÍA EN PAZ, DESARROLLO Y RESOLUCIÓN DE CONFLICTOS",Posgrado,Maestría,MAESTRIA
Maestría en Paz y Gestión de Crisis,Posgrado,Maestría,MAESTRIA
MAESTRIA EN PEDAGOGIA,Posgrado,Maestría,MAESTRIA
MAESTRÍA EN PEDAGOGÍA AMBIENTAL PARA EL DESARROLLO SOSTENIBLE,Posgrado,Maestría,MAESTRIA
Maestría en Pedagogía de la Actividad Física para la Salud,Posgrado,Maestría,MAESTRIA
MAESTRÍA EN PEDAGOGÍA DE LA CULTURA FÍSICA,Posgrado,Maestría,MAESTRIA
Maestría en Pedagogía de la Lengua Castellana y Literatura,Posgrado,Maestría,MAESTRIA
MAESTRÍA EN PEDAGOGÍA DE LA LITERATURA,Posgrado,Maestría,MAESTRIA
"Maestría en Pedagogía del lenguaje, la literatura y la comunicación",Posgrado,Maestría,MAESTRIA
Maestría en Pedagogía Digital,Posgrado,Maestría,MAESTRIA
MAESTRÍA EN PEDAGOGÍA E INVESTIGACIÓN EN EL AULA,Posgrado,Maestría,MAESTRIA
Maestría en Pedagogía para la Era Digital,Posgrado,Maestría,MAESTRIA
MAESTRÍA EN PEDAGOGÍA SOCIAL,Posgrado,Maestría,MAESTRIA
MAESTRÍA EN PEDAGOGÍA SOCIAL E INTERVENCIÓN EDUCATIVA EN CONTEXTOS SOCIALES,Posgrado,Maestría,MAESTRIA
MAESTRIA EN PEDAGOGIA Y CULTURA,Posgrado,Maestría,MAESTRIA
MAESTRÍA EN PEDAGOGÍA Y DESARROLLO HUMANO,Posgrado,Maestría,MAESTRIA
MAESTRÍA EN PEDAGOGÍA Y DIDÁCTICAS PARA LA TRANSFORMACIÓN SOCIAL,Posgrado,Maestría,MAESTRIA
MAESTRÍA EN PEDAGOGÍA Y MEDIACIONES TECNOLÓGICAS,Posgrado,Maestría,MAESTRIA
Maestría en Pedagogías Críticas e Intervención Socioeducativa,Posgrado,Maestría,MAESTRIA
"Maestría en Pensamiento Estratégico, Prospectiva e Innovación",Posgrado,Maestría,MAESTRIA
MAESTRÍA EN PENSAMIENTO ESTRATÉGICO Y PROSPECTIVA,Posgrado,Maestría,MAESTRIA
Maestría en Pensamiento Social Cristiano,Posgrado,Maestría,MAESTRIA
MAESTRIA EN PERIODISMO,Posgrado,Maestría,MAESTRIA
MAESTRIA EN PERIODISMO CIENTIFICO,Posgrado,Maestría,MAESTRIA
MAESTRÍA EN PERIODISMO Y COMUNICACIÓN DIGITAL,Posgrado,Maestría,MAESTRIA
MAESTRÍA EN PESQUERÍAS TROPICALES,Posgrado,Maestría,MAESTRIA
Maestría en Planeación Financiera y Mercado de Capitales,Posgrado,Maestría,MAESTRIA
MAESTRÍA EN PLANEACIÓN PARA EL DESARROLLO,Posgrado,Maestría,MAESTRIA
MAESTRIA EN PLANEACION TERRITORIAL,Posgrado,Maestría,MAESTRIA
MAESTRÍA EN PLANEACIÓN TERRITORIAL Y DINÁMICAS DE POBLACIÓN,Posgrado,Maestría,MAESTRIA
MAESTRIA EN PLANEACION URBANA Y REGIONAL,Posgrado,Maestría,MAESTRIA
MAESTRIA EN PLANEACION Y GESTION DEL HABITAT TERRITORIAL SOSTENIBLE,Posgrado,Maestría,MAESTRIA
MAESTRIA EN PLANIFICACION URBANA Y REGIONAL,Posgrado,Maestría,MAESTRIA
MAESTRÍA EN PLANIFICACIÓN Y GESTIÓN DEL TERRITORIO,Posgrado,Maestría,MAESTRIA
MAESTRÍA EN PLANIFICACIÓN Y GESTIÓN DEL TURISMO,Posgrado,Maestría,MAESTRIA
MAESTRIA EN PLANIFICACION Y MANEJO AMBIENTAL DE CUENCAS HIDROGRAFICAS,Posgrado,Maestría,MAESTRIA
"MAESTRÍA EN POLÍTICA, DERECHO Y GESTIÓN AMBIENTAL",Posgrado,Maestría,MAESTRIA
MAESTRIA EN POLITICA SOCIAL,Posgrado,Maestría,MAESTRIA
Maestría en Política y Gerencia Pública,Posgrado,Maestría,MAESTRIA
MAESTRIA EN POLITICA Y RELACIONES INTERNACIONALES,Posgrado,Maestría,MAESTRIA
MAESTRIA EN POLITICAS PUBLICAS,Posgrado,Maestría,MAESTRIA
MAESTRIA EN POLITICAS PÚBLICAS ALIMENTARIAS Y NUTRICIONALES,Posgrado,Maestría,MAESTRIA
MAESTRÍA EN POLÍTICAS PÚBLICAS MEDIOAMBIENTALES,Posgrado,Maestría,MAESTRIA
MAESTRÍA EN POLÍTICAS PÚBLICAS Y DESARROLLO,Posgrado,Maestría,MAESTRIA
MAESTRÍA EN POLÍTICAS PÚBLICAS Y DESARROLLO TERRITORIAL,Posgrado,Maestría,MAESTRIA
MAESTRIA EN PRACTICA PEDAGOGICA,Posgrado,Maestría,MAESTRIA
MAESTRÍA EN PRÁCTICAS ARTÍSTICAS EN HÁBITAT,Posgrado,Maestría,MAESTRIA
Maestría en Prácticas Artísticas Situadas,Posgrado,Maestría,MAESTRIA
Maestría en Prácticas Estéticas Emergentes,Posgrado,Maestría,MAESTRIA
Maestría en Prevención de la Violencia en Niñez y Adolescencia,Posgrado,Maestría,MAESTRIA
MAESTRÍA EN PREVENCIÓN DE RIESGOS LABORALES,Posgrado,Maestría,MAESTRIA
Maestria en Prevención y gestión del riesgo de la drogodependencia,Posgrado,Maestría,MAESTRIA
MAESTRÍA EN PRIMERA INFANCIA: EDUCACIÓN Y DESARROLLO,Posgrado,Maestría,MAESTRIA
MAESTRÍA EN PROCESOS AGROINDUSTRIALES,Posgrado,Maestría,MAESTRIA
MAESTRIA EN PROCESOS DE APRENDIZAJE Y ENSEÑANZA DE SEGUNDAS LENGUAS,Posgrado,Maestría,MAESTRIA
MAESTRÍA EN PROCESOS PSICOLÓGICOS EN EDUCACIÓN,Posgrado,Maestría,MAESTRIA
MAESTRÍA EN PROCESOS URBANOS Y AMBIENTALES,Posgrado,Maestría,MAESTRIA
MAESTRÍA EN PRODUCCIÓN ANIMAL,Posgrado,Maestría,MAESTRIA
MAESTRIA EN PRODUCCION AUDIOVISUAL CREATIVA,Posgrado,Maestría,MAESTRIA
MAESTRÍA EN PRODUCCIÓN DE FRUTALES,Posgrado,Maestría,MAESTRIA
MAESTRÍA EN PRODUCCIÓN DE NARRATIVAS HISTÓRICAS,Posgrado,Maestría,MAESTRIA
Maestría en Producción Tropical Sostenible,Posgrado,Maestría,MAESTRIA
MAESTRÍA EN PROMOCIÓN Y PREVENCIÓN EN SALUD MENTAL,Posgrado,Maestría,MAESTRIA
MAESTRÍA EN PROMOCIÓN Y PROTECCIÓN DE LOS DERECHOS HUMANOS,Posgrado,Maestría,MAESTRIA
MAESTRIA EN PROPIEDAD INTELECTUAL,Posgrado,Maestría,MAESTRIA
MAESTRÍA EN PROSPECTIVA E INNOVACIÓN,Posgrado,Maestría,MAESTRIA
Maestría en Prospectiva e Innovación Sostenible,Posgrado,Maestría,MAESTRIA
MAESTRIA EN PROTECCION SOCIAL,Posgrado,Maestría,MAESTRIA
MAESTRÍA EN PROYECTO URBANO,Posgrado,Maestría,MAESTRIA
MAESTRIA EN PROYECTOS DE CONSTRUCCION SOSTENIBLE,Posgrado,Maestría,MAESTRIA
Maestría en Proyectos de Desarrollo Rural,Posgrado,Maestría,MAESTRIA
MAESTRÍA EN PROYECTOS DE DESARROLLO SOSTENIBLE,Posgrado,Maestría,MAESTRIA
MAESTRÍA EN PROYECTOS EDUCATIVOS MEDIADOS POR TIC,Posgrado,Maestría,MAESTRIA
"MAESTRIA EN PROYECTOS PARA EL DESARROLLO INTEGRAL DE LA INFANCIA, ADOLESCENCIA Y JUVENTUD",Posgrado,Maestría,MAESTRIA
"MAESTRIA EN PROYECTOS PARA EL DESARROLLO INTEGRAL DE LA INFANCIA, LA ADOLESCENCIA Y LA JUVENTUD",Posgrado,Maestría,MAESTRIA
MAESTRÍA EN PROYECTOS PARA EL  DESARROLLO INTEGRAL DE  NIÑOS Y ADOLESCENTES,Posgrado,Maestría,MAESTRIA
"MAESTRÍA EN PSICOANÁLISIS, SUBJETIVIDAD Y CULTURA",Posgrado,Maestría,MAESTRIA
MAESTRIA EN PSICOLOGIA,Posgrado,Maestría,MAESTRIA
MAESTRIA EN PSICOLOGIA AMBIENTAL,Posgrado,Maestría,MAESTRIA
MAESTRIA EN PSICOLOGIA CLINICA,Posgrado,Maestría,MAESTRIA
MAESTRÍA EN PSICOLOGÍA CLÍNICA DE LA NIÑEZ Y LA ADOLESCENCIA,Posgrado,Maestría,MAESTRIA
MAESTRIA EN PSICOLOGIA CLINICA Y DE LA FAMILIA,Posgrado,Maestría,MAESTRIA
MAESTRIA EN PSICOLOGIA CLINICA Y DE LA SALUD,Posgrado,Maestría,MAESTRIA
MAESTRÍA EN PSICOLOGÍA DE LA EDUCACIÓN,Posgrado,Maestría,MAESTRIA
MAESTRIA EN PSICOLOGIA DE LA SALUD,Posgrado,Maestría,MAESTRIA
MAESTRÍA EN PSICOLOGÍA DE LA SALUD Y LA DISCAPACIDAD,Posgrado,Maestría,MAESTRIA
MAESTRIA EN PSICOLOGIA DE LAS ORGANIZACIONES Y DEL TRABAJO,Posgrado,Maestría,MAESTRIA
MAESTRÍA EN PSICOLOGÍA DEL CONSUMIDOR,Posgrado,Maestría,MAESTRIA
MAESTRIA EN PSICOLOGIA DEL TRABAJO Y DE LAS ORGANIZACIONES,Posgrado,Maestría,MAESTRIA
MAESTRÍA EN PSICOLOGÍA EDUCATIVA,Posgrado,Maestría,MAESTRIA
MAESTRIA EN PSICOLOGIA JURIDICA,Posgrado,Maestría,MAESTRIA
MAESTRIA EN PSICOLOGÍA JURIDICA Y FORENSE,Posgrado,Maestría,MAESTRIA
MAESTRÍA EN PSICOLOGÍA SOCIAL,Posgrado,Maestría,MAESTRIA
MAESTRIA EN PSICOLOGÍA Y SALUD MENTAL,Posgrado,Maestría,MAESTRIA
MAESTRIA EN PSICOPATOLOGIA CLINICA Y FORENSE CON ENFASIS EN INTERVENCION CON VICTIMAS,Posgrado,Maestría,MAESTRIA
MAESTRIA EN PSICOPEDAGOGIA,Posgrado,Maestría,MAESTRIA
MAESTRÍA EN PSICOTERAPIA,Posgrado,Maestría,MAESTRIA
MAESTRÍA EN PUBLICIDAD,Posgrado,Maestría,MAESTRIA
MAESTRÍA EN PUBLICIDAD DIGITAL,Posgrado,Maestría,MAESTRIA
MAESTRIA EN QUIMICA,Posgrado,Maestría,MAESTRIA
MAESTRÍA EN QUÍMICA AMBIENTAL,Posgrado,Maestría,MAESTRIA
MAESTRÍA EN QUÍMICA INDUSTRIAL,Posgrado,Maestría,MAESTRIA
Maestría en Química - Investigación,Posgrado,Maestría,MAESTRIA
MAESTRÍA EN RECONCILIACIÓN Y CONVIVENCIA,Posgrado,Maestría,MAESTRIA
MAESTRÍA EN RECUPERACION AVANZADA DE HIDROCARBUROS,Posgrado,Maestría,MAESTRIA
MAESTRÍA EN RECURSOS DIGITALES APLICADOS A LA EDUCACIÓN,Posgrado,Maestría,MAESTRIA
MAESTRÍA EN RECURSOS ENERGÉTICOS,Posgrado,Maestría,MAESTRIA
Maestría en Recursos Hídricos,Posgrado,Maestría,MAESTRIA
MAESTRÍA EN RECURSOS HÍDRICOS Y SANEAMIENTOS AMBIENTAL,Posgrado,Maestría,MAESTRIA
MAESTRIA EN RECURSOS HIDROBIOLOGICOS CONTINENTALES,Posgrado,Maestría,MAESTRIA
MAESTRIA EN REDES DE COMUNICACION,Posgrado,Maestría,MAESTRIA
MAESTRÍA EN REGENERACIÓN Y DESARROLLO SOSTENIBLE,Posgrado,Maestría,MAESTRIA
MAESTRÍA EN REGULACIÓN ECONÓMICA,Posgrado,Maestría,MAESTRIA
MAESTRÍA EN REGULACIÓN ENERGÉTICA,Posgrado,Maestría,MAESTRIA
MAESTRÍA EN REGULACIÓN MINERA Y ENERGÉTICA,Posgrado,Maestría,MAESTRIA
MAESTRÍA EN REGULACIÓN Y GESTIÓN EN TIC Y EL ECOSISTEMA DIGITAL,Posgrado,Maestría,MAESTRIA
MAESTRIA EN RELACIONES INTERNACIONALES,Posgrado,Maestría,MAESTRIA
Maestría en Relaciones Laborales,Posgrado,Maestría,MAESTRIA
MAESTRÍA EN RELACIONES PÚBLICAS,Posgrado,Maestría,MAESTRIA
MAESTRÍA EN RELACIONES Y NEGOCIOS INTERNACIONALES,Posgrado,Maestría,MAESTRIA
MAESTRÍA EN REPRESENTACIÓN POLÍTICA Y GESTIÓN PÚBLICA,Posgrado,Maestría,MAESTRIA
Maestría en Resolución de Conflictos,Posgrado,Maestría,MAESTRIA
MAESTRIA EN RESPONSABILIDAD CIVIL Y DEL ESTADO,Posgrado,Maestría,MAESTRIA
MAESTRÍA EN RESPONSABILIDAD SOCIAL Y SOSTENIBILIDAD,Posgrado,Maestría,MAESTRIA
MAESTRÍA EN RESPONSABILIDAD SOCIAL Y SOSTENIBILIDAD DE LAS ORGANIZACIONES,Posgrado,Maestría,MAESTRIA
MAESTRÍA EN RESTAURACIÓN ECOLÓGICA,Posgrado,Maestría,MAESTRIA
Maestría en Robótica Educativa,Posgrado,Maestría,MAESTRIA
MAESTRÍA EN SALUD AMBIENTAL,Posgrado,Maestría,MAESTRIA
Maestría en Salud Basada en Evidencia,Posgrado,Maestría,MAESTRIA
MAESTRIA EN SALUD COLECTIVA,Posgrado,Maestría,MAESTRIA
MAESTRÍA EN SALUD FAMILIAR Y COMUNITARIA,Posgrado,Maestría,MAESTRIA
MAESTRÍA EN SALUD MENTAL,Posgrado,Maestría,MAESTRIA
MAESTRÍA EN SALUD MENTAL COMUNITARIA,Posgrado,Maestría,MAESTRIA
MAESTRÍA EN SALUD MENTAL DE LA NIÑEZ Y LA ADOLESCENCIA,Posgrado,Maestría,MAESTRIA
MAESTRÍA EN SALUD MENTAL EN COMUNIDADES DIVERSAS,Posgrado,Maestría,MAESTRIA
MAESTRIA EN SALUD MENTAL ESCOLAR,Posgrado,Maestría,MAESTRIA
Maestría en Salud Mental y Convivencia en Contextos Educativos,Posgrado,Maestría,MAESTRIA
MAESTRIA EN SALUD OCUPACIONAL,Posgrado,Maestría,MAESTRIA
MAESTRIA EN SALUD PUBLICA,Posgrado,Maestría,MAESTRIA
MAESTRIA EN SALUD SEXUAL Y REPRODUCTIVA,Posgrado,Maestría,MAESTRIA
MAESTRIA EN SALUD Y PRODUCCION ANIMAL,Posgrado,Maestría,MAESTRIA
MAESTRIA EN SALUD Y SEGURIDAD EN EL TRABAJO,Posgrado,Maestría,MAESTRIA
Maestría en Salud y Seguridad Laboral,Posgrado,Maestría,MAESTRIA
MAESTRIA EN SANIDAD VEGETAL,Posgrado,Maestría,MAESTRIA
MAESTRÍA EN SEGURIDAD ALIMENTARIA Y NUTRICIONAL,Posgrado,Maestría,MAESTRIA
MAESTRIA EN SEGURIDAD ALIMENTARIA Y PROCESOS PRODUCTIVOS,Posgrado,Maestría,MAESTRIA
MAESTRÍA EN SEGURIDAD DE LA INFORMACIÓN,Posgrado,Maestría,MAESTRIA
MAESTRÍA EN SEGURIDAD DIGITAL,Posgrado,Maestría,MAESTRIA
"Maestría en Seguridad, Higiene y Ergonomía",Posgrado,Maestría,MAESTRIA
MAESTRIA EN SEGURIDAD INFORMÁTICA,Posgrado,Maestría,MAESTRIA
MAESTRÍA EN SEGURIDAD INFORMÁTICA Y DE LAS COMUNICACIONES,Posgrado,Maestría,MAESTRIA
MAESTRÍA EN SEGURIDAD OPERACIONAL,Posgrado,Maestría,MAESTRIA
MAESTRÍA EN SEGURIDAD PÚBLICA,Posgrado,Maestría,MAESTRIA
MAESTRÍA EN SEGURIDAD SOCIAL,Posgrado,Maestría,MAESTRIA
MAESTRÍA EN SEGURIDAD Y DEFENSA NACIONALES,Posgrado,Maestría,MAESTRIA
MAESTRÍA EN SEGURIDAD Y GESTIÓN DEL RIESGO,Posgrado,Maestría,MAESTRIA
MAESTRIA EN SEGURIDAD Y SALUD EN EL TRABAJO,Posgrado,Maestría,MAESTRIA
"MAESTRÍA EN SEGURIDAD Y SALUD EN EL TRABAJO, ÉNFASIS EN HIGIENE Y SEGURIDAD INDUSTRIAL",Posgrado,Maestría,MAESTRIA
MAESTRÍA EN SEGUROS,Posgrado,Maestría,MAESTRIA
MAESTRIA EN SEMIÓTICA,Posgrado,Maestría,MAESTRIA
MAESTRÍA EN SERVICIOS PÚBLICOS,Posgrado,Maestría,MAESTRIA
MAESTRIA EN SEXUALIDAD Y RELACIONES CONTEMPORANEAS,Posgrado,Maestría,MAESTRIA
MAESTRÍA EN SISTEMAS AGRARIOS SOSTENIBLES,Posgrado,Maestría,MAESTRIA
MAESTRIA EN SISTEMAS AUTOMATICOS DE PRODUCCION,Posgrado,Maestría,MAESTRIA
MAESTRÍA EN SISTEMAS DE DISTRIBUCIÓN DE ENERGÍA ELÉCTRICA,Posgrado,Maestría,MAESTRIA
MAESTRIA EN SISTEMAS DE GESTION,Posgrado,Maestría,MAESTRIA
Maestria en Sistemas de Información Geográfica,Posgrado,Maestría,MAESTRIA
MAESTRIA EN SISTEMAS DE PRODUCCION AGROPECUARIA,Posgrado,Maestría,MAESTRIA
MAESTRÍA EN SISTEMAS ELECTRÓNICOS INTELIGENTES,Posgrado,Maestría,MAESTRIA
MAESTRÍA EN SISTEMAS ENERGÉTICOS,Posgrado,Maestría,MAESTRIA
MAESTRIA EN SISTEMAS INTEGRADOS DE GESTIÓN,Posgrado,Maestría,MAESTRIA
MAESTRÍA EN SISTEMAS INTEGRADOS DE GESTIÓN DE LA CALIDAD,Posgrado,Maestría,MAESTRIA
MAESTRÍA EN SISTEMAS SOSTENIBLES DE PRODUCCIÓN,Posgrado,Maestría,MAESTRIA
MAESTRIA EN SISTEMAS SOSTENIBLES DE SALUD - PRODUCCIÓN ANIMAL TROPICAL,Posgrado,Maestría,MAESTRIA
MAESTRÍA EN SOBERANIA Y SEGURIDAD ALIMENTARIA Y NUTRICIONAL,Posgrado,Maestría,MAESTRIA
MAESTRIA EN SOCIEDADES RURALES,Posgrado,Maestría,MAESTRIA
MAESTRIA EN SOCIOLOGIA,Posgrado,Maestría,MAESTRIA
MAESTRÍA EN SOSTENIBILIDAD,Posgrado,Maestría,MAESTRIA
Maestría en Sostenibilidad Ambiental,Posgrado,Maestría,MAESTRIA
Maestría en Sostenibilidad Corporativa,Posgrado,Maestría,MAESTRIA
Maestría en Sostenibilidad y Gobernanza,Posgrado,Maestría,MAESTRIA
Maestría en Supply Chain Management,Posgrado,Maestría,MAESTRIA
Maestría en Talento Humano y Desarrollo Organizacional,Posgrado,Maestría,MAESTRIA
Maestría en Tecnología e Innovación Educativa,Posgrado,Maestría,MAESTRIA
MAESTRÍA EN TECNOLOGÍA INFORMÁTICA,Posgrado,Maestría,MAESTRIA
MAESTRÍA EN TECNOLOGÍAS DE INFORMACIÓN PARA EL NEGOCIO,Posgrado,Maestría,MAESTRIA
MAESTRÍA EN TECNOLOGÍAS DE LA INFORMACIÓN,Posgrado,Maestría,MAESTRIA
MAESTRIA EN TECNOLOGIAS DE LA INFORMACION APLICADAS A LA EDUCACION,Posgrado,Maestría,MAESTRIA
MAESTRÍA EN TECNOLOGÍAS DE LA INFORMACIÓN GEOGRÁFICA,Posgrado,Maestría,MAESTRIA
MAESTRÍA EN TECNOLOGÍAS DE LA INFORMACIÓN PARA LA ANALÍTICA DE DATOS,Posgrado,Maestría,MAESTRIA
MAESTRÍA EN TECNOLOGÍAS DE LA INFORMACIÓN Y LA COMUNICACIÓN,Posgrado,Maestría,MAESTRIA
MAESTRÍA EN TECNOLOGÍAS DE LA INFORMACIÓN Y LA COMUNICACIÓN APLICADAS A LA EDUCACIÓN.,Posgrado,Maestría,MAESTRIA
MAESTRIA EN TECNOLOGIAS DE LA INFORMACIÓN Y LA COMUNICACION EN SALUD,Posgrado,Maestría,MAESTRIA
MAESTRIA EN TECNOLOGIAS DE LA INFORMACION Y LA COMUNICACION (TIC) APLICADAS A LA EDUCACION,Posgrado,Maestría,MAESTRIA
MAESTRIA EN TECNOLOGIAS DIGITALES APLICADAS A LA EDUCACION,Posgrado,Maestría,MAESTRIA
MAESTRÍA EN TECNOLOGÍAS LIMPIAS,Posgrado,Maestría,MAESTRIA
MAESTRIA EN TECNOLOGÍAS PARA EL MANEJO DE AGUAS Y RESIDUOS,Posgrado,Maestría,MAESTRIA
MAESTRIA EN TELECOMUNICACIONES,Posgrado,Maestría,MAESTRIA
MAESTRÍA EN TELECOMUNICACIONES MÓVILES,Posgrado,Maestría,MAESTRIA
MAESTRÍA EN TELECOMUNICACIONES Y REGULACIÓN  TIC,Posgrado,Maestría,MAESTRIA
MAESTRÍA EN TELECOMUNICACIONES Y SERVICIOS TIC,Posgrado,Maestría,MAESTRIA
MAESTRÍA EN TELEDETECCIÓN,Posgrado,Maestría,MAESTRIA
MAESTRÍA EN TELEMÁTICA,Posgrado,Maestría,MAESTRIA
MAESTRIA EN TELESALUD,Posgrado,Maestría,MAESTRIA
MAESTRIA EN TEOLOGIA,Posgrado,Maestría,MAESTRIA
MAESTRIA EN TEOLOGÍA DE LA BIBLIA,Posgrado,Maestría,MAESTRIA
MAESTRÍA EN TEORÍA JURÍDICA Y FILOSOFÍA DEL DERECHO,Posgrado,Maestría,MAESTRIA
MAESTRIA EN TERAPIA FAMILIAR,Posgrado,Maestría,MAESTRIA
MAESTRIA EN TERAPIA FAMILIAR Y DE PAREJA,Posgrado,Maestría,MAESTRIA
MAESTRÍA EN TERAPIA MANUAL ORTOPÉDICA,Posgrado,Maestría,MAESTRIA
MAESTRIA EN TERAPIA OCUPACIONAL,Posgrado,Maestría,MAESTRIA
"MAESTRíA EN TERRITORIO, CONFLICTO Y CULTURA",Posgrado,Maestría,MAESTRIA
MAESTRIA EN TERRITORIO Y CIUDAD,Posgrado,Maestría,MAESTRIA
MAESTRÍA EN TIC APLICADAS A LAS CIENCIAS DE LA EDUCACIÓN,Posgrado,Maestría,MAESTRIA
MAESTRÍA EN TIC PARA LA EDUCACIÓN,Posgrado,Maestría,MAESTRIA
MAESTRIA EN TOXICOLOGIA,Posgrado,Maestría,MAESTRIA
MAESTRIA EN TRABAJO SOCIAL,Posgrado,Maestría,MAESTRIA
MAESTRÍA EN TRADUCCIÓN,Posgrado,Maestría,MAESTRIA
MAESTRÍA EN TRADUCCIÓN E INTERPRETACIÓN,Posgrado,Maestría,MAESTRIA
MAESTRIA EN TRANSFORMACION DE CONFLICTOS Y CONSTRUCCION DE PAZ,Posgrado,Maestría,MAESTRIA
MAESTRIA EN TRANSFORMACIÓN DIGITAL,Posgrado,Maestría,MAESTRIA
MAESTRÍA EN TRANSFORMACIÓN DIGITAL DE LAS REDES ELÉCTRICAS,Posgrado,Maestría,MAESTRIA
Maestría en Transformación Digital Empresarial,Posgrado,Maestría,MAESTRIA
Maestría en Transformación Digital para la Educación,Posgrado,Maestría,MAESTRIA
Maestría en Transformación Digital y Analítica de  Datos,Posgrado,Maestría,MAESTRIA
MAESTRÍA EN TRANSMEDIA,Posgrado,Maestría,MAESTRIA
MAESTRÍA EN TRASTORNOS COGNOSCITIVOS Y DEL APRENDIZAJE,Posgrado,Maestría,MAESTRIA
MAESTRIA EN TRIBUTACION,Posgrado,Maestría,MAESTRIA
Maestría en Tributación Internacional,Posgrado,Maestría,MAESTRIA
MAESTRÍA EN TRIBUTACIÓN Y ADUANAS,Posgrado,Maestría,MAESTRIA
Maestría en Tributación y Derecho Tributario,Posgrado,Maestría,MAESTRIA
MAESTRÍA EN TRIBUTACIÓN Y POLÍTICA FISCAL,Posgrado,Maestría,MAESTRIA
Maestría en Turismo Inteligente,Posgrado,Maestría,MAESTRIA
MAESTRIA EN URBANISMO,Posgrado,Maestría,MAESTRIA
MAESTRIA EN URBANISMO Y DESARROLLO TERRITORIAL,Posgrado,Maestría,MAESTRIA
MAESTRIA EN VALORACION Y TASACION DE BIENES,Posgrado,Maestría,MAESTRIA
MAESTRÍA GERENCIA INTEGRAL POR PROCESOS -MGIP-,Posgrado,Maestría,MAESTRIA
MAESTRÍA INTERDISCIPLINARIA EN TEATRO Y ARTES VIVAS,Posgrado,Maestría,MAESTRIA
MAESTRÍA LIDERAZGO ESTRATÉGICO Y GESTIÓN DEL TALENTO HUMANO,Posgrado,Maestría,MAESTRIA
MAESTRÍA PREPARACIÓN FÍSICA EN FÚTBOL,Posgrado,Maestría,MAESTRIA
"MAESTRÍA SOBRE CONFLICTO, TERRITORIO Y CULTURA",Posgrado,Maestría,MAESTRIA
MAESTRÍA TRANSDISCIPLINARIA EN SISTEMAS DE VIDA SOSTENIBLE,Posgrado,Maestría,MAESTRIA
"MAESTRÍA VIRTUAL EN TRIBUTACIÓN INTERNACIONAL, COMERCIO EXTERIOR Y ADUANAS",Posgrado,Maestría,MAESTRIA
MAESTRÍAS EN CIENCIAS FARMACÉUTICAS Y ALIMENTARIAS,Posgrado,Maestría,MAESTRIA
MASTER OF INTERNATIONAL BUSINESS (MIB),Posgrado,Maestría,MAESTRIA
MBA INTERNACIONAL,Posgrado,Maestría,MAESTRIA
MESTRÍA EN DIDÁCTICA DE LAS CIENCIAS BÁSICAS,Posgrado,Maestría,MAESTRIA
ACTIVIDAD FISICA Y DEPORTE,Pregrado,Universitario,PROFESIONAL
ACUICULTURA,Pregrado,Universitario,PROFESIONAL
ADMINISTRACI¿N DE EMPRESAS AGROPECUARIAS,Pregrado,Universitario,PROFESIONAL
ADMINISTRACION,Pregrado,Universitario,PROFESIONAL
ADMINISTRACION AERONAUTICA,Pregrado,Universitario,PROFESIONAL
ADMINISTRACIÓN AGROINDUSTRIAL,Pregrado,Universitario,PROFESIONAL
ADMINISTRACION AGROPECUARIA,Pregrado,Universitario,PROFESIONAL
ADMINISTRACION AMBIENTAL,Pregrado,Universitario,PROFESIONAL
ADMINISTRACION AMBIENTAL Y DE LOS RECURSOS NATURALES,Pregrado,Universitario,PROFESIONAL
ADMINISTRACIÓN AMBIENTAL Y SANITARIA,Pregrado,Universitario,PROFESIONAL
ADMINISTRACION COMERCIAL,Pregrado,Universitario,PROFESIONAL
ADMINISTRACION COMERCIAL Y DE MERCADEO,Pregrado,Universitario,PROFESIONAL
ADMINISTRACIÓN COMERCIAL Y FINANCIERA,Pregrado,Universitario,PROFESIONAL
ADMINISTRACION DE AGRONEGOCIOS,Pregrado,Universitario,PROFESIONAL
ADMINISTRACIÓN DE COMERCIO EXTERIOR,Pregrado,Universitario,PROFESIONAL
ADMINISTRACION DE EMPRESAS,Pregrado,Universitario,PROFESIONAL
ADMINISTRACIÓN DE EMPRESAS AGROINDUSTRIALES,Pregrado,Universitario,PROFESIONAL
ADMINISTRACION DE EMPRESAS AGROPECUARIAS,Pregrado,Universitario,PROFESIONAL
ADMINISTRACIÓN DE EMPRESAS COMERCIALES,Pregrado,Universitario,PROFESIONAL
Administración de Empresas Culturales y Creativas,Pregrado,Universitario,PROFESIONAL
Administración de Empresas e Inteligencia de Negocios,Pregrado,Universitario,PROFESIONAL
ADMINISTRACIÓN DE EMPRESAS GLOBALES,Pregrado,Universitario,PROFESIONAL
ADMINISTRACION DE EMPRESAS TURISTICAS,Pregrado,Universitario,PROFESIONAL
ADMINISTRACION DE EMPRESAS TURISTICAS Y HOTELERAS,Pregrado,Universitario,PROFESIONAL
ADMINISTRACION DE EMPRESAS Y FINANZAS,Pregrado,Universitario,PROFESIONAL
ADMINISTRACION DE EMPRESAS  Y  GESTION AMBIENTAL,Pregrado,Universitario,PROFESIONAL
ADMINISTRACION DE EMPRESAS Y TRANSFORMACION DIGITAL,Pregrado,Universitario,PROFESIONAL
ADMINISTRACION DE HOTELERIA Y TURÍSMO,Pregrado,Universitario,PROFESIONAL
ADMINISTRACIÓN DE LA CADENA DE SUMINISTRO Y LOGISTICA,Pregrado,Universitario,PROFESIONAL
ADMINISTRACIÓN DE LA CALIDAD,Pregrado,Universitario,PROFESIONAL
ADMINISTRACION DE LA SEGURIDAD SOCIAL,Pregrado,Universitario,PROFESIONAL
ADMINISTRACIÓN DE LA SEGURIDAD Y SALUD EN EL TRABAJO,Pregrado,Universitario,PROFESIONAL
ADMINISTRACION DE MERCADEO,Pregrado,Universitario,PROFESIONAL
ADMINISTRACION DE MERCADEO Y LOGISTICA INTERNACIONALES,Pregrado,Universitario,PROFESIONAL
ADMINISTRACION DE NEGOCIOS,Pregrado,Universitario,PROFESIONAL
ADMINISTRACIÓN DE NEGOCIOS DIGITALES,Pregrado,Universitario,PROFESIONAL
ADMINISTRACION DE NEGOCIOS INTERNACIONALES,Pregrado,Universitario,PROFESIONAL
ADMINISTRACIÓN DE NEGOCIOS SOSTENIBLES,Pregrado,Universitario,PROFESIONAL
ADMINISTRACIÓN DE NEGOCIOS TURÍSTICOS Y HOTELEROS,Pregrado,Universitario,PROFESIONAL
ADMINISTRACIÓN DE OBRAS DE ARQUITECTURA,Pregrado,Universitario,PROFESIONAL
ADMINISTRACIÓN DE PRODUCCIÓN Y LOGÍSTICA INTERNACIONAL,Pregrado,Universitario,PROFESIONAL
"ADMINISTRACION DE RIESGOS, SEGURIDAD Y SALUD EN EL TRABAJO",Pregrado,Universitario,PROFESIONAL
ADMINISTRACION DE SERVICIOS DE SALUD,Pregrado,Universitario,PROFESIONAL
ADMINISTRACION DE SISTEMAS,Pregrado,Universitario,PROFESIONAL
ADMINISTRACION DE SISTEMAS INFORMATICOS,Pregrado,Universitario,PROFESIONAL
ADMINISTRACION DE TALENTO HUMANO,Pregrado,Universitario,PROFESIONAL
ADMINISTRACIÓN DE TECNOLOGÍAS DE LA INFORMACIÓN,Pregrado,Universitario,PROFESIONAL
ADMINISTRACION DEL COMERCIO INTERNACIONAL,Pregrado,Universitario,PROFESIONAL
Administración del Deporte,Pregrado,Universitario,PROFESIONAL
Administración del Sistema de Seguridad y Salud en el Trabajo,Pregrado,Universitario,PROFESIONAL
ADMINISTRACIÓN DEL TURISMO SOSTENIBLE,Pregrado,Universitario,PROFESIONAL
ADMINISTRACION DEPORTIVA,Pregrado,Universitario,PROFESIONAL
ADMINISTRACIÓN E INNOVACIÓN EN TURISMO Y HOTELES,Pregrado,Universitario,PROFESIONAL
ADMINISTRACION EMPRESAS AGROINDUSTRIALES,Pregrado,Universitario,PROFESIONAL
ADMINISTRACIÓN EN FINANZAS Y NEGOCIOS INTERNACIONALES,Pregrado,Universitario,PROFESIONAL
ADMINISTRACION EN GESTIÓN DOCUMENTAL Y ARCHIVÍSTICA,Pregrado,Universitario,PROFESIONAL
ADMINISTRACION EN LOGISTICA Y PRODUCCION,Pregrado,Universitario,PROFESIONAL
ADMINISTRACION EN SALUD,Pregrado,Universitario,PROFESIONAL
ADMINISTRACIÓN EN SEGURIDAD ALIMENTARIA Y NUTRICIONAL,Pregrado,Universitario,PROFESIONAL
ADMINISTRACION EN  SEGURIDAD Y SALUD EN EL TRABAJO,Pregrado,Universitario,PROFESIONAL
ADMINISTRACIÓN EN SERVICIOS DE SALUD,Pregrado,Universitario,PROFESIONAL
ADMINISTRACION FINANCIERA,Pregrado,Universitario,PROFESIONAL
ADMINISTRACIÓN FINANCIERA Y BURSATIL,Pregrado,Universitario,PROFESIONAL
ADMINISTRACION FINANCIERA Y DE SISTEMAS,Pregrado,Universitario,PROFESIONAL
ADMINISTRACIÓN HOTELERA Y DE SERVICIOS,Pregrado,Universitario,PROFESIONAL
ADMINISTRACIÓN HOTELERA Y GASTRONÓMICA,Pregrado,Universitario,PROFESIONAL
ADMINISTRACION HUMANA,Pregrado,Universitario,PROFESIONAL
ADMINISTRACION INDUSTRIAL,Pregrado,Universitario,PROFESIONAL
ADMINISTRACIÓN INTEGRAL DE RIESGOS DE SEGURIDAD Y SALUD EN EL TRABAJO,Pregrado,Universitario,PROFESIONAL
ADMINISTRACION LOGISTICA,Pregrado,Universitario,PROFESIONAL
Administración Logística Internacional,Pregrado,Universitario,PROFESIONAL
ADMINISTRACION MARITIMA,Pregrado,Universitario,PROFESIONAL
ADMINISTRACIÓN MARITIMA Y FLUVIAL,Pregrado,Universitario,PROFESIONAL
ADMINISTRACION MARITIMA Y PORTUARIA,Pregrado,Universitario,PROFESIONAL
ADMINISTRACION POLICIAL,Pregrado,Universitario,PROFESIONAL
ADMINISTRACION PUBLICA,Pregrado,Universitario,PROFESIONAL
ADMINISTRACION PUBLICA TERRITORIAL,Pregrado,Universitario,PROFESIONAL
ADMINISTRACION  SERVICIO,Pregrado,Universitario,PROFESIONAL
ADMINISTRACIÓN SOSTENIBLE,Pregrado,Universitario,PROFESIONAL
ADMINISTRACIÓN TECNÓLOGICA,Pregrado,Universitario,PROFESIONAL
ADMINISTRACION TUR¿STICA Y HOTELERA,Pregrado,Universitario,PROFESIONAL
ADMINISTRACIÓN TURÍSTICA,Pregrado,Universitario,PROFESIONAL
ADMINISTRACION TURISTICA Y HOTELERA,Pregrado,Universitario,PROFESIONAL
ADMINISTRACION Y DIRECCION DE EMPRESAS,Pregrado,Universitario,PROFESIONAL
ADMINISTRACIÓN Y GESTIÓN PROPIA,Pregrado,Universitario,PROFESIONAL
ADMINISTRACION Y NEGOCIOS INTERNACIONALES,Pregrado,Universitario,PROFESIONAL
ADMINISTRACIÓN Y SERVICIO,Pregrado,Universitario,PROFESIONAL
ADMINSITRACION TURISTICA Y HOTELERA,Pregrado,Universitario,PROFESIONAL
AGROECOLOGÍA,Pregrado,Universitario,PROFESIONAL
AGROINDUSTRIA,Pregrado,Universitario,PROFESIONAL
AGRONOMIA,Pregrado,Universitario,PROFESIONAL
Analítica de Datos y Mercados,Pregrado,Universitario,PROFESIONAL
ANIMACION,Pregrado,Universitario,PROFESIONAL
ANTROPOLOGIA,Pregrado,Universitario,PROFESIONAL
ARCHIVÍSTICA,Pregrado,Universitario,PROFESIONAL
ARCHIVISTICA E INTELIGENCIA DE NEGOCIOS,Pregrado,Universitario,PROFESIONAL
ARCHIVISTICA Y GESTION DE LA INFORMACION DIGITAL,Pregrado,Universitario,PROFESIONAL
ARQUEOLOGIA,Pregrado,Universitario,PROFESIONAL
ARQUITECTURA,Pregrado,Universitario,PROFESIONAL
ARTE,Pregrado,Universitario,PROFESIONAL
ARTE DANZARIO,Pregrado,Universitario,PROFESIONAL
ARTE DRAMATICO,Pregrado,Universitario,PROFESIONAL
ARTES,Pregrado,Universitario,PROFESIONAL
ARTES AUDIOVISUALES,Pregrado,Universitario,PROFESIONAL
ARTES CULINARIAS Y GASTRONOMÍA,Pregrado,Universitario,PROFESIONAL
ARTES DE LA GRABACION Y PRODUCCION MUSICAL,Pregrado,Universitario,PROFESIONAL
ARTES ESCENICAS,Pregrado,Universitario,PROFESIONAL
ARTES LIBERALES EN CIENCIAS SOCIALES,Pregrado,Universitario,PROFESIONAL
ARTES MUSICALES,Pregrado,Universitario,PROFESIONAL
ARTES PLASTICAS,Pregrado,Universitario,PROFESIONAL
ARTES PLASTICAS Y VISUALES,Pregrado,Universitario,PROFESIONAL
ARTES VISUALES,Pregrado,Universitario,PROFESIONAL
ASTRONOMÍA,Pregrado,Universitario,PROFESIONAL
ASUNTOS GLOBALES Y RELACIONES INTERNACIONALES,Pregrado,Universitario,PROFESIONAL
BACTERIOLOG¿A,Pregrado,Universitario,PROFESIONAL
BACTERIOLOGIA,Pregrado,Universitario,PROFESIONAL
BACTERIOLOGIA Y LABORATORIO CLINICO,Pregrado,Universitario,PROFESIONAL
BANCA Y FINANZAS,Pregrado,Universitario,PROFESIONAL
BIBLIOTECOLOGIA,Pregrado,Universitario,PROFESIONAL
BIBLIOTECOLOGÍA Y ESTUDIOS DE LA INFORMACIÓN,Pregrado,Universitario,PROFESIONAL
BIOINGENIERIA,Pregrado,Universitario,PROFESIONAL
BIOLOGIA,Pregrado,Universitario,PROFESIONAL
BIOLOGIA AMBIENTAL,Pregrado,Universitario,PROFESIONAL
BIOLOGIA APLICADA,Pregrado,Universitario,PROFESIONAL
BIOLOGIA MARINA,Pregrado,Universitario,PROFESIONAL
BIOQUIMICA,Pregrado,Universitario,PROFESIONAL
BIOTECNOLOGÍA,Pregrado,Universitario,PROFESIONAL
BUEN VIVIR COMUNITARIO,Pregrado,Universitario,PROFESIONAL
Cambio Ambiental Global,Pregrado,Universitario,PROFESIONAL
CIENCIA DE DATOS,Pregrado,Universitario,PROFESIONAL
CIENCIA DE DATOS Y SIMULACIÓN COMPUTACIONAL,Pregrado,Universitario,PROFESIONAL
"CIENCIA DE LA INFORMACION, BIBLIOTECOLOGIA Y ARCHIVISTICA",Pregrado,Universitario,PROFESIONAL
CIENCIA DE LA INFORMACION Y BIBLIOTECOLOGIA,Pregrado,Universitario,PROFESIONAL
"CIENCIA DE LA INFORMACION Y LA DOCUMENTACION, BIBLIOTECOLOGIA Y ARCHIVISTICA",Pregrado,Universitario,PROFESIONAL
CIENCIA POLITICA,Pregrado,Universitario,PROFESIONAL
CIENCIA POLÍTICA E INNOVACIÓN PÚBLICA,Pregrado,Universitario,PROFESIONAL
"CIENCIA POLÍTICA, GOBIERNO Y RELACIONES INTERNACIONALES",Pregrado,Universitario,PROFESIONAL
Ciencia Política y Gestión Pública,Pregrado,Universitario,PROFESIONAL
CIENCIA POLITICA Y GOBIERNO,Pregrado,Universitario,PROFESIONAL
CIENCIA POLITICA Y RELACIONES INTERNACIONALES,Pregrado,Universitario,PROFESIONAL
Ciencia y Tecnología de los Alimentos,Pregrado,Universitario,PROFESIONAL
CIENCIAS AERONÁUTICAS,Pregrado,Universitario,PROFESIONAL
CIENCIAS AMBIENTALES,Pregrado,Universitario,PROFESIONAL
CIENCIAS BIBLICAS,Pregrado,Universitario,PROFESIONAL
Ciencias Cognitivas en Contextos Educativos,Pregrado,Universitario,PROFESIONAL
CIENCIAS CULINARIAS,Pregrado,Universitario,PROFESIONAL
CIENCIAS CULINARIAS DE LA GASTRONOMÍA,Pregrado,Universitario,PROFESIONAL
CIENCIAS DE LA COMPUTACIÓN,Pregrado,Universitario,PROFESIONAL
CIENCIAS DE LA COMPUTACIÓN E INTELIGENCIA ARTIFICIAL,Pregrado,Universitario,PROFESIONAL
CIENCIAS DEL DEPORTE,Pregrado,Universitario,PROFESIONAL
CIENCIAS DEL DEPORTE Y DE LA ACTIVIDAD FÍSICA,Pregrado,Universitario,PROFESIONAL
CIENCIAS DEL DEPORTE Y LA ACTIVIDAD FISICA,Pregrado,Universitario,PROFESIONAL
CIENCIAS DEL DEPORTE Y LA RECREACION,Pregrado,Universitario,PROFESIONAL
CIENCIAS DEL SISTEMA TIERRA,Pregrado,Universitario,PROFESIONAL
CIENCIAS MILITARES,Pregrado,Universitario,PROFESIONAL
CIENCIAS MILITARES AERONÁUTICAS,Pregrado,Universitario,PROFESIONAL
CIENCIAS NAUTICAS PARA OFICIALES MERCANTES,Pregrado,Universitario,PROFESIONAL
CIENCIAS NAÚTICAS PARA OFICIALES MERCANTES DE MAQUINAS,Pregrado,Universitario,PROFESIONAL
CIENCIAS NAVALES PARA OFICIALES DE INFANTERIA DE MARINA,Pregrado,Universitario,PROFESIONAL
CIENCIAS NAVALES PARA OFICIALES NAVALES,Pregrado,Universitario,PROFESIONAL
CIENCIAS POLITICAS,Pregrado,Universitario,PROFESIONAL
CIENCIAS POLÍTICAS Y GOBIERNO,Pregrado,Universitario,PROFESIONAL
CIENCIAS POLITICAS Y RELACIONES INTERNACIONALES,Pregrado,Universitario,PROFESIONAL
CINE,Pregrado,Universitario,PROFESIONAL
CINE Y AUDIOVISUALES,Pregrado,Universitario,PROFESIONAL
CINE Y COMUNICACIÓN DIGITAL,Pregrado,Universitario,PROFESIONAL
CINE Y TELEVISION,Pregrado,Universitario,PROFESIONAL
COMERCIO EXTERIOR,Pregrado,Universitario,PROFESIONAL
COMERCIO INTERNACIONAL,Pregrado,Universitario,PROFESIONAL
COMERCIO INTERNACIONAL Y FINANZAS,Pregrado,Universitario,PROFESIONAL
Comercio Internacional y Logística Empresarial,Pregrado,Universitario,PROFESIONAL
COMERCIO Y FINANZAS INTERNACIONALES,Pregrado,Universitario,PROFESIONAL
COMERCIO Y NEGOCIOS GLOBALES,Pregrado,Universitario,PROFESIONAL
COMERCIO Y NEGOCIOS INTERNACIONALES,Pregrado,Universitario,PROFESIONAL
COMPORTAMIENTO ORGANIZACIONAL,Pregrado,Universitario,PROFESIONAL
COMPUTACIÓN CIENTÍFICA,Pregrado,Universitario,PROFESIONAL
COMUNICACION,Pregrado,Universitario,PROFESIONAL
COMUNICACION AUDIOVISUAL,Pregrado,Universitario,PROFESIONAL
COMUNICACIÓN AUDIOVISUAL Y DIGITAL,Pregrado,Universitario,PROFESIONAL
COMUNICACION AUDIOVISUAL Y MULTIMEDIAL,Pregrado,Universitario,PROFESIONAL
COMUNICACIÓN AUDIOVISUAL Y MULTIMEDIOS,Pregrado,Universitario,PROFESIONAL
COMUNICACIÓN CORPORATIVA,Pregrado,Universitario,PROFESIONAL
COMUNICACIÓN CORPORATIVA Y RELACIONES PÚBLICAS,Pregrado,Universitario,PROFESIONAL
COMUNICACION DIGITAL,Pregrado,Universitario,PROFESIONAL
COMUNICACIÓN EN NARRATIVAS TRANSMEDIA,Pregrado,Universitario,PROFESIONAL
COMUNICACION GRAFICA PUBLICITARIA,Pregrado,Universitario,PROFESIONAL
COMUNICACION ORGANIZACIONAL,Pregrado,Universitario,PROFESIONAL
Comunicación Política y Gobierno,Pregrado,Universitario,PROFESIONAL
COMUNICACIÓN PROPIA INTERCULTURAL,Pregrado,Universitario,PROFESIONAL
COMUNICACION PUBLICITARIA,Pregrado,Universitario,PROFESIONAL
COMUNICACION SOCIAL,Pregrado,Universitario,PROFESIONAL
COMUNICACION SOCIAL -  PERIODISMO,Pregrado,Universitario,PROFESIONAL
COMUNICACIÓN SOCIAL Y MEDIOS,Pregrado,Universitario,PROFESIONAL
COMUNICACIÓN SOCIAL Y MEDIOS DIGITALES,Pregrado,Universitario,PROFESIONAL
COMUNICACION SOCIAL     Y     PERIODISMO,Pregrado,Universitario,PROFESIONAL
COMUNICACION SOCIAL Y PERIODISMO DIGITAL,Pregrado,Universitario,PROFESIONAL
COMUNICACION SOCIALY PERIODISMO,Pregrado,Universitario,PROFESIONAL
COMUNICACIÓN TRANSMEDIA,Pregrado,Universitario,PROFESIONAL
COMUNICACION VISUAL,Pregrado,Universitario,PROFESIONAL
Comunicación y Diseño en Ambientes Digitales,Pregrado,Universitario,PROFESIONAL
Comunicación y Diseño Publicitario,Pregrado,Universitario,PROFESIONAL
Comunicación y Educación Digital,Pregrado,Universitario,PROFESIONAL
COMUNICACIÓN Y ENTRETENIMIENTO DIGITAL,Pregrado,Universitario,PROFESIONAL
COMUNICACION Y LENGUAJES AUDIOVISUALES,Pregrado,Universitario,PROFESIONAL
Comunicación y Narrativas Digitales,Pregrado,Universitario,PROFESIONAL
COMUNICACION Y PERIODISMO,Pregrado,Universitario,PROFESIONAL
Comunicación y Periodismo Digital,Pregrado,Universitario,PROFESIONAL
COMUNICACION Y RELACIONES CORPORATIVAS,Pregrado,Universitario,PROFESIONAL
COMUNICACIONES,Pregrado,Universitario,PROFESIONAL
COMUNICACIONES Y MARKETING,Pregrado,Universitario,PROFESIONAL
CONSERVACION Y RESTAURACION DE PATRIMONIO CULTURAL MUEBLE,Pregrado,Universitario,PROFESIONAL
CONSTRUCCION,Pregrado,Universitario,PROFESIONAL
CONSTRUCCION EN ARQUITECTURA E INGENIERIA,Pregrado,Universitario,PROFESIONAL
CONSTRUCCIÓN Y GESTIÓN EN ARQUITECTURA,Pregrado,Universitario,PROFESIONAL
CONSTRUCCIONES CIVILES,Pregrado,Universitario,PROFESIONAL
CONTADURIA DIGITAL TECH,Pregrado,Universitario,PROFESIONAL
CONTADURIA PUBLICA,Pregrado,Universitario,PROFESIONAL
CONTADURÍA PÚBLICA Y FINANZAS,Pregrado,Universitario,PROFESIONAL
CONTADURIA PUBLICA Y FINANZAS INTERNACIONALES,Pregrado,Universitario,PROFESIONAL
CREACIÓN,Pregrado,Universitario,PROFESIONAL
CREACIÓN AUDIOVISUAL,Pregrado,Universitario,PROFESIONAL
CREACIÓN AUDIOVISUAL Y MULTIMEDIA,Pregrado,Universitario,PROFESIONAL
Creación de Contenidos Digitales,Pregrado,Universitario,PROFESIONAL
Creación Digital,Pregrado,Universitario,PROFESIONAL
CREACIÓN ESCÉNICA,Pregrado,Universitario,PROFESIONAL
CREACION LITERARIA,Pregrado,Universitario,PROFESIONAL
Creatividad Publicitaria,Pregrado,Universitario,PROFESIONAL
CRIMINALISTICA,Pregrado,Universitario,PROFESIONAL
"CULTURA FISICA, DEPORTE Y RECREACION",Pregrado,Universitario,PROFESIONAL
CULTURA FISICA Y DEPORTE,Pregrado,Universitario,PROFESIONAL
DANZA,Pregrado,Universitario,PROFESIONAL
DANZA Y DIRECCION COREOGRAFICA,Pregrado,Universitario,PROFESIONAL
DANZA Y PERFORMANCE,Pregrado,Universitario,PROFESIONAL
DEPORTE,Pregrado,Universitario,PROFESIONAL
DEPORTE Y CULTURA FÍSICA,Pregrado,Universitario,PROFESIONAL
DERECHO,Pregrado,Universitario,PROFESIONAL
DERECHO PROPIO INTERCULTURAL,Pregrado,Universitario,PROFESIONAL
DERECHO Y CIENCIAS POLITICAS,Pregrado,Universitario,PROFESIONAL
DESARROLLO FAMILIAR,Pregrado,Universitario,PROFESIONAL
DESARROLLO TERRITORIAL,Pregrado,Universitario,PROFESIONAL
DESARROLLO TERRITORIAL Y CONSTRUCCIÓN DE PAZ,Pregrado,Universitario,PROFESIONAL
Digital Business Analytics,Pregrado,Universitario,PROFESIONAL
DIRECCION DE BANDA,Pregrado,Universitario,PROFESIONAL
DIRECCIÓN TECNICA DE FÚTBOL,Pregrado,Universitario,PROFESIONAL
DIRECCION Y PRODUCCION DE CINE Y TELEVISION,Pregrado,Universitario,PROFESIONAL
DIRECCION  Y PRODUCCION DE MEDIOS AUDIOVISUALES,Pregrado,Universitario,PROFESIONAL
DISE¿O DE ESPACIOS - ESCENARIO,Pregrado,Universitario,PROFESIONAL
DISE¿O DE MODAS,Pregrado,Universitario,PROFESIONAL
DISE¿O GRAFICO,Pregrado,Universitario,PROFESIONAL
DISE¿O INDUSTRIAL,Pregrado,Universitario,PROFESIONAL
DISEÑO,Pregrado,Universitario,PROFESIONAL
Diseño Audiovisual,Pregrado,Universitario,PROFESIONAL
DISEÑO CROSSMEDIA,Pregrado,Universitario,PROFESIONAL
DISEÑO DE COMUNICACIÓN,Pregrado,Universitario,PROFESIONAL
DISEÑO DE COMUNICACIÓN GRAFICA,Pregrado,Universitario,PROFESIONAL
DISEÑO DE COMUNICACIÓN VISUAL,Pregrado,Universitario,PROFESIONAL
DISEÑO DE COMUNICACIÓN VISUAL Y NARRATIVAS DIGITALES,Pregrado,Universitario,PROFESIONAL
DISEÑO DE ESPACIOS,Pregrado,Universitario,PROFESIONAL
Diseño de Espacios y Entornos Virtuales,Pregrado,Universitario,PROFESIONAL
DISEÑO DE ESPACIOS Y ESCENARIOS,Pregrado,Universitario,PROFESIONAL
Diseño de Experiencias Interactivas,Pregrado,Universitario,PROFESIONAL
DISEÑO DE INTERACCIÓN,Pregrado,Universitario,PROFESIONAL
DISEÑO DE LA COMUNICACION GRAFICA,Pregrado,Universitario,PROFESIONAL
DISEÑO DE MEDIOS  INTERACTIVOS,Pregrado,Universitario,PROFESIONAL
DISEÑO DE MODA,Pregrado,Universitario,PROFESIONAL
DISEÑO DE MODAS,Pregrado,Universitario,PROFESIONAL
DISEÑO DE PRODUCTO,Pregrado,Universitario,PROFESIONAL
DISEÑO DE VESTUARIO,Pregrado,Universitario,PROFESIONAL
DISEÑO DIGITAL,Pregrado,Universitario,PROFESIONAL
DISEÑO DIGITAL Y MULTIMEDIA,Pregrado,Universitario,PROFESIONAL
DISEÑO E INNOVACIÓN,Pregrado,Universitario,PROFESIONAL
DISEÑO ESTRATÉGICO,Pregrado,Universitario,PROFESIONAL
DISENO GRAFICO,Pregrado,Universitario,PROFESIONAL
Diseño Gráfico Digital,Pregrado,Universitario,PROFESIONAL
Diseño Gráfico y Multimedia,Pregrado,Universitario,PROFESIONAL
DISEÑO HIPERMEDIA,Pregrado,Universitario,PROFESIONAL
DISEÑO INDUSTRIAL,Pregrado,Universitario,PROFESIONAL
DISEÑO INTERACTIVO,Pregrado,Universitario,PROFESIONAL
Diseño Interactivo y Multimedia,Pregrado,Universitario,PROFESIONAL
DISEÑO INTERIOR,Pregrado,Universitario,PROFESIONAL
Diseño para la Comunicación Interactiva,Pregrado,Universitario,PROFESIONAL
DISEÑO URBANO Y GESTIÓN DEL HÁBITAT,Pregrado,Universitario,PROFESIONAL
DISEÑO VISUAL,Pregrado,Universitario,PROFESIONAL
DISEÑO VISUAL DIGITAL,Pregrado,Universitario,PROFESIONAL
DISEÑO VISUAL ESTRATÉGICO,Pregrado,Universitario,PROFESIONAL
DISEÑO Y ADMINISTRACIÓN DE NEGOCIOS DE LA MODA,Pregrado,Universitario,PROFESIONAL
DISEÑO Y GESTIÓN ARTESANAL,Pregrado,Universitario,PROFESIONAL
DISEÑO Y GESTIÓN DE ESPACIOS,Pregrado,Universitario,PROFESIONAL
DISEÑO Y GESTIÓN DE LA MODA,Pregrado,Universitario,PROFESIONAL
DISEÑO Y GESTIÓN DE LA MODA Y EL TEXTIL,Pregrado,Universitario,PROFESIONAL
ECOLOGIA,Pregrado,Universitario,PROFESIONAL
ECOLOGÍA DE ZONAS COSTERAS,Pregrado,Universitario,PROFESIONAL
ECONOMIA,Pregrado,Universitario,PROFESIONAL
ECONOMÍA PÚBLICA,Pregrado,Universitario,PROFESIONAL
ECONOMÍA Y FINANZAS,Pregrado,Universitario,PROFESIONAL
ECONOMIA Y FINANZAS INTERNACIONALES,Pregrado,Universitario,PROFESIONAL
ECONOMIA Y NEGOCIOS INTERNACIONALES,Pregrado,Universitario,PROFESIONAL
EDUCACIÓN  FÍSICA  MILITAR.,Pregrado,Universitario,PROFESIONAL
ENFERMERIA,Pregrado,Universitario,PROFESIONAL
ENTRENAMIENTO DEPORTIVO,Pregrado,Universitario,PROFESIONAL
Español como Lengua Extranjera,Pregrado,Universitario,PROFESIONAL
ESPAÑOL Y FILOLOGIA CLASICA,Pregrado,Universitario,PROFESIONAL
Especialización en Gerencia de Proyectos,Pregrado,Universitario,PROFESIONAL
"Especialización en Gerencia de riesgos  laborales ,seguridad y  salud  en el  trabajo",Pregrado,Universitario,PROFESIONAL
ESPECIALIZACIÓN EN GERENCIA EDUCATIVA,Pregrado,Universitario,PROFESIONAL
Especialización en Inteligencia de Negocios y Analítica de Datos,Pregrado,Universitario,PROFESIONAL
Esports Management,Pregrado,Universitario,PROFESIONAL
ESTADISTICA,Pregrado,Universitario,PROFESIONAL
Estadística y Ciencia de Datos,Pregrado,Universitario,PROFESIONAL
ESTADISTICA Y CIENCIAS ACTUARIALES,Pregrado,Universitario,PROFESIONAL
ESTUDIOS EN FILOSOFIA,Pregrado,Universitario,PROFESIONAL
ESTUDIOS GLOBALES,Pregrado,Universitario,PROFESIONAL
ESTUDIOS LITERARIOS,Pregrado,Universitario,PROFESIONAL
ESTUDIOS LITERARIOS Y EDICIÓN,Pregrado,Universitario,PROFESIONAL
ESTUDIOS MUSICALES,Pregrado,Universitario,PROFESIONAL
ESTUDIOS POLÍTICOS,Pregrado,Universitario,PROFESIONAL
ESTUDIOS POLITICOS Y RESOLUCION DE CONFLICTOS,Pregrado,Universitario,PROFESIONAL
ESTUDIOS Y GESTION CULTURAL,Pregrado,Universitario,PROFESIONAL
FARMACIA,Pregrado,Universitario,PROFESIONAL
FILOLOGIA E IDIOMAS,Pregrado,Universitario,PROFESIONAL
FILOLOGIA HISPANICA,Pregrado,Universitario,PROFESIONAL
FILOSOFIA,Pregrado,Universitario,PROFESIONAL
FILOSOFIA Y HUMANIDADES,Pregrado,Universitario,PROFESIONAL
FILOSOFIA Y LETRAS,Pregrado,Universitario,PROFESIONAL
FINANZAS,Pregrado,Universitario,PROFESIONAL
"FINANZAS, FINTECH Y COMERCIO EXTERIOR",Pregrado,Universitario,PROFESIONAL
FINANZAS Y BANCA,Pregrado,Universitario,PROFESIONAL
FINANZAS Y BANCAS,Pregrado,Universitario,PROFESIONAL
FINANZAS Y COMERCIO EXTERIOR,Pregrado,Universitario,PROFESIONAL
FINANZAS Y COMERCIO INTERNACIONAL,Pregrado,Universitario,PROFESIONAL
FINANZAS Y NEGOCIOS INTERNACIONALES,Pregrado,Universitario,PROFESIONAL
FINANZAS Y RELACIONES INTERNACIONALES,Pregrado,Universitario,PROFESIONAL
FISICA,Pregrado,Universitario,PROFESIONAL
FÍSICA COMPUTACIONAL,Pregrado,Universitario,PROFESIONAL
FISIOTERAPIA,Pregrado,Universitario,PROFESIONAL
FONOAUDIOLOGIA,Pregrado,Universitario,PROFESIONAL
FORMACION DE EMPRESARIOS,Pregrado,Universitario,PROFESIONAL
FORMACION MUSICAL,Pregrado,Universitario,PROFESIONAL
FOTOGRAFIA,Pregrado,Universitario,PROFESIONAL
FOTOGRAFÍA PARA MEDIOS,Pregrado,Universitario,PROFESIONAL
FOTOGRAFÍA Y COMUNICACIÓN VISUAL,Pregrado,Universitario,PROFESIONAL
GASTRONOMIA,Pregrado,Universitario,PROFESIONAL
GASTRONOMÍA Y ARTES CULINARIAS,Pregrado,Universitario,PROFESIONAL
GASTRONOMIA Y COCINA PROFESIONAL,Pregrado,Universitario,PROFESIONAL
Genética,Pregrado,Universitario,PROFESIONAL
GEOCIENCIAS,Pregrado,Universitario,PROFESIONAL
GEOGRAFIA,Pregrado,Universitario,PROFESIONAL
GEOGRAFIA DEL DESARROLLO REGIONAL Y AMBIENTAL,Pregrado,Universitario,PROFESIONAL
GEOLOGIA,Pregrado,Universitario,PROFESIONAL
GEOMÁTICA,Pregrado,Universitario,PROFESIONAL
GEOPOLÍTICA,Pregrado,Universitario,PROFESIONAL
GERENCIA DE LA SEGURIDAD Y ANALISIS SOCIO POLITICO,Pregrado,Universitario,PROFESIONAL
GERENCIA EN SISTEMAS DE INFORMACION EN SALUD,Pregrado,Universitario,PROFESIONAL
GERONTOLOGIA,Pregrado,Universitario,PROFESIONAL
Gestión Ambiental,Pregrado,Universitario,PROFESIONAL
GESTIÓN CULTURAL,Pregrado,Universitario,PROFESIONAL
GESTION CULTURAL Y COMUNICATIVA,Pregrado,Universitario,PROFESIONAL
GESTIÓN CULTURAL Y DE INDUSTRIAS CREATIVAS,Pregrado,Universitario,PROFESIONAL
GESTIÓN DE LA SEGURIDAD Y LA SALUD LABORAL,Pregrado,Universitario,PROFESIONAL
GESTIÓN DEL EMPRENDIMIENTO Y LA INNOVACIÓN,Pregrado,Universitario,PROFESIONAL
GESTION DEPORTIVA,Pregrado,Universitario,PROFESIONAL
GESTION EMPRESARIAL,Pregrado,Universitario,PROFESIONAL
GESTIÓN EN ECOLOGÍA Y TURISMO,Pregrado,Universitario,PROFESIONAL
Gestión Territorial Intercultural,Pregrado,Universitario,PROFESIONAL
GESTION Y DESARROLLO URBANOS,Pregrado,Universitario,PROFESIONAL
GLOBAL MANAGEMENT,Pregrado,Universitario,PROFESIONAL
GOBIERNO Y ASUNTOS PUBLICOS,Pregrado,Universitario,PROFESIONAL
GOBIERNO Y RELACIONES  INTERNACIONALES,Pregrado,Universitario,PROFESIONAL
HISTORIA,Pregrado,Universitario,PROFESIONAL
HISTORIA DEL ARTE,Pregrado,Universitario,PROFESIONAL
HISTORIA Y ARCHIVISTICA,Pregrado,Universitario,PROFESIONAL
HISTORIA Y GESTIÓN POLÍTICA,Pregrado,Universitario,PROFESIONAL
HISTORIA Y PATRIMONIO,Pregrado,Universitario,PROFESIONAL
HOTELERIA Y TURISMO,Pregrado,Universitario,PROFESIONAL
INGENERIA CIVIL,Pregrado,Universitario,PROFESIONAL
INGENIER¿A AGRON¿MICA,Pregrado,Universitario,PROFESIONAL
INGENIER¿A CIVIL ARTICULADO POR CICLOS PROPED¿UTICOS CON EL PROGRAMA DE TECNOLOG¿A EN CONSTRUCCIONES CIVILES,Pregrado,Universitario,PROFESIONAL
INGENIERIA ADMINISTRATIVA,Pregrado,Universitario,PROFESIONAL
INGENIERÍA AEROESPACIAL,Pregrado,Universitario,PROFESIONAL
INGENIERIA AERONAUTICA,Pregrado,Universitario,PROFESIONAL
INGENIERIA AGRICOLA,Pregrado,Universitario,PROFESIONAL
INGENIERÍA AGROALIMENTARIA,Pregrado,Universitario,PROFESIONAL
INGENIERÍA AGROAMBIENTAL,Pregrado,Universitario,PROFESIONAL
INGENIERIA AGROECOLOGICA,Pregrado,Universitario,PROFESIONAL
INGENIERIA AGROFORESTAL,Pregrado,Universitario,PROFESIONAL
INGENIERIA AGROINDUSTRIAL,Pregrado,Universitario,PROFESIONAL
INGENIERIA AGRONOMICA,Pregrado,Universitario,PROFESIONAL
INGENIERIA AGROPECUARIA,Pregrado,Universitario,PROFESIONAL
INGENIERIA  AMBIENTAL,Pregrado,Universitario,PROFESIONAL
INGENIERIA AMBIENTAL Y DE SANEAMIENTO,Pregrado,Universitario,PROFESIONAL
INGENIERIA AMBIENTAL Y SANITARIA,Pregrado,Universitario,PROFESIONAL
INGENIERIA BIOLOGICA,Pregrado,Universitario,PROFESIONAL
INGENIERIA BIOMEDICA,Pregrado,Universitario,PROFESIONAL
INGENIERÍA BIOQUÍMICA,Pregrado,Universitario,PROFESIONAL
INGENIERIA BIOTECNOLOGICA,Pregrado,Universitario,PROFESIONAL
INGENIERIA CATASTRAL Y GEODESIA,Pregrado,Universitario,PROFESIONAL
INGENIERIA  CIVIL,Pregrado,Universitario,PROFESIONAL
INGENIERÍA CIVIL (POR CICLOS PROPEDEÚTICOS),Pregrado,Universitario,PROFESIONAL
INGENIERIA COMERCIAL,Pregrado,Universitario,PROFESIONAL
INGENIERIA DE ALIMENTOS,Pregrado,Universitario,PROFESIONAL
INGENIERÍA DE BIOPRODUCCIÓN,Pregrado,Universitario,PROFESIONAL
INGENIERÍA DE CIBERSEGURIDAD,Pregrado,Universitario,PROFESIONAL
Ingeniería de Ciencias de Datos e Inteligencia Artificial,Pregrado,Universitario,PROFESIONAL
Ingeniería de Construcción,Pregrado,Universitario,PROFESIONAL
INGENIERIA DE CONTROL,Pregrado,Universitario,PROFESIONAL
Ingeniería de Datos,Pregrado,Universitario,PROFESIONAL
INGENIERÍA DE DATOS E INTELIGENCIA ARTIFCIAL,Pregrado,Universitario,PROFESIONAL
INGENIERÍA DE DATOS E INTELIGENCIA ARTIFICIAL,Pregrado,Universitario,PROFESIONAL
INGENIERÍA DE DATOS Y SOFTWARE,Pregrado,Universitario,PROFESIONAL
INGENIERIA DE DISEÑO DE PRODUCTO,Pregrado,Universitario,PROFESIONAL
Ingeniería de Diseño e Innovación,Pregrado,Universitario,PROFESIONAL
INGENIERÍA DE INTELIGENCIA ARTIFICIAL,Pregrado,Universitario,PROFESIONAL
INGENIERÍA DE LA CALIDAD,Pregrado,Universitario,PROFESIONAL
Ingeniería de la Construcción,Pregrado,Universitario,PROFESIONAL
INGENIERÍA DE LAS ARTES DIGITALES,Pregrado,Universitario,PROFESIONAL
INGENIERIA DE MANTENIMIENTO,Pregrado,Universitario,PROFESIONAL
INGENIERÍA DE MANUFACTURA,Pregrado,Universitario,PROFESIONAL
INGENIERIA DE MATERIALES,Pregrado,Universitario,PROFESIONAL
INGENIERIA DE MERCADOS,Pregrado,Universitario,PROFESIONAL
INGENIERIA DE MINAS,Pregrado,Universitario,PROFESIONAL
INGENIERIA DE MINAS Y METALURGIA,Pregrado,Universitario,PROFESIONAL
INGENIERÍA DE PETRÓLEO Y GAS,Pregrado,Universitario,PROFESIONAL
INGENIERIA DE PETROLEOS,Pregrado,Universitario,PROFESIONAL
INGENIERIA DE PETROLEOS Y RECURSOS DEL SUBSUELO,Pregrado,Universitario,PROFESIONAL
INGENIERÍA DE POLÍMEROS,Pregrado,Universitario,PROFESIONAL
INGENIERIA DE PROCESOS,Pregrado,Universitario,PROFESIONAL
INGENIERÍA DE PROCESOS DE REFINACIÓN Y PETROQUÍMICOS,Pregrado,Universitario,PROFESIONAL
INGENIERIA DE PROCESOS INDUSTRIALES,Pregrado,Universitario,PROFESIONAL
INGENIERIA DE PRODUCCION,Pregrado,Universitario,PROFESIONAL
INGENIERIA DE PRODUCTIVIDAD Y CALIDAD,Pregrado,Universitario,PROFESIONAL
INGENIERIA DE SISTEMAS,Pregrado,Universitario,PROFESIONAL
INGENIERIA DE SISTEMAS CIBERNETICOS,Pregrado,Universitario,PROFESIONAL
INGENIERIA DE SISTEMAS DE INFORMACION,Pregrado,Universitario,PROFESIONAL
INGENIERIA DE SISTEMAS E INFORMATICA,Pregrado,Universitario,PROFESIONAL
INGENIERÍA DE SISTEMAS ENERGÉTICOS,Pregrado,Universitario,PROFESIONAL
INGENIERIA DE SISTEMAS Y COMPUTACION,Pregrado,Universitario,PROFESIONAL
INGENIERIA DE SISTEMAS Y TELECOMUNICACIONES,Pregrado,Universitario,PROFESIONAL
INGENIERIA DE SOFTWARE,Pregrado,Universitario,PROFESIONAL
INGENIERIA DE SOFTWARE Y COMPUTACIÓN,Pregrado,Universitario,PROFESIONAL
Ingeniería de Software y Datos,Pregrado,Universitario,PROFESIONAL
INGENIERIA DE SONIDO,Pregrado,Universitario,PROFESIONAL
INGENIERIA DE TELECOMUNICACIONES,Pregrado,Universitario,PROFESIONAL
INGENIERIA DE TELECOMUNICACIONES E INFORMÁTICA,Pregrado,Universitario,PROFESIONAL
INGENIERIA DE TRANSPORTE Y VIAS,Pregrado,Universitario,PROFESIONAL
Ingeniería del Agua y Desarrollo Sostenible,Pregrado,Universitario,PROFESIONAL
INGENIERÍA DEL CAFÉ,Pregrado,Universitario,PROFESIONAL
INGENIERIA ELECTRICA,Pregrado,Universitario,PROFESIONAL
INGENIERIA ELECTRICA POR CICLOS PROPEDEUTICOS.,Pregrado,Universitario,PROFESIONAL
INGENIERIA ELECTROMECANICA,Pregrado,Universitario,PROFESIONAL
INGENIERIA ELECTRONICA,Pregrado,Universitario,PROFESIONAL
Ingeniería electrónica y sistemas inteligentes,Pregrado,Universitario,PROFESIONAL
INGENIERIA ELECTRONICA Y TELECOMUNICACIONES,Pregrado,Universitario,PROFESIONAL
INGENIERÍA EN AGROECOLOGÍA,Pregrado,Universitario,PROFESIONAL
INGENIERÍA EN AGROINDUSTRIA,Pregrado,Universitario,PROFESIONAL
INGENIERIA EN AGRONEGOCIOS,Pregrado,Universitario,PROFESIONAL
INGENIERIA EN ANALÍTICA DE DATOS,Pregrado,Universitario,PROFESIONAL
INGENIERIA EN AUTOMATICA INDUSTRIAL,Pregrado,Universitario,PROFESIONAL
INGENIERÍA EN AUTOMATIZACIÓN,Pregrado,Universitario,PROFESIONAL
INGENIERIA EN AUTOMATIZACIÓN Y CONTROL,Pregrado,Universitario,PROFESIONAL
INGENIERÍA EN BIOTECNOLOGÍA,Pregrado,Universitario,PROFESIONAL
Ingeniería en Ciberseguridad,Pregrado,Universitario,PROFESIONAL
INGENIERÍA EN CIBERSEGURIDAD Y GESTIÓN DE RIESGOS DIGITALES,Pregrado,Universitario,PROFESIONAL
INGENIERIA EN CIENCIA DE DATOS,Pregrado,Universitario,PROFESIONAL
INGENIERIA EN CIENCIA DE DATOS E INTELIGENCIA DE NEGOCIOS,Pregrado,Universitario,PROFESIONAL
Ingeniería en Ciencias de la Computación e Inteligencia Artificial,Pregrado,Universitario,PROFESIONAL
INGENIERÍA EN CONSTRUCCIÓN,Pregrado,Universitario,PROFESIONAL
INGENIERIA EN CONTROL Y AUTOMATIZACIÓN,Pregrado,Universitario,PROFESIONAL
INGENIERIA EN CONTROL Y AUTOMATIZACION INDUSTRIAL,Pregrado,Universitario,PROFESIONAL
Ingeniería en Desarrollo de Videojuegos,Pregrado,Universitario,PROFESIONAL
Ingeniería en Desarrollo Territorial,Pregrado,Universitario,PROFESIONAL
INGENIERÍA EN DISEÑO DE ENTRETENIMIENTO DIGITAL,Pregrado,Universitario,PROFESIONAL
INGENIERIA EN ENERGIA,Pregrado,Universitario,PROFESIONAL
Ingeniería en Energía Inteligente,Pregrado,Universitario,PROFESIONAL
Ingeniería en Energía y Sostenibilidad,Pregrado,Universitario,PROFESIONAL
INGENIERIA EN ENERGIAS,Pregrado,Universitario,PROFESIONAL
INGENIERIA EN ENERGIAS RENOVABLES,Pregrado,Universitario,PROFESIONAL
Ingeniería en Energías Renovables y Sustentabilidad Ambiental,Pregrado,Universitario,PROFESIONAL
Ingeniería en Estadística y Ciencia de Datos,Pregrado,Universitario,PROFESIONAL
INGENIERIA EN INFORMATICA,Pregrado,Universitario,PROFESIONAL
INGENIERÍA EN INTELIGENCIA ARTIFICIAL,Pregrado,Universitario,PROFESIONAL
INGENIERÍA EN INTELIGENCIA ARTIFICIAL Y CIENCIA DE DATOS,Pregrado,Universitario,PROFESIONAL
INGENIERÍA EN INTELIGENCIA DE NEGOCIOS,Pregrado,Universitario,PROFESIONAL
INGENIERÍA EN LOGÍSTICA,Pregrado,Universitario,PROFESIONAL
INGENIERÍA EN LOGISTICA Y OPERACIONES,Pregrado,Universitario,PROFESIONAL
INGENIERIA EN MECATRONICA,Pregrado,Universitario,PROFESIONAL
INGENIERIA EN MULTIMEDIA,Pregrado,Universitario,PROFESIONAL
INGENIERÍA EN NANOTECNOLOGÍA,Pregrado,Universitario,PROFESIONAL
INGENIERÍA EN PROCESOS AGROINDUSTRIALES,Pregrado,Universitario,PROFESIONAL
INGENIERÍA EN PROCESOS SOSTENIBLES DE LAS MADERAS,Pregrado,Universitario,PROFESIONAL
INGENIERIA EN PRODUCCION ACUICOLA,Pregrado,Universitario,PROFESIONAL
INGENIERÍA EN REDES Y TELECOMUNICACIONES,Pregrado,Universitario,PROFESIONAL
Ingeniería en Robótica y Automatización,Pregrado,Universitario,PROFESIONAL
INGENIERIA EN SEGURIDAD DE LA INFORMACION,Pregrado,Universitario,PROFESIONAL
INGENIERIA EN SEGURIDAD INDUSTRIAL E HIGIENE OCUPACIONAL,Pregrado,Universitario,PROFESIONAL
INGENIERIA EN SEGURIDAD Y SALUD EN EL TRABAJO,Pregrado,Universitario,PROFESIONAL
INGENIERIA EN SEGURIDAD Y SALUD PARA EL TRABAJO,Pregrado,Universitario,PROFESIONAL
INGENIERIA EN SISTEMAS AEROESPACIALES,Pregrado,Universitario,PROFESIONAL
Ingeniería en Sistemas de Software e Inteligencia Artificial,Pregrado,Universitario,PROFESIONAL
INGENIERÍA EN SISTEMAS DE TRANSPORTE,Pregrado,Universitario,PROFESIONAL
INGENIERÍA EN SOFTWARE,Pregrado,Universitario,PROFESIONAL
Ingeniería en Tecnologías de la Información y Comunicaciones,Pregrado,Universitario,PROFESIONAL
INGENIERÍA EN TECNOLOGÍAS DE LA INFORMACIÓN Y LAS COMUNICACIONES,Pregrado,Universitario,PROFESIONAL
INGENIERIA EN  TELECOMUNICACIONES,Pregrado,Universitario,PROFESIONAL
INGENIERIA EN TELEM¿TICA,Pregrado,Universitario,PROFESIONAL
INGENIERIA EN TOPOGRAFIA,Pregrado,Universitario,PROFESIONAL
INGENIERÍA ENERGÉTICA,Pregrado,Universitario,PROFESIONAL
INGENIERÍA ESTADÍSTICA,Pregrado,Universitario,PROFESIONAL
INGENIERIA FINANCIERA,Pregrado,Universitario,PROFESIONAL
INGENIERÍA FINANCIERA Y DE RIESGO,Pregrado,Universitario,PROFESIONAL
INGENIERIA FISICA,Pregrado,Universitario,PROFESIONAL
INGENIERIA FORESTAL,Pregrado,Universitario,PROFESIONAL
Ingeniería Forestal y del Medio Natural,Pregrado,Universitario,PROFESIONAL
INGENIERIA GEOGRAFICA Y AMBIENTAL,Pregrado,Universitario,PROFESIONAL
INGENIERIA GEOLOGICA,Pregrado,Universitario,PROFESIONAL
INGENIERIA GEOMATICA,Pregrado,Universitario,PROFESIONAL
INGENIERIA INDUSTRIAL,Pregrado,Universitario,PROFESIONAL
INGENIERIA INFORMATICA,Pregrado,Universitario,PROFESIONAL
INGENIERÍA LOGÍSTICA,Pregrado,Universitario,PROFESIONAL
INGENIERIA MARINO-COSTERA,Pregrado,Universitario,PROFESIONAL
INGENIERIA MATEMATICA,Pregrado,Universitario,PROFESIONAL
INGENIERIA MECANICA,Pregrado,Universitario,PROFESIONAL
INGENIERIA MECATRONICA,Pregrado,Universitario,PROFESIONAL
INGENIERIA MECATRONICO,Pregrado,Universitario,PROFESIONAL
INGENIERIA METALURGICA,Pregrado,Universitario,PROFESIONAL
INGENIERIA MULTIMEDIA,Pregrado,Universitario,PROFESIONAL
INGENIERIA NAVAL,Pregrado,Universitario,PROFESIONAL
INGENIERÍA OCEANOGRÁFICA,Pregrado,Universitario,PROFESIONAL
INGENIERIA PESQUERA,Pregrado,Universitario,PROFESIONAL
INGENIERÍA PETROQUÍMICA,Pregrado,Universitario,PROFESIONAL
INGENIERIA QUIMICA,Pregrado,Universitario,PROFESIONAL
INGENIERÍA ROBÓTICA,Pregrado,Universitario,PROFESIONAL
INGENIERIA SANITARIA,Pregrado,Universitario,PROFESIONAL
INGENIERIA SANITARIA Y AMBIENTAL,Pregrado,Universitario,PROFESIONAL
INGENIERÍA SOFTWARE,Pregrado,Universitario,PROFESIONAL
INGENIERIA TELEMÁTICA,Pregrado,Universitario,PROFESIONAL
INGENIERIA TOPOGRAFICA,Pregrado,Universitario,PROFESIONAL
INGENIERÍA TOPOGRÁFICA Y GEOMÁTICA,Pregrado,Universitario,PROFESIONAL
INGENIERÍA URBANA,Pregrado,Universitario,PROFESIONAL
INGENIIERIA DE SOFTWARE,Pregrado,Universitario,PROFESIONAL
INNOVACIÓN Y ECONOMÍA DE DATOS,Pregrado,Universitario,PROFESIONAL
INSTRUMENTACION QUIRURGICA,Pregrado,Universitario,PROFESIONAL
INTELIGENCIA DE NEGOCIOS,Pregrado,Universitario,PROFESIONAL
Inteligencia de Negocios y Analítica de Datos,Pregrado,Universitario,PROFESIONAL
Interpretación de Lengua de Señas Colombiana - Español,Pregrado,Universitario,PROFESIONAL
INTERPRETACION MUSICAL,Pregrado,Universitario,PROFESIONAL
INTERPRETACIÓN PARA SORDOS Y GUÍA-INTERPRETACIÓN PARA SORDOCIEGOS,Pregrado,Universitario,PROFESIONAL
INTERPRETACIÓN Y TRADUCCIÓN LENGUA DE SEÑAS COLOMBIANA - ESPAÑOL,Pregrado,Universitario,PROFESIONAL
INTÉRPRETE PROFESIONAL DE LA LENGUA DE SEÑAS COLOMBIANA,Pregrado,Universitario,PROFESIONAL
INVESTIGACIÓN CRIMINAL,Pregrado,Universitario,PROFESIONAL
Investigación Criminalística y Judicial,Pregrado,Universitario,PROFESIONAL
JURISPRUDENCIA,Pregrado,Universitario,PROFESIONAL
LENGUAS MODERNAS,Pregrado,Universitario,PROFESIONAL
LENGUAS MODERNAS Y CULTURA,Pregrado,Universitario,PROFESIONAL
LENGUAS Y CULTURA,Pregrado,Universitario,PROFESIONAL
LICENCIATURA DIGITAL EN HUMANIDADES CLÁSICAS Y LENGUA CASTELLANA,Pregrado,Universitario,PROFESIONAL
LICENCIATURA EDUCACIÓN INFANTIL,Pregrado,Universitario,PROFESIONAL
LICENCIATURA EN ARTE DRAMATICO,Pregrado,Universitario,PROFESIONAL
LICENCIATURA EN ARTES,Pregrado,Universitario,PROFESIONAL
LICENCIATURA EN ARTES ESCENICAS,Pregrado,Universitario,PROFESIONAL
LICENCIATURA EN ARTES PLASTICAS,Pregrado,Universitario,PROFESIONAL
LICENCIATURA EN ARTES PLÁSTICAS Y VISUALES POPULARES,Pregrado,Universitario,PROFESIONAL
LICENCIATURA EN ARTES VISUALES,Pregrado,Universitario,PROFESIONAL
LICENCIATURA EN BILINGÜISMO CON ÉNFASIS EN ESPAÑOL E INGLES,Pregrado,Universitario,PROFESIONAL
LICENCIATURA EN BILINGÜISMO CON ENFASIS EN INGLES,Pregrado,Universitario,PROFESIONAL
LICENCIATURA EN BILINGÜISMO CON ÉNFASIS EN INGLÉS Y ESPAÑOL,Pregrado,Universitario,PROFESIONAL
LICENCIATURA EN BILINGÜISMO CON ENFASIS EN LA ENSEÑANZA DEL INGLÉS,Pregrado,Universitario,PROFESIONAL
LICENCIATURA EN BILINGÜISMO: ESPAÑOL E INGLÉS,Pregrado,Universitario,PROFESIONAL
LICENCIATURA EN BIOLOGIA,Pregrado,Universitario,PROFESIONAL
Licenciatura en Biología y Educación Ambiental,Pregrado,Universitario,PROFESIONAL
LICENCIATURA EN CIENCIAS DEL DEPORTE Y LA EDUCACION FISICA,Pregrado,Universitario,PROFESIONAL
LICENCIATURA EN CIENCIAS NATURALES,Pregrado,Universitario,PROFESIONAL
LICENCIATURA EN CIENCIAS NATURALES Y EDUCACION AMBIENTAL,Pregrado,Universitario,PROFESIONAL
LICENCIATURA  EN  CIENCIAS  SOCIALES,Pregrado,Universitario,PROFESIONAL
Licenciatura en Ciencias Sociales con énfasis en Historia,Pregrado,Universitario,PROFESIONAL
LICENCIATURA EN CIENCIAS SOCIALES Y DESARROLLO LOCAL,Pregrado,Universitario,PROFESIONAL
LICENCIATURA EN DANZA,Pregrado,Universitario,PROFESIONAL
LICENCIATURA EN DEPORTE,Pregrado,Universitario,PROFESIONAL
LICENCIATURA EN DISE¿O TECNOLOGICO,Pregrado,Universitario,PROFESIONAL
Licenciatura en Diseño Tecnológico,Pregrado,Universitario,PROFESIONAL
LICENCIATURA EN EDUCACION ARTISTICA,Pregrado,Universitario,PROFESIONAL
LICENCIATURA EN EDUCACION ARTISTICA Y CULTURAL,Pregrado,Universitario,PROFESIONAL
LICENCIATURA EN EDUCACIóN BáSICA CON ENFASIS EN EDUCACION ARTISTICA,Pregrado,Universitario,PROFESIONAL
"LICENCIATURA EN EDUCACION BASICA CON ENFASIS EN EDUCACION FISICA, RECREACION Y DEPORTES",Pregrado,Universitario,PROFESIONAL
LICENCIATURA EN EDUCACIÒN BÀSICA CON ENFASIS EN HUMANIDADES Y LENGUA CASTELLANA,Pregrado,Universitario,PROFESIONAL
Licenciatura en Educación Básica Modelos Educativos Flexibles,Pregrado,Universitario,PROFESIONAL
LICENCIATURA EN EDUCACIÓN BÁSICA PRIMARIA,Pregrado,Universitario,PROFESIONAL
Licenciatura en Educación Básica Primaria con Énfasis en Diversidad,Pregrado,Universitario,PROFESIONAL
LICENCIATURA EN EDUCACIÓN BÁSICA PRIMARIA CON ÉNFASIS EN INGLÉS,Pregrado,Universitario,PROFESIONAL
LICENCIATURA EN EDUCACION BILINGUE,Pregrado,Universitario,PROFESIONAL
LICENCIATURA EN EDUCACIÓN CAMPESINA Y RURAL,Pregrado,Universitario,PROFESIONAL
LICENCIATURA EN EDUCACION COMUNITARIA,Pregrado,Universitario,PROFESIONAL
LICENCIATURA EN EDUCACIÓN COMUNITARIA CON ÉNFASIS EN DERECHOS HUMANOS,Pregrado,Universitario,PROFESIONAL
LICENCIATURA EN EDUCACIÓN CON ÉNFASIS EN CIENCIAS SOCIALES Y AMBIENTALES,Pregrado,Universitario,PROFESIONAL
LICENCIATURA EN EDUCACION ESPECIAL,Pregrado,Universitario,PROFESIONAL
LICENCIATURA EN EDUCACION FISICA,Pregrado,Universitario,PROFESIONAL
"LICENCIATURA EN EDUCACIÓN FÍSICA, LÚDICA Y DEPORTE",Pregrado,Universitario,PROFESIONAL
"LICENCIATURA EN EDUCACION  FISICA, RECREACION  Y  DEPORTE",Pregrado,Universitario,PROFESIONAL
"LICENCIATURA EN EDUCACION FISICA, RECREACION Y DEPORTES",Pregrado,Universitario,PROFESIONAL
LICENCIATURA EN EDUCACION FISICA Y DEPORTE,Pregrado,Universitario,PROFESIONAL
LICENCIATURA EN EDUCACION INFANTIL,Pregrado,Universitario,PROFESIONAL
Licenciatura en Educación Infantil Bilingüe,Pregrado,Universitario,PROFESIONAL
LICENCIATURA EN EDUCACIÓN PARA LA PRIMERA INFANCIA,Pregrado,Universitario,PROFESIONAL
LICENCIATURA EN EDUCACION POPULAR,Pregrado,Universitario,PROFESIONAL
LICENCIATURA EN EDUCACIÓN PREESCOLAR,Pregrado,Universitario,PROFESIONAL
LICENCIATURA EN EDUCACION RELIGIOSA,Pregrado,Universitario,PROFESIONAL
LICENCIATURA EN ELECTRONICA,Pregrado,Universitario,PROFESIONAL
LICENCIATURA EN ESPAÑOL E INGLES,Pregrado,Universitario,PROFESIONAL
LICENCIATURA EN ESPAÑOL Y FILOLOGIA,Pregrado,Universitario,PROFESIONAL
Licenciatura en Español y Humanidades,Pregrado,Universitario,PROFESIONAL
LICENCIATURA EN ESPAÑOL Y LENGUAS EXTRANJERAS,Pregrado,Universitario,PROFESIONAL
LICENCIATURA EN ESPAÑOL Y LENGUAS EXTRANJERAS INGLÉS Y FRANCÉS,Pregrado,Universitario,PROFESIONAL
LICENCIATURA EN ESPAÑOL Y LITERATURA,Pregrado,Universitario,PROFESIONAL
LICENCIATURA EN ETNOEDUCACION,Pregrado,Universitario,PROFESIONAL
LICENCIATURA EN ETNOEDUCACIÓN E INTERCULTURALIDAD,Pregrado,Universitario,PROFESIONAL
Licenciatura en Etnoeducación y Ciencias Sociales,Pregrado,Universitario,PROFESIONAL
LICENCIATURA EN ETNOEDUCACION Y DESARROLLO COMUNITARIO,Pregrado,Universitario,PROFESIONAL
Licenciatura en Filología e Idiomas - Inglés,Pregrado,Universitario,PROFESIONAL
LICENCIATURA EN  FILOSOFIA,Pregrado,Universitario,PROFESIONAL
LICENCIATURA EN FILOSOFIA Y LETRAS,Pregrado,Universitario,PROFESIONAL
LICENCIATURA EN FISICA,Pregrado,Universitario,PROFESIONAL
LICENCIATURA EN HISTORIA,Pregrado,Universitario,PROFESIONAL
LICENCIATURA EN HUMANIDADES Y EDUCACIÓN PARA LA PAZ,Pregrado,Universitario,PROFESIONAL
LICENCIATURA  EN HUMANIDADES Y LENGUA CASTELLANA,Pregrado,Universitario,PROFESIONAL
LICENCIATURA EN INFORMATICA,Pregrado,Universitario,PROFESIONAL
LICENCIATURA EN LENGUA CASTELLANA,Pregrado,Universitario,PROFESIONAL
LICENCIATURA EN LENGUA CASTELLANA Y LITERATURA,Pregrado,Universitario,PROFESIONAL
LICENCIATURA EN LENGUA EXTRANJERA INGLES,Pregrado,Universitario,PROFESIONAL
LICENCIATURA EN LENGUAS EXTRANJERAS,Pregrado,Universitario,PROFESIONAL
LICENCIATURA EN LENGUAS EXTRANJERAS  CON ÉNFASIS EN INGLÉS,Pregrado,Universitario,PROFESIONAL
LICENCIATURA EN LENGUAS EXTRANJERAS CON ENFASIS  EN INGLES Y EN FRANCÉS,Pregrado,Universitario,PROFESIONAL
Licenciatura en Lenguas Extranjeras con Énfasis en Inglés y Español,Pregrado,Universitario,PROFESIONAL
LICENCIATURA EN LENGUAS EXTRANJERAS CON ENFASIS EN INGLES Y FRANCES,Pregrado,Universitario,PROFESIONAL
LICENCIATURA EN LENGUAS EXTRANJERAS CON ¿NFASIS EN INGL¿S - FRANC¿S,Pregrado,Universitario,PROFESIONAL
LICENCIATURA EN LENGUAS EXTRANJERAS INGLES,Pregrado,Universitario,PROFESIONAL
LICENCIATURA EN LENGUAS EXTRANJERAS: INGLES-FRANCES,Pregrado,Universitario,PROFESIONAL
LICENCIATURA EN LENGUAS MODERNAS,Pregrado,Universitario,PROFESIONAL
LICENCIATURA EN LENGUAS MODERNAS CON ENFASIS EN INGLES,Pregrado,Universitario,PROFESIONAL
LICENCIATURA EN LENGUAS MODERNAS CON ENFASIS EN INGLES Y FRANCES,Pregrado,Universitario,PROFESIONAL
LICENCIATURA EN LITERATURA,Pregrado,Universitario,PROFESIONAL
LICENCIATURA EN LITERATURA Y LENGUA CASATELLANA,Pregrado,Universitario,PROFESIONAL
LICENCIATURA EN  LITERATURA Y LENGUA CASTELLANA,Pregrado,Universitario,PROFESIONAL
LICENCIATURA  EN MATEMATICAS,Pregrado,Universitario,PROFESIONAL
LICENCIATURA EN MATEMATICAS Y FISICA,Pregrado,Universitario,PROFESIONAL
LICENCIATURA EN MUSICA,Pregrado,Universitario,PROFESIONAL
Licenciatura en Músicas Populares y Tradicionales,Pregrado,Universitario,PROFESIONAL
LICENCIATURA EN PEDAGOGÍA DE ARTES Y SABERES ANCESTRALES,Pregrado,Universitario,PROFESIONAL
LICENCIATURA EN PEDAGOGÍA DE LA MADRE TIERRA,Pregrado,Universitario,PROFESIONAL
LICENCIATURA EN PEDAGOGIA DE LA PRIMERA INFANCIA,Pregrado,Universitario,PROFESIONAL
LICENCIATURA EN PEDAGOGÍA DIGITAL PARA LA PRIMERA INFANCIA,Pregrado,Universitario,PROFESIONAL
LICENCIATURA EN PEDAGOGIA INFANTIL,Pregrado,Universitario,PROFESIONAL
LICENCIATURA EN PEDAGOGÍA PARA LA REVITALIZACIÓN DE LENGUAS ORIGINARIAS,Pregrado,Universitario,PROFESIONAL
LICENCIATURA EN PEDAGOGÍAS COMUNITARIAS,Pregrado,Universitario,PROFESIONAL
LICENCIATURA EN PSICOPEDAGOGIA CON ENFASIS EN ASESORIA EDUCATIVA,Pregrado,Universitario,PROFESIONAL
LICENCIATURA EN QUIMICA,Pregrado,Universitario,PROFESIONAL
LICENCIATURA EN RECREACIÓN,Pregrado,Universitario,PROFESIONAL
LICENCIATURA EN TECNOLOGIA,Pregrado,Universitario,PROFESIONAL
LICENCIATURA EN TECNOLOGIA E INFORMATICA,Pregrado,Universitario,PROFESIONAL
Licenciatura en Tecnología Educativa,Pregrado,Universitario,PROFESIONAL
LICENCIATURA EN TEOLOGIA,Pregrado,Universitario,PROFESIONAL
LICENCIATURA LENGUAS EXTRANJERAS CON ÉNFASIS EN INGLES,Pregrado,Universitario,PROFESIONAL
LINGUISTICA,Pregrado,Universitario,PROFESIONAL
LINGUISTICA Y LITERATURA,Pregrado,Universitario,PROFESIONAL
LITERATURA,Pregrado,Universitario,PROFESIONAL
LOGISTICA EMPRESARIAL,Pregrado,Universitario,PROFESIONAL
LOGÍSTICA Y MERCADEO ORGANIZACIONAL,Pregrado,Universitario,PROFESIONAL
Maestro en Artes Visuales,Pregrado,Universitario,PROFESIONAL
MAESTRO EN MUSICA,Pregrado,Universitario,PROFESIONAL
MARKETING,Pregrado,Universitario,PROFESIONAL
MARKETING DE NEGOCIOS,Pregrado,Universitario,PROFESIONAL
MARKETING DIGITAL,Pregrado,Universitario,PROFESIONAL
MARKETING DIGITAL Y COMUNICACIÓN ESTRATÉGICA,Pregrado,Universitario,PROFESIONAL
MARKETING E INTELIGENCIA DE NEGOCIOS,Pregrado,Universitario,PROFESIONAL
MARKETING INTEGRAL Y NEGOCIOS GLOBALES,Pregrado,Universitario,PROFESIONAL
MARKETING & NEGOCIOS INTERNACIONALES,Pregrado,Universitario,PROFESIONAL
Marketing y Comunicación Digital,Pregrado,Universitario,PROFESIONAL
MARKETING Y NEGOCIOS DIGITALES,Pregrado,Universitario,PROFESIONAL
MARKETING Y NEGOCIOS INTERNACIONALES,Pregrado,Universitario,PROFESIONAL
MARKETING Y PUBLICIDAD,Pregrado,Universitario,PROFESIONAL
MARKETING Y TRANSFORMACIÓN DIGITAL,Pregrado,Universitario,PROFESIONAL
MATEMÁTICA APLICADA,Pregrado,Universitario,PROFESIONAL
MATEMATICAS,Pregrado,Universitario,PROFESIONAL
MATEMÁTICAS APLICADAS EN CIENCIA DE DATOS,Pregrado,Universitario,PROFESIONAL
MATEMÁTICAS APLICADAS Y CIENCIAS DE LA COMPUTACIÓN,Pregrado,Universitario,PROFESIONAL
MATEMÁTICAS APLICADAS Y COMPUTACIONALES,Pregrado,Universitario,PROFESIONAL
MATEMATICAS CON ENFASIS EN ESTADISTICA,Pregrado,Universitario,PROFESIONAL
Matemáticas y Analítica de Datos,Pregrado,Universitario,PROFESIONAL
Matemáticas y Ciencia de Datos,Pregrado,Universitario,PROFESIONAL
MEDICINA,Pregrado,Universitario,PROFESIONAL
MEDICINA VETERIANARIA Y ZOOTECNIA,Pregrado,Universitario,PROFESIONAL
MEDICINA VETERINARIA,Pregrado,Universitario,PROFESIONAL
MEDICINA VETERINARIA Y ZOOTECNIA,Pregrado,Universitario,PROFESIONAL
MERCADEO,Pregrado,Universitario,PROFESIONAL
MERCADEO DIGITAL,Pregrado,Universitario,PROFESIONAL
Mercadeo e Innovación Comercial,Pregrado,Universitario,PROFESIONAL
MERCADEO GLOBAL,Pregrado,Universitario,PROFESIONAL
MERCADEO INTERNACIONAL Y PUBLICIDAD,Pregrado,Universitario,PROFESIONAL
MERCADEO NACIONAL E INTERNACIONAL,Pregrado,Universitario,PROFESIONAL
MERCADEO Y ESTRATEGIA COMERCIAL,Pregrado,Universitario,PROFESIONAL
MERCADEO Y NEGOCIOS INTERNACIONALES,Pregrado,Universitario,PROFESIONAL
MERCADEO Y PUBLICIDAD,Pregrado,Universitario,PROFESIONAL
MERCADEO Y VENTAS,Pregrado,Universitario,PROFESIONAL
MICROBIOLOG¿A Y BIOAN¿LISIS,Pregrado,Universitario,PROFESIONAL
MICROBIOLOGIA,Pregrado,Universitario,PROFESIONAL
MICROBIOLOGIA INDUSTRIAL,Pregrado,Universitario,PROFESIONAL
MICROBIOLOGIA INDUSTRIAL Y AMBIENTAL,Pregrado,Universitario,PROFESIONAL
MICROBIOLOGIA Y BIOANALISIS,Pregrado,Universitario,PROFESIONAL
MUSICA,Pregrado,Universitario,PROFESIONAL
MUSICA- CANTO,Pregrado,Universitario,PROFESIONAL
MUSICA INSTRUMENTAL,Pregrado,Universitario,PROFESIONAL
NARRATIVA TRANSMEDIA,Pregrado,Universitario,PROFESIONAL
NARRATIVAS DIGITALES,Pregrado,Universitario,PROFESIONAL
NARRATIVAS DIGITALES Y AUDIOVISUALES,Pregrado,Universitario,PROFESIONAL
Narrativas y Entretenimiento Digital,Pregrado,Universitario,PROFESIONAL
NEGOCIOS DIGITALES,Pregrado,Universitario,PROFESIONAL
"NEGOCIOS, EMPRENDIMIENTO E INNOVACIÓN",Pregrado,Universitario,PROFESIONAL
"NEGOCIOS, ESTRATEGIA Y TECNOLOGÍA",Pregrado,Universitario,PROFESIONAL
NEGOCIOS ESTRATÉGICOS DE MODA,Pregrado,Universitario,PROFESIONAL
NEGOCIOS INTERNACIONALES,Pregrado,Universitario,PROFESIONAL
Negocios Turísticos y Hoteleros,Pregrado,Universitario,PROFESIONAL
NEGOCIOS Y FINANZAS INTERNACIONALES,Pregrado,Universitario,PROFESIONAL
NEGOCIOS Y RELACIONES INTERNACIONALES,Pregrado,Universitario,PROFESIONAL
NUTRICI¿N Y DIET¿TICA,Pregrado,Universitario,PROFESIONAL
NUTRICION Y DIETETICA,Pregrado,Universitario,PROFESIONAL
OCEANOGRAFÍA,Pregrado,Universitario,PROFESIONAL
OCEANOGRAFIA FISICA,Pregrado,Universitario,PROFESIONAL
Oceanología,Pregrado,Universitario,PROFESIONAL
ODONTOLOGIA,Pregrado,Universitario,PROFESIONAL
OPTOMETR¿A,Pregrado,Universitario,PROFESIONAL
OPTOMETRIA,Pregrado,Universitario,PROFESIONAL
PEDAGOGÍA,Pregrado,Universitario,PROFESIONAL
PEDAGOGÍA EN RURALIDAD Y PAZ,Pregrado,Universitario,PROFESIONAL
PERIODISMO,Pregrado,Universitario,PROFESIONAL
PLANEACION Y DESARROLLO SOCIAL,Pregrado,Universitario,PROFESIONAL
POLITICA Y RELACIONES INTERNACIONALES,Pregrado,Universitario,PROFESIONAL
Pregrado en Administración en Salud,Pregrado,Universitario,PROFESIONAL
PREGRADO EN CREACIÓN Y DISEÑO,Pregrado,Universitario,PROFESIONAL
Pregrado en Criminología e investigación criminal,Pregrado,Universitario,PROFESIONAL
PREGRADO EN EMPRENDIMIENTO,Pregrado,Universitario,PROFESIONAL
PRIMERA INFANCIA,Pregrado,Universitario,PROFESIONAL
PRODUCCIÓN AGROINDUSTRIAL,Pregrado,Universitario,PROFESIONAL
Producción Audiovisual,Pregrado,Universitario,PROFESIONAL
Producción Audiovisual Interactiva,Pregrado,Universitario,PROFESIONAL
Producción Musical,Pregrado,Universitario,PROFESIONAL
PRODUCCIÓN Y COMUNICACIÓN TRANSMEDIA,Pregrado,Universitario,PROFESIONAL
Producción y Diseño de Contenidos,Pregrado,Universitario,PROFESIONAL
PROFESIONAL DE DISEÑO DE MODAS,Pregrado,Universitario,PROFESIONAL
PROFESIONAL EN ACTIVIDAD FÍSICA Y DEPORTE,Pregrado,Universitario,PROFESIONAL
PROFESIONAL EN ADMINISTRACION DE EMPRESAS,Pregrado,Universitario,PROFESIONAL
PROFESIONAL EN ADMINISTRACIÓN EN SEGURIDAD Y SALUD EN EL TRABAJO,Pregrado,Universitario,PROFESIONAL
PROFESIONAL EN ADMINISTRACIÓN Y GESTIÓN DE LA SALUD PROPIA INTERCULTURAL,Pregrado,Universitario,PROFESIONAL
PROFESIONAL EN AGROINDUSTRIA,Pregrado,Universitario,PROFESIONAL
PROFESIONAL EN AGRONEGOCIOS,Pregrado,Universitario,PROFESIONAL
Profesional en Arte y Cultura,Pregrado,Universitario,PROFESIONAL
PROFESIONAL EN ARTES GASTRONOMICAS,Pregrado,Universitario,PROFESIONAL
Profesional en Biotecnología Industrial,Pregrado,Universitario,PROFESIONAL
PROFESIONAL EN CIENCIA DE DATOS,Pregrado,Universitario,PROFESIONAL
PROFESIONAL EN CIENCIAS DEL DEPORTE,Pregrado,Universitario,PROFESIONAL
PROFESIONAL EN COMUNICACIÓN SOCIAL,Pregrado,Universitario,PROFESIONAL
PROFESIONAL EN CONTADURIA PUBLICA,Pregrado,Universitario,PROFESIONAL
PROFESIONAL EN CRIMINALISTICA,Pregrado,Universitario,PROFESIONAL
PROFESIONAL EN DANZA  TEATRO,Pregrado,Universitario,PROFESIONAL
PROFESIONAL EN DEPORTE,Pregrado,Universitario,PROFESIONAL
PROFESIONAL EN DEPORTE Y ACTIVIDAD FÍSICA,Pregrado,Universitario,PROFESIONAL
PROFESIONAL EN DIRECCIÓN Y PRODUCCIÓN DE RADIO Y TELEVISIÓN,Pregrado,Universitario,PROFESIONAL
PROFESIONAL EN DISEÑO DE ALTA COSTURA,Pregrado,Universitario,PROFESIONAL
PROFESIONAL EN DISEÑO DE ESPACIOS,Pregrado,Universitario,PROFESIONAL
PROFESIONAL EN DISEÑO DE INTERIORES,Pregrado,Universitario,PROFESIONAL
PROFESIONAL EN DISEÑO DE MODAS,Pregrado,Universitario,PROFESIONAL
Profesional en Diseño de Vestuario,Pregrado,Universitario,PROFESIONAL
PROFESIONAL EN DISEÑO GRAFICO,Pregrado,Universitario,PROFESIONAL
PROFESIONAL EN DISEÑO INDUSTRIAL,Pregrado,Universitario,PROFESIONAL
PROFESIONAL EN DISEÑO VISUAL,Pregrado,Universitario,PROFESIONAL
PROFESIONAL EN DISEÑO VISUAL DIGITAL,Pregrado,Universitario,PROFESIONAL
PROFESIONAL EN ENTRENAMIENTO DEPORTIVO,Pregrado,Universitario,PROFESIONAL
PROFESIONAL EN FILOSOFIA,Pregrado,Universitario,PROFESIONAL
PROFESIONAL EN GASTRONOMIA,Pregrado,Universitario,PROFESIONAL
PROFESIONAL  EN GASTRONOMÍA Y  ALTA COCINA,Pregrado,Universitario,PROFESIONAL
PROFESIONAL EN GASTRONOMÍA Y CULINARIA,Pregrado,Universitario,PROFESIONAL
PROFESIONAL EN GESTIÓN DE LA SEGURIDAD Y LA SALUD LABORAL,Pregrado,Universitario,PROFESIONAL
PROFESIONAL EN GESTIÓN DE LA SEGURIDAD Y SALUD EN EL TRABAJO,Pregrado,Universitario,PROFESIONAL
PROFESIONAL EN GESTION DEL DISEÑO,Pregrado,Universitario,PROFESIONAL
PROFESIONAL EN INGENIERIA INDUSTRIAL,Pregrado,Universitario,PROFESIONAL
Profesional en Innovación Educativa,Pregrado,Universitario,PROFESIONAL
PROFESIONAL EN INVESTIGACIÓN CRIMINAL,Pregrado,Universitario,PROFESIONAL
PROFESIONAL EN LENGUA INGLESA,Pregrado,Universitario,PROFESIONAL
PROFESIONAL EN LENGUAS,Pregrado,Universitario,PROFESIONAL
PROFESIONAL EN LENGUAS EXTRANJERAS,Pregrado,Universitario,PROFESIONAL
PROFESIONAL EN LENGUAS MODERNAS,Pregrado,Universitario,PROFESIONAL
Profesional en Marketing,Pregrado,Universitario,PROFESIONAL
PROFESIONAL EN MARKETING INTERNACIONAL,Pregrado,Universitario,PROFESIONAL
PROFESIONAL EN MARKETING Y NEGOCIOS DIGITALES,Pregrado,Universitario,PROFESIONAL
PROFESIONAL EN MEDIOS AUDIOVISUALES,Pregrado,Universitario,PROFESIONAL
PROFESIONAL EN MERCADEO EMPRESARIAL,Pregrado,Universitario,PROFESIONAL
PROFESIONAL EN MERCADEO Y PUBLICIDAD,Pregrado,Universitario,PROFESIONAL
PROFESIONAL EN MODA,Pregrado,Universitario,PROFESIONAL
Profesional en Música,Pregrado,Universitario,PROFESIONAL
PROFESIONAL EN NEGOCIOS INTERNACIONALES,Pregrado,Universitario,PROFESIONAL
Profesional en Negocios y Logística Internacional,Pregrado,Universitario,PROFESIONAL
Profesional en Primera Infancia,Pregrado,Universitario,PROFESIONAL
PROFESIONAL EN PUBLICIDAD,Pregrado,Universitario,PROFESIONAL
PROFESIONAL EN PUBLICIDAD Y MERCADEO,Pregrado,Universitario,PROFESIONAL
PROFESIONAL EN SEGURIDAD Y SALUD EN EL TRABAJO,Pregrado,Universitario,PROFESIONAL
PROFESIONAL EN SISTEMAS DE INFORMACION ORGANIZACIONAL,Pregrado,Universitario,PROFESIONAL
PROFESIONAL EN TEOLOGÍA,Pregrado,Universitario,PROFESIONAL
PROFESIONAL EN TURISMO Y GASTRONOMÍA,Pregrado,Universitario,PROFESIONAL
Profesional Fotografía,Pregrado,Universitario,PROFESIONAL
PROFESIONAL SEGURIDAD Y SALUD EN EL TRABAJO,Pregrado,Universitario,PROFESIONAL
PROFESIONAL UNIVERSITARIO DISEÑO GRÁFICO DIGITAL,Pregrado,Universitario,PROFESIONAL
Profesional Universitario en Construcción de Sistemas de Software,Pregrado,Universitario,PROFESIONAL
PROFESIONAL UNIVERSITARIO EN CREACIÓN DE CONTENIDOS AUDIOVISUALES,Pregrado,Universitario,PROFESIONAL
Profesional Universitario en Desarrollo de experiencias para la Interacción Digital,Pregrado,Universitario,PROFESIONAL
Profesional Universitario en Diseño Gráfico,Pregrado,Universitario,PROFESIONAL
PROFESIONAL UNIVERSITARIO EN ENTRENAMIENTO DEPORTIVO,Pregrado,Universitario,PROFESIONAL
PROFESIONAL UNIVERSITARIO EN FOTOGRAFÍA PARA MEDIOS,Pregrado,Universitario,PROFESIONAL
Profesional Universitario en Logística Integral,Pregrado,Universitario,PROFESIONAL
PROFESIONAL UNIVERSITARIO EN MARKETING  Y PUBLICIDAD,Pregrado,Universitario,PROFESIONAL
"Profesional Universitario en Proyectos, Marketing y Nuevas Tecnologías para la Gestión Cultural",Pregrado,Universitario,PROFESIONAL
PROFESIONAL UNIVESITARIO EN DISEÑO AUDIOVISUAL,Pregrado,Universitario,PROFESIONAL
Programa Administración de Empresa articulado por ciclos propedéuticos con los programas Tecnología en Gestión Empresarial y Técnica Profesional en Procesos Administrativos,Pregrado,Universitario,PROFESIONAL
Programa de Enfermería,Pregrado,Universitario,PROFESIONAL
Programa Profesional en Diseño Digital Publicitario articulado por ciclos propédeuticos con los programas: Tecnología en Producción Gráfica y Multimedia y Técnica Profesional en Animación Digital y Comunicación Gráfica,Pregrado,Universitario,PROFESIONAL
PROGRAMA PROFESIONAL UNIVERSITARIO EN LENGUAS EXTRANJERAS,Pregrado,Universitario,PROFESIONAL
PSICOLOGIA,Pregrado,Universitario,PROFESIONAL
PUBLICIDAD,Pregrado,Universitario,PROFESIONAL
Publicidad Digital,Pregrado,Universitario,PROFESIONAL
PUBLICIDAD DIGITAL Y MERCADEO,Pregrado,Universitario,PROFESIONAL
PUBLICIDAD EN MEDIOS DIGITALES,Pregrado,Universitario,PROFESIONAL
PUBLICIDAD INTERNACIONAL,Pregrado,Universitario,PROFESIONAL
PUBLICIDAD Y MARKETING DIGITAL,Pregrado,Universitario,PROFESIONAL
PUBLICIDAD Y MERCADEO,Pregrado,Universitario,PROFESIONAL
PUBLICIDAD Y MERCADEO DIGITAL,Pregrado,Universitario,PROFESIONAL
PUBLICIDAD Y RELACIONES PÚBLICAS,Pregrado,Universitario,PROFESIONAL
QUIMICA,Pregrado,Universitario,PROFESIONAL
QUIMICA FARMACEUTICA,Pregrado,Universitario,PROFESIONAL
QUIMICA INDUSTRIAL,Pregrado,Universitario,PROFESIONAL
QUIMICA Y FARMACIA,Pregrado,Universitario,PROFESIONAL
REALIZACIÓN EN ANIMACIÓN,Pregrado,Universitario,PROFESIONAL
REALIZACIÓN Y PRODUCCIÓN MUSICAL,Pregrado,Universitario,PROFESIONAL
RECREACION,Pregrado,Universitario,PROFESIONAL
RELACIONES INTERNACIONALES,Pregrado,Universitario,PROFESIONAL
RELACIONES INTERNACIONALES Y ESTUDIOS POLITICOS,Pregrado,Universitario,PROFESIONAL
Relaciones y Negocios Internacionales,Pregrado,Universitario,PROFESIONAL
REVITALIZACIÓN DE LA MADRE TIERRA,Pregrado,Universitario,PROFESIONAL
SALUD OCUPACIONAL,Pregrado,Universitario,PROFESIONAL
SEGURIDAD Y SALUD EN EL TRABAJO,Pregrado,Universitario,PROFESIONAL
SOCIOLOGIA,Pregrado,Universitario,PROFESIONAL
TEATRO MUSICAL,Pregrado,Universitario,PROFESIONAL
Tecnología en Atención Prehospitalaria,Pregrado,Universitario,PROFESIONAL
TEOLOGIA,Pregrado,Universitario,PROFESIONAL
TERAPIA CARDIORRESPIRATORIA,Pregrado,Universitario,PROFESIONAL
TERAPIA OCUPACIONAL,Pregrado,Universitario,PROFESIONAL
TERAPIA RESPIRATORIA,Pregrado,Universitario,PROFESIONAL
TRABAJO SOCIAL,Pregrado,Universitario,PROFESIONAL
TRADUCCION INGLES-FRANCES-ESPAÑOL,Pregrado,Universitario,PROFESIONAL
TURISMO,Pregrado,Universitario,PROFESIONAL
Turismo Sostenible,Pregrado,Universitario,PROFESIONAL
Turismo Sostenible e Innovador,Pregrado,Universitario,PROFESIONAL
TURISMO Y NEGOCIOS INTERNACIONALES,Pregrado,Universitario,PROFESIONAL
URBANISMO,Pregrado,Universitario,PROFESIONAL
ZOOTECNIA,Pregrado,Universitario,PROFESIONAL
TECNICA PROFESIONAL ASISTENTE ADMINISTRATIVO BILINGUE,Pregrado,Formación técnica profesional,TECNICO PROFESIONAL
Técnica Profesional de Mantenimiento en Energías Renovables,Pregrado,Formación técnica profesional,TECNICO PROFESIONAL
TECNICA PROFESIONAL DE OPERACIONES EN COMERCIO EXTERIOR,Pregrado,Formación técnica profesional,TECNICO PROFESIONAL
TECNICA PROFESIONAL DE PROCESOS ADMINISTRATIVOS,Pregrado,Formación técnica profesional,TECNICO PROFESIONAL
TECNICA PROFESIONAL DE PROCESOS ADMINISTRATIVOS EN HOTELERIA Y TURISMO,Pregrado,Formación técnica profesional,TECNICO PROFESIONAL
TÉCNICA PROFESIONAL DE PROCESOS ADMINISTRATIVOS EN SALUD,Pregrado,Formación técnica profesional,TECNICO PROFESIONAL
TECNICA PROFESIONAL DE PROCESOS ADMINISTRATIVOS PORTUARIOS,Pregrado,Formación técnica profesional,TECNICO PROFESIONAL
Técnica Profesional en Actuación para las Prácticas Escénicas Teatrales,Pregrado,Formación técnica profesional,TECNICO PROFESIONAL
TECNICA PROFESIONAL EN ADMINISTRACION DE EMPRESAS,Pregrado,Formación técnica profesional,TECNICO PROFESIONAL
TECNICA PROFESIONAL EN ADMINISTRACION Y PRODUCCION AGROINDUSTRIAL,Pregrado,Formación técnica profesional,TECNICO PROFESIONAL
TÉCNICA PROFESIONAL EN ANÁLISIS DE MEDICIONES DE LA PRODUCCIÓN MINERO ENERGÉTICA,Pregrado,Formación técnica profesional,TECNICO PROFESIONAL
Técnica Profesional en Animación Digital y Comunicación Grafica,Pregrado,Formación técnica profesional,TECNICO PROFESIONAL
TÉCNICA PROFESIONAL EN APROVECHAMIENTO DE RESIDUOS AGROPECUARIOS,Pregrado,Formación técnica profesional,TECNICO PROFESIONAL
TECNICA PROFESIONAL EN ARTE GRAFICO Y PUBLICITARIO,Pregrado,Formación técnica profesional,TECNICO PROFESIONAL
Técnica Profesional en Asistencia en Diseño Gráfico,Pregrado,Formación técnica profesional,TECNICO PROFESIONAL
TÉCNICA PROFESIONAL EN ATENCIÓN AL CLIENTE,Pregrado,Formación técnica profesional,TECNICO PROFESIONAL
TÉCNICA PROFESIONAL EN ATENCIÓN INTEGRAL A LA PRIMERA INFANCIA,Pregrado,Formación técnica profesional,TECNICO PROFESIONAL
TÉCNICA PROFESIONAL EN ATENCIÓN PREHOSPITALARIA,Pregrado,Formación técnica profesional,TECNICO PROFESIONAL
TÉCNICA PROFESIONAL EN AVALÚOS INMOBILIARIOS URBANOS Y RURALES,Pregrado,Formación técnica profesional,TECNICO PROFESIONAL
TECNICA PROFESIONAL EN BALISTICA,Pregrado,Formación técnica profesional,TECNICO PROFESIONAL
TECNICA PROFESIONAL EN COCINA,Pregrado,Formación técnica profesional,TECNICO PROFESIONAL
Técnica Profesional en Comercialización del Café,Pregrado,Formación técnica profesional,TECNICO PROFESIONAL
TECNICA PROFESIONAL EN COMPUTACION,Pregrado,Formación técnica profesional,TECNICO PROFESIONAL
TÉCNICA PROFESIONAL EN CONFIGURACIÓN DE SERVICIOS PARA COMERCIO ELECTRÓNICO,Pregrado,Formación técnica profesional,TECNICO PROFESIONAL
TÉCNICA PROFESIONAL EN CONSTRUCCIÓN,Pregrado,Formación técnica profesional,TECNICO PROFESIONAL
TÉCNICA PROFESIONAL EN CONSTRUCCIÓN DE EDIFICACIONES,Pregrado,Formación técnica profesional,TECNICO PROFESIONAL
TECNICA PROFESIONAL EN CONSTRUCCION DE OBRA,Pregrado,Formación técnica profesional,TECNICO PROFESIONAL
TÉCNICA PROFESIONAL EN CONSTRUCCIÓN DE PROYECTOS ARQUITECTÓNICOS,Pregrado,Formación técnica profesional,TECNICO PROFESIONAL
TECNICA PROFESIONAL EN CONSTRUCCION DE SOFWARE,Pregrado,Formación técnica profesional,TECNICO PROFESIONAL
TECNICA PROFESIONAL EN CONTABILIDAD,Pregrado,Formación técnica profesional,TECNICO PROFESIONAL
TECNICA PROFESIONAL EN CONTABILIDAD SISTEMATIZADA,Pregrado,Formación técnica profesional,TECNICO PROFESIONAL
TÉCNICA PROFESIONAL EN CONTABILIDAD Y FINANZAS,Pregrado,Formación técnica profesional,TECNICO PROFESIONAL
TÉCNICA PROFESIONAL EN CONTABILIDAD Y TRIBUTARIA,Pregrado,Formación técnica profesional,TECNICO PROFESIONAL
TECNICA PROFESIONAL EN CONTROL DE LA CALIDAD DE ALIMENTOS,Pregrado,Formación técnica profesional,TECNICO PROFESIONAL
TÉCNICA PROFESIONAL EN COSMETOLOGÍA Y ESTÉTICA,Pregrado,Formación técnica profesional,TECNICO PROFESIONAL
TECNICA PROFESIONAL EN COSMETOLOGIA Y ESTETICA CORPORAL,Pregrado,Formación técnica profesional,TECNICO PROFESIONAL
TECNICA PROFESIONAL EN COSTOS Y CONTABILIDAD,Pregrado,Formación técnica profesional,TECNICO PROFESIONAL
TÉCNICA PROFESIONAL EN CRIMINALÍSTICA (CICLO PROPEDÉUTICO),Pregrado,Formación técnica profesional,TECNICO PROFESIONAL
Técnica Profesional en Cuidado y Desarrollo de la Primera Infancia,Pregrado,Formación técnica profesional,TECNICO PROFESIONAL
TECNICA PROFESIONAL EN DACTILOSCOPIA,Pregrado,Formación técnica profesional,TECNICO PROFESIONAL
"TECNICA PROFESIONAL EN DANZA CONTEMPORANEA ""CUERPO CREADOR""",Pregrado,Formación técnica profesional,TECNICO PROFESIONAL
TECNICA PROFESIONAL EN DIBUJO ARQUITECTONICO Y DECORACION,Pregrado,Formación técnica profesional,TECNICO PROFESIONAL
TECNICA PROFESIONAL EN DIBUJO MECÁNICO Y DE HERRAMIENTAS INDUSTRIALES,Pregrado,Formación técnica profesional,TECNICO PROFESIONAL
TECNICA PROFESIONAL EN DISEÑO DE MODAS,Pregrado,Formación técnica profesional,TECNICO PROFESIONAL
TECNICA PROFESIONAL EN DISEÑO DE VESTUARIO Y PATRONAJE,Pregrado,Formación técnica profesional,TECNICO PROFESIONAL
TECNICA PROFESIONAL EN DISEÑO DIGITAL,Pregrado,Formación técnica profesional,TECNICO PROFESIONAL
TECNICA PROFESIONAL EN DISEÑO GRAFICO,Pregrado,Formación técnica profesional,TECNICO PROFESIONAL
TÉCNICA PROFESIONAL EN DISTRIBUCIÓN LOGÍSTICA Y COMERCIAL,Pregrado,Formación técnica profesional,TECNICO PROFESIONAL
TÉCNICA PROFESIONAL EN DOCUMENTACIÓN DE LA CALIDAD,Pregrado,Formación técnica profesional,TECNICO PROFESIONAL
TÉCNICA PROFESIONAL EN DOCUMENTACIÓN DE PROYECTOS URBANÍSTICOS,Pregrado,Formación técnica profesional,TECNICO PROFESIONAL
TECNICA PROFESIONAL EN DOCUMENTOLOGIA,Pregrado,Formación técnica profesional,TECNICO PROFESIONAL
TÉCNICA PROFESIONAL EN EJECUCIÓN DE PROYECTOS CULTURALES,Pregrado,Formación técnica profesional,TECNICO PROFESIONAL
Técnica Profesional en Ejecución de Proyectos Culturales y Creativos,Pregrado,Formación técnica profesional,TECNICO PROFESIONAL
TECNICA PROFESIONAL EN ELABORACIÓN DE VESTUARIO Y PATRONAJE,Pregrado,Formación técnica profesional,TECNICO PROFESIONAL
TÉCNICA PROFESIONAL EN ELECTRICIDAD INDUSTRIAL,Pregrado,Formación técnica profesional,TECNICO PROFESIONAL
TÉCNICA PROFESIONAL EN ELECTROMECÁNICA,Pregrado,Formación técnica profesional,TECNICO PROFESIONAL
TECNICA PROFESIONAL EN ELECTROMEDICINA,Pregrado,Formación técnica profesional,TECNICO PROFESIONAL
TECNICA PROFESIONAL EN ELECTRONICA,Pregrado,Formación técnica profesional,TECNICO PROFESIONAL
TECNICA PROFESIONAL EN ELECTRÓNICA INDUSTRIAL,Pregrado,Formación técnica profesional,TECNICO PROFESIONAL
TECNICA PROFESIONAL EN ENTRENAMIENTO DEPORTIVO,Pregrado,Formación técnica profesional,TECNICO PROFESIONAL
TÉCNICA PROFESIONAL EN ESTÉTICA COSMETOLÓGICA,Pregrado,Formación técnica profesional,TECNICO PROFESIONAL
TECNICA PROFESIONAL EN ESTETICA Y COSMETOLOGIA,Pregrado,Formación técnica profesional,TECNICO PROFESIONAL
TECNICA PROFESIONAL EN EXPLOSIVOS,Pregrado,Formación técnica profesional,TECNICO PROFESIONAL
TECNICA PROFESIONAL EN EXPRESION DIGITAL Y ADAPTACION DE ESPACIOS,Pregrado,Formación técnica profesional,TECNICO PROFESIONAL
TÉCNICA PROFESIONAL EN EXPRESIÓN GRÁFICA ARQUITECTÓNICA,Pregrado,Formación técnica profesional,TECNICO PROFESIONAL
TECNICA PROFESIONAL EN EXPRESIÓN PUBLICITARIA,Pregrado,Formación técnica profesional,TECNICO PROFESIONAL
TÉCNICA PROFESIONAL EN FABRICACIÓN DIGITAL E IMPRESIÓN 3D,Pregrado,Formación técnica profesional,TECNICO PROFESIONAL
TÉCNICA PROFESIONAL EN  FACTURACIÓN Y CARTERA DE SERVICIOS DE SALUD,Pregrado,Formación técnica profesional,TECNICO PROFESIONAL
TECNICA PROFESIONAL EN FOTOGRAFIA E IMAGEN FORENSE,Pregrado,Formación técnica profesional,TECNICO PROFESIONAL
TECNICA PROFESIONAL EN FOTOGRAFIA Y CAMAROGRAFIA,Pregrado,Formación técnica profesional,TECNICO PROFESIONAL
TÉCNICA PROFESIONAL EN GESTIÓN DE ADUANAS Y COMERCIO EXTERIOR,Pregrado,Formación técnica profesional,TECNICO PROFESIONAL
TÉCNICA PROFESIONAL EN GESTIÓN DE BARES Y RESTAURANTES,Pregrado,Formación técnica profesional,TECNICO PROFESIONAL
TECNICA PROFESIONAL EN GESTION EMPRESARIAL,Pregrado,Formación técnica profesional,TECNICO PROFESIONAL
TECNICA PROFESIONAL EN GESTIÓN FINANCIERA,Pregrado,Formación técnica profesional,TECNICO PROFESIONAL
TECNICA PROFESIONAL EN HIGIENE Y SEGURIDAD EN EL TRABAJO,Pregrado,Formación técnica profesional,TECNICO PROFESIONAL
TECNICA PROFESIONAL EN HOTELERIA,Pregrado,Formación técnica profesional,TECNICO PROFESIONAL
TECNICA PROFESIONAL EN HOTELERIA Y TURISMO,Pregrado,Formación técnica profesional,TECNICO PROFESIONAL
TECNICA PROFESIONAL EN IDENTIFICACION DE AUTOMOTORES,Pregrado,Formación técnica profesional,TECNICO PROFESIONAL
TECNICA PROFESIONAL EN IMPLEMENTACIÓN DE SISTEMAS DE TELECOMUNICACIONES,Pregrado,Formación técnica profesional,TECNICO PROFESIONAL
TÉCNICA PROFESIONAL EN INSTALACIÓN DE REDES DE TELECOMUNICACIONES,Pregrado,Formación técnica profesional,TECNICO PROFESIONAL
TÉCNICA PROFESIONAL EN INSTALACIÓN Y CONFIGURACION DE REDES,Pregrado,Formación técnica profesional,TECNICO PROFESIONAL
TECNICA PROFESIONAL EN INSTALACION Y MANTENIMIENTO DE REDES DE TELECOMUNICACIONES,Pregrado,Formación técnica profesional,TECNICO PROFESIONAL
TÉCNICA PROFESIONAL EN INSTALACIÓN Y MANTENIMIENTO DE REDES Y COMPUTADORES,Pregrado,Formación técnica profesional,TECNICO PROFESIONAL
TÉCNICA PROFESIONAL EN INSTALACIONES ELÉCTRICAS PARA SISTEMAS RENOVABLES,Pregrado,Formación técnica profesional,TECNICO PROFESIONAL
TECNICA PROFESIONAL EN INSTRUMENTACION INDUSTRIAL,Pregrado,Formación técnica profesional,TECNICO PROFESIONAL
TECNICA PROFESIONAL EN INVESTIGACIÓN JUDICIAL,Pregrado,Formación técnica profesional,TECNICO PROFESIONAL
TECNICA PROFESIONAL EN INVESTIGACION Y SEGURIDAD,Pregrado,Formación técnica profesional,TECNICO PROFESIONAL
TECNICA PROFESIONAL EN LOGISTICA DE COMERCIO EXTERIOR,Pregrado,Formación técnica profesional,TECNICO PROFESIONAL
TECNICA PROFESIONAL EN LOGISTICA DE PRODUCCIÓN,Pregrado,Formación técnica profesional,TECNICO PROFESIONAL
TÉCNICA PROFESIONAL EN LOGÍSTICA INTERNACIONAL DE COMERCIO,Pregrado,Formación técnica profesional,TECNICO PROFESIONAL
TÉCNICA PROFESIONAL EN MANEJO AGROINDUSTRIAL,Pregrado,Formación técnica profesional,TECNICO PROFESIONAL
TECNICA PROFESIONAL EN MANEJO DE LA PREVENCIÓN DE RIESGOS LABORALES,Pregrado,Formación técnica profesional,TECNICO PROFESIONAL
TÉCNICA PROFESIONAL EN MANEJO DE MICROCRÉDITOS,Pregrado,Formación técnica profesional,TECNICO PROFESIONAL
TÉCNICA PROFESIONAL EN  MANEJO DE VEHÍCULOS DE CARGA PESADA,Pregrado,Formación técnica profesional,TECNICO PROFESIONAL
TECNICA PROFESIONAL EN MANEJO SILVICULTURA,Pregrado,Formación técnica profesional,TECNICO PROFESIONAL
TÉCNICA PROFESIONAL EN MANEJO SILVICULTURAL,Pregrado,Formación técnica profesional,TECNICO PROFESIONAL
TECNICA PROFESIONAL EN MANEJO SILVICULTURAL EN CICLOS PROPEDEUTICOS,Pregrado,Formación técnica profesional,TECNICO PROFESIONAL
TECNICA PROFESIONAL EN MANEJO SILVICULTURAL POR CICLOS PROPEDEUTICOS,Pregrado,Formación técnica profesional,TECNICO PROFESIONAL
TÉCNICA PROFESIONAL EN MANTENIMIENTO DE COMPUTADORES E INSTALACIÓN Y CONFIGURACIÓN DE REDES LAN,Pregrado,Formación técnica profesional,TECNICO PROFESIONAL
TÉCNICA PROFESIONAL EN MANTENIMIENTO DE COMPUTADORES Y REDES,Pregrado,Formación técnica profesional,TECNICO PROFESIONAL
TÉCNICA PROFESIONAL EN MANTENIMIENTO DE REDES,Pregrado,Formación técnica profesional,TECNICO PROFESIONAL
TECNICA PROFESIONAL EN MANTENIMIENTO DE SISTEMAS INFORMATICOS,Pregrado,Formación técnica profesional,TECNICO PROFESIONAL
TECNICA PROFESIONAL EN MANTENIMIENTO DE SISTEMAS MECATRONICOS,Pregrado,Formación técnica profesional,TECNICO PROFESIONAL
TÉCNICA PROFESIONAL EN MANTENIMIENTO DE SISTEMAS MECATRÓNICOS INDUSTRIALES,Pregrado,Formación técnica profesional,TECNICO PROFESIONAL
Técnica Profesional en Mantenimiento Eléctrico,Pregrado,Formación técnica profesional,TECNICO PROFESIONAL
TECNICA PROFESIONAL EN MANTENIMIENTO ELECTROMECANICO,Pregrado,Formación técnica profesional,TECNICO PROFESIONAL
TECNICA PROFESIONAL EN MANTENIMIENTO ELECTRONICO,Pregrado,Formación técnica profesional,TECNICO PROFESIONAL
TÉCNICA PROFESIONAL EN MANTENIMIENTO ELECTRÓNICO INDUSTRIAL,Pregrado,Formación técnica profesional,TECNICO PROFESIONAL
TECNICA PROFESIONAL EN MANTENIMIENTO INDUSTRIAL,Pregrado,Formación técnica profesional,TECNICO PROFESIONAL
TÉCNICA PROFESIONAL EN MANTENIMIENTO MECANICO APLICADO A LA OPERACIÓN DE ARMAS DE ARTILLERÍA,Pregrado,Formación técnica profesional,TECNICO PROFESIONAL
TECNICA PROFESIONAL EN MANTENIMIENTO Y COMERCIALIZACIÓN DE EQUIPOS BIOMÉDICOS,Pregrado,Formación técnica profesional,TECNICO PROFESIONAL
TÉCNICA PROFESIONAL EN MANTENMIENTO ELECTROMECÁNICO,Pregrado,Formación técnica profesional,TECNICO PROFESIONAL
TÉCNICA PROFESIONAL EN MASOTERAPIA,Pregrado,Formación técnica profesional,TECNICO PROFESIONAL
TÉCNICA PROFESIONAL EN MECÁNICA AUTOMOTRIZ,Pregrado,Formación técnica profesional,TECNICO PROFESIONAL
TECNICA PROFESIONAL EN MEDIOS AUDIOVISUALES,Pregrado,Formación técnica profesional,TECNICO PROFESIONAL
TECNICA PROFESIONAL EN MERCADEO DE AGRONEGOCIOS,Pregrado,Formación técnica profesional,TECNICO PROFESIONAL
TECNICA PROFESIONAL EN MERCADEO Y VENTAS,Pregrado,Formación técnica profesional,TECNICO PROFESIONAL
TÉCNICA PROFESIONAL EN MERCADOTECNIA,Pregrado,Formación técnica profesional,TECNICO PROFESIONAL
TECNICA PROFESIONAL EN MESA Y BAR,Pregrado,Formación técnica profesional,TECNICO PROFESIONAL
TECNICA PROFESIONAL EN MICROFUNDICION DE METALES,Pregrado,Formación técnica profesional,TECNICO PROFESIONAL
TECNICA PROFESIONAL EN MINERIA SOSTENIBLE,Pregrado,Formación técnica profesional,TECNICO PROFESIONAL
TECNICA PROFESIONAL EN MONITOREO AGRÍCOLA,Pregrado,Formación técnica profesional,TECNICO PROFESIONAL
TÉCNICA PROFESIONAL EN MONITOREO AMBIENTAL,Pregrado,Formación técnica profesional,TECNICO PROFESIONAL
Técnica Profesional en Montaje Escénico,Pregrado,Formación técnica profesional,TECNICO PROFESIONAL
TÉCNICA PROFESIONAL EN NOMINA Y PRESTACIONES SOCIALES,Pregrado,Formación técnica profesional,TECNICO PROFESIONAL
TÉCNICA PROFESIONAL EN OPERACIÓN DE ALMACENES Y TRANSPORTE,Pregrado,Formación técnica profesional,TECNICO PROFESIONAL
TÉCNICA PROFESIONAL EN OPERACIÓN DE COMERCIO ELECTRÓNICO,Pregrado,Formación técnica profesional,TECNICO PROFESIONAL
TÉCNICA PROFESIONAL EN OPERACIÓN DE EQUIPOS INDUSTRIALES Y ACTIVIDADES MINERAS,Pregrado,Formación técnica profesional,TECNICO PROFESIONAL
TÉCNICA PROFESIONAL EN OPERACIÓN DE PLANTAS PETROQUÍMICAS,Pregrado,Formación técnica profesional,TECNICO PROFESIONAL
TECNICA PROFESIONAL EN OPERACION DE PLATAFORMAS VIRTUALES,Pregrado,Formación técnica profesional,TECNICO PROFESIONAL
TÉCNICA PROFESIONAL EN OPERACIÓN DE PROCESOS ADMINISTRATIVOS EN EMPRESAS TURÍSTICAS Y HOTELERAS,Pregrado,Formación técnica profesional,TECNICO PROFESIONAL
TECNICA PROFESIONAL EN OPERACIÓN DE PROCESOS ADMINISTRATIVOS TERRITORIALES,Pregrado,Formación técnica profesional,TECNICO PROFESIONAL
TÉCNICA PROFESIONAL EN OPERACIÓN DE PROCESOS ADUANEROS,Pregrado,Formación técnica profesional,TECNICO PROFESIONAL
TECNICA PROFESIONAL EN OPERACIÓN DE PROCESOS CONTABLES,Pregrado,Formación técnica profesional,TECNICO PROFESIONAL
TÉCNICA PROFESIONAL EN OPERACIÓN DE PROCESOS DE COMERCIO EXTERIOR,Pregrado,Formación técnica profesional,TECNICO PROFESIONAL
TECNICA PROFESIONAL EN OPERACIÓN DE PROCESOS DE PRODUCCION,Pregrado,Formación técnica profesional,TECNICO PROFESIONAL
TÉCNICA PROFESIONAL EN OPERACIÓN DE PROCESOS DE PRODUCCIÓN GRÁFICA.,Pregrado,Formación técnica profesional,TECNICO PROFESIONAL
TECNICA PROFESIONAL EN OPERACIÓN DE PROCESOS EMPRESARIALES,Pregrado,Formación técnica profesional,TECNICO PROFESIONAL
TECNICA PROFESIONAL EN OPERACION DE PROCESOS GASTRONOMICOS,Pregrado,Formación técnica profesional,TECNICO PROFESIONAL
TECNICA PROFESIONAL EN OPERACIÓN DE PROCESOS INDUSTRIALES,Pregrado,Formación técnica profesional,TECNICO PROFESIONAL
TECNICA PROFESIONAL EN OPERACIÓN DE PROCESOS PARA LA PRODUCCIÓN DE CONTENIDOS AUDIOVISUALES,Pregrado,Formación técnica profesional,TECNICO PROFESIONAL
TÉCNICA PROFESIONAL EN OPERACIÓN DE PROCESOS PETROQUÍMICOS,Pregrado,Formación técnica profesional,TECNICO PROFESIONAL
Técnica Profesional en Operación de Procesos Químicos,Pregrado,Formación técnica profesional,TECNICO PROFESIONAL
TECNICA PROFESIONAL EN OPERACION DE SERVICIOS COMUNITARIOS,Pregrado,Formación técnica profesional,TECNICO PROFESIONAL
TECNICA PROFESIONAL EN OPERACION DE SERVICIOS GASTRONOMICOS,Pregrado,Formación técnica profesional,TECNICO PROFESIONAL
Técnica Profesional en Operación de Servicios Turísticos Sostenibles,Pregrado,Formación técnica profesional,TECNICO PROFESIONAL
TÉCNICA PROFESIONAL EN OPERACIÓN DE SERVICIOS TURÍSTICOS Y HOTELEROS,Pregrado,Formación técnica profesional,TECNICO PROFESIONAL
Técnica Profesional en Operación de Sistemas de Energías Renovables articulada por ciclos propedéuticos con el programa Tecnología en Gestión Energética de Recursos Renovables,Pregrado,Formación técnica profesional,TECNICO PROFESIONAL
TECNICA PROFESIONAL EN OPERACION DE SISTEMAS DE MANEJO AMBIENTAL,Pregrado,Formación técnica profesional,TECNICO PROFESIONAL
TÉCNICA PROFESIONAL EN OPERACIÓN EN SEGURIDAD MINERA,Pregrado,Formación técnica profesional,TECNICO PROFESIONAL
TÉCNICA PROFESIONAL EN OPERACIÓN GASTRONÓMICA,Pregrado,Formación técnica profesional,TECNICO PROFESIONAL
TÉCNICA PROFESIONAL EN OPERACIÓN GASTRONOMICA Y DE BEBIDAS,Pregrado,Formación técnica profesional,TECNICO PROFESIONAL
TECNICA PROFESIONAL EN OPERACION LOGISTICA,Pregrado,Formación técnica profesional,TECNICO PROFESIONAL
TECNICA PROFESIONAL EN OPERACION TURISTICA,Pregrado,Formación técnica profesional,TECNICO PROFESIONAL
TECNICA PROFESIONAL EN OPERACION TURISTICA Y HOTELERA,Pregrado,Formación técnica profesional,TECNICO PROFESIONAL
TÉCNICA PROFESIONAL EN OPERACION Y MANTENIMIENTO DE BASES DE DATOS,Pregrado,Formación técnica profesional,TECNICO PROFESIONAL
TÉCNICA PROFESIONAL EN OPERACIÓN Y MANTENIMINETO DE BASES DE DATOS,Pregrado,Formación técnica profesional,TECNICO PROFESIONAL
Técnica Profesional en Operaciones Administrativas de Empresas Agroindustriales,Pregrado,Formación técnica profesional,TECNICO PROFESIONAL
TÉCNICA PROFESIONAL EN OPERACIONES ADMINISTRATIVAS DE LA SALUD,Pregrado,Formación técnica profesional,TECNICO PROFESIONAL
TECNICA PROFESIONAL EN OPERACIONES ADMINISTRATIVAS Y FINANCIERAS DE LA SALUD,Pregrado,Formación técnica profesional,TECNICO PROFESIONAL
TECNICA PROFESIONAL EN OPERACIONES ADUANERAS,Pregrado,Formación técnica profesional,TECNICO PROFESIONAL
TÉCNICA PROFESIONAL EN OPERACIONES ADUANERAS Y DE COMERCIO INTERNACIONAL,Pregrado,Formación técnica profesional,TECNICO PROFESIONAL
TECNICA PROFESIONAL EN OPERACIONES AGROINDUSTRIALES,Pregrado,Formación técnica profesional,TECNICO PROFESIONAL
TÉCNICA PROFESIONAL EN OPERACIONES COMERCIALES,Pregrado,Formación técnica profesional,TECNICO PROFESIONAL
TECNICA PROFESIONAL EN OPERACIONES CONTABLES,Pregrado,Formación técnica profesional,TECNICO PROFESIONAL
TÉCNICA PROFESIONAL EN OPERACIONES CONTABLES Y FINANCIERAS,Pregrado,Formación técnica profesional,TECNICO PROFESIONAL
TECNICA PROFESIONAL EN OPERACIONES DE COMERCIO DIGITAL,Pregrado,Formación técnica profesional,TECNICO PROFESIONAL
TECNICA PROFESIONAL EN OPERACIONES DE COMERCIO EXTERIOR,Pregrado,Formación técnica profesional,TECNICO PROFESIONAL
TECNICA PROFESIONAL EN OPERACIONES DE LA CADENA LOGISTICA,Pregrado,Formación técnica profesional,TECNICO PROFESIONAL
TECNICA PROFESIONAL EN OPERACIONES DE PROCESOS INDUSTRIALES,Pregrado,Formación técnica profesional,TECNICO PROFESIONAL
Técnica Profesional en Operaciones de Redes de Datos,Pregrado,Formación técnica profesional,TECNICO PROFESIONAL
TECNICA PROFESIONAL EN OPERACIONES DEL COMERCIO EXTERIOR,Pregrado,Formación técnica profesional,TECNICO PROFESIONAL
TÉCNICA PROFESIONAL EN OPERACIONES DEL PROCESO ADMINISTRATIVO,Pregrado,Formación técnica profesional,TECNICO PROFESIONAL
TECNICA PROFESIONAL EN OPERACIONES LOGÍSTICAS,Pregrado,Formación técnica profesional,TECNICO PROFESIONAL
TECNICA PROFESIONAL EN OPERACIONES LOGISTICAS Y PORTUARIA,Pregrado,Formación técnica profesional,TECNICO PROFESIONAL
TECNICA PROFESIONAL EN OPERACIONES LOGISTICAS Y PORTUARIAS,Pregrado,Formación técnica profesional,TECNICO PROFESIONAL
TÉCNICA PROFESIONAL EN OPERACIONES MINERAS,Pregrado,Formación técnica profesional,TECNICO PROFESIONAL
TÉCNICA PROFESIONAL EN OPERACIONES TURÍSTICAS,Pregrado,Formación técnica profesional,TECNICO PROFESIONAL
TÉCNICA PROFESIONAL EN ORGANIZACIÓN DE CERTÁMENES,Pregrado,Formación técnica profesional,TECNICO PROFESIONAL
TÉCNICA PROFESIONAL EN PISCICULTURA CONTINENTAL,Pregrado,Formación técnica profesional,TECNICO PROFESIONAL
Técnica Profesional en Prevención de Riesgos Laborales,Pregrado,Formación técnica profesional,TECNICO PROFESIONAL
TÉCNICA PROFESIONAL EN PROCESAMIENTO Y CALIDAD NUTRICIONAL DE ALIMENTOS,Pregrado,Formación técnica profesional,TECNICO PROFESIONAL
TECNICA PROFESIONAL EN PROCESOS ADMINISTRATIVOS,Pregrado,Formación técnica profesional,TECNICO PROFESIONAL
Técnica Profesional en Procesos Administrativos Agropecuarios??,Pregrado,Formación técnica profesional,TECNICO PROFESIONAL
Técnica Profesional en Procesos Administrativos articulado por ciclos propedéuticos con los programas de Tecnología en Gestión Empresarial y Administración de Empresas.,Pregrado,Formación técnica profesional,TECNICO PROFESIONAL
TECNICA PROFESIONAL EN PROCESOS ADMINISTRATIVOS DE LA SEGURIDAD SOCIAL,Pregrado,Formación técnica profesional,TECNICO PROFESIONAL
TÉCNICA PROFESIONAL EN PROCESOS ADMINISTRATIVOS DE SALUD,Pregrado,Formación técnica profesional,TECNICO PROFESIONAL
TECNICA PROFESIONAL EN PROCESOS ADMINISTRATIVOS DE TALENTO HUMANO,Pregrado,Formación técnica profesional,TECNICO PROFESIONAL
TÉCNICA PROFESIONAL EN PROCESOS ADMINISTRATIVOS EMPRESARIALES,Pregrado,Formación técnica profesional,TECNICO PROFESIONAL
TECNICA PROFESIONAL EN PROCESOS ADMINISTRATIVOS EN SALUD,Pregrado,Formación técnica profesional,TECNICO PROFESIONAL
TÉCNICA PROFESIONAL EN PROCESOS ADMINISTRATIVOS PARA FINCAS CAFETERAS,Pregrado,Formación técnica profesional,TECNICO PROFESIONAL
TÉCNICA PROFESIONAL EN PROCESOS ADUANEROS,Pregrado,Formación técnica profesional,TECNICO PROFESIONAL
TÉCNICA PROFESIONAL EN PROCESOS ADUANEROS Y TRIBUTARIOS,Pregrado,Formación técnica profesional,TECNICO PROFESIONAL
TECNICA  PROFESIONAL EN  PROCESOS AMBIENTALES,Pregrado,Formación técnica profesional,TECNICO PROFESIONAL
TÉCNICA PROFESIONAL EN PROCESOS BANCARIOS Y FINANCIEROS,Pregrado,Formación técnica profesional,TECNICO PROFESIONAL
TÉCNICA PROFESIONAL EN PROCESOS COMERCIALES Y FINANCIEROS,Pregrado,Formación técnica profesional,TECNICO PROFESIONAL
TÉCNICA PROFESIONAL EN PROCESOS COMUNICATIVOS Y COMERCIALES,Pregrado,Formación técnica profesional,TECNICO PROFESIONAL
TECNICA PROFESIONAL EN PROCESOS CONTABLES,Pregrado,Formación técnica profesional,TECNICO PROFESIONAL
TECNICA PROFESIONAL EN PROCESOS CONTABLES Y TRIBUTARIOS,Pregrado,Formación técnica profesional,TECNICO PROFESIONAL
TÉCNICA PROFESIONAL EN PROCESOS DE ADMINISTRACIÓN DEPORTIVA,Pregrado,Formación técnica profesional,TECNICO PROFESIONAL
TÉCNICA PROFESIONAL EN PROCESOS DE ALMACENAMIENTO,Pregrado,Formación técnica profesional,TECNICO PROFESIONAL
TÉCNICA PROFESIONAL EN PROCESOS DE COMERCIALIZACIÓN Y COMUNICACIÓN PUBLICITARIA,Pregrado,Formación técnica profesional,TECNICO PROFESIONAL
TECNICA PROFESIONAL EN PROCESOS DE COMERCIO EXTERIOR,Pregrado,Formación técnica profesional,TECNICO PROFESIONAL
TÉCNICA PROFESIONAL EN PROCESOS DE COMERCIO EXTERIOR Y LOGISTICA,Pregrado,Formación técnica profesional,TECNICO PROFESIONAL
TÉCNICA PROFESIONAL EN PROCESOS DE COMUNICACIÓN DIGITAL,Pregrado,Formación técnica profesional,TECNICO PROFESIONAL
TECNICA PROFESIONAL EN PROCESOS DE DESARROLLO DE PRODUCTO,Pregrado,Formación técnica profesional,TECNICO PROFESIONAL
TECNICA PROFESIONAL EN PROCESOS DE DISEÑO GRÁFICO,Pregrado,Formación técnica profesional,TECNICO PROFESIONAL
TECNICA PROFESIONAL EN PROCESOS DE  ELECTRONICA INDUSTRIAL,Pregrado,Formación técnica profesional,TECNICO PROFESIONAL
Técnica Profesional en Procesos de Gestión Pública,Pregrado,Formación técnica profesional,TECNICO PROFESIONAL
Técnica Profesional en Procesos de Higiene y Seguridad en el Trabajo,Pregrado,Formación técnica profesional,TECNICO PROFESIONAL
TÉCNICA PROFESIONAL EN PROCESOS DE MANEJO AMBIENTAL,Pregrado,Formación técnica profesional,TECNICO PROFESIONAL
TECNICA PROFESIONAL EN PROCESOS DE MANUFACTURA,Pregrado,Formación técnica profesional,TECNICO PROFESIONAL
TÉCNICA PROFESIONAL EN PROCESOS DE MARKETING DIGITAL,Pregrado,Formación técnica profesional,TECNICO PROFESIONAL
TECNICA PROFESIONAL EN PROCESOS  DE MERCADEO,Pregrado,Formación técnica profesional,TECNICO PROFESIONAL
TECNICA PROFESIONAL EN PROCESOS DE MERCADEO DIGITAL,Pregrado,Formación técnica profesional,TECNICO PROFESIONAL
TÉCNICA PROFESIONAL EN PROCESOS DE PRODUCCIÓN,Pregrado,Formación técnica profesional,TECNICO PROFESIONAL
Técnica Profesional en Procesos de Producción de Petróleo y Gas,Pregrado,Formación técnica profesional,TECNICO PROFESIONAL
TÉCNICA PROFESIONAL EN PROCESOS DE PRODUCCIÓN GRAFICA,Pregrado,Formación técnica profesional,TECNICO PROFESIONAL
TÉCNICA PROFESIONAL EN PROCESOS DE PROGRAMACIÓN DE SOFTWARE,Pregrado,Formación técnica profesional,TECNICO PROFESIONAL
TÉCNICA PROFESIONAL EN PROCESOS DE REDES Y COMUNICACIONES,Pregrado,Formación técnica profesional,TECNICO PROFESIONAL
TECNICA PROFESIONAL EN PROCESOS DE SEGURIDAD Y SALUD EN EL TRABAJO,Pregrado,Formación técnica profesional,TECNICO PROFESIONAL
TÉCNICA PROFESIONAL EN PROCESOS DE SISTEMAS INFORMATICOS,Pregrado,Formación técnica profesional,TECNICO PROFESIONAL
Técnica Profesional en Procesos de Transmisión de Energía Eléctrica,Pregrado,Formación técnica profesional,TECNICO PROFESIONAL
TÉCNICA PROFESIONAL EN PROCESOS DEL TURISMO SOSTENIBLE,Pregrado,Formación técnica profesional,TECNICO PROFESIONAL
TECNICA PROFESIONAL EN PROCESOS EMPRESARIALES,Pregrado,Formación técnica profesional,TECNICO PROFESIONAL
TECNICA PROFESIONAL EN PROCESOS EMPRESARIALES PARA MIPYMES,Pregrado,Formación técnica profesional,TECNICO PROFESIONAL
TECNICA PROFESIONAL EN PROCESOS EMPRESARIALES  RURALES,Pregrado,Formación técnica profesional,TECNICO PROFESIONAL
TECNICA PROFESIONAL EN PROCESOS EN MARKETING INTERNACIONAL,Pregrado,Formación técnica profesional,TECNICO PROFESIONAL
TECNICA PROFESIONAL EN PROCESOS FINANCIEROS,Pregrado,Formación técnica profesional,TECNICO PROFESIONAL
TECNICA PROFESIONAL EN PROCESOS GASTRONOMICOS Y DE BEBIDAS,Pregrado,Formación técnica profesional,TECNICO PROFESIONAL
TECNICA PROFESIONAL EN PROCESOS GRÁFICOS,Pregrado,Formación técnica profesional,TECNICO PROFESIONAL
TECNICA PROFESIONAL EN PROCESOS GRÁFICOS DIGITALES,Pregrado,Formación técnica profesional,TECNICO PROFESIONAL
TECNICA PROFESIONAL EN PROCESOS HOTELEROS Y TURÍSTICOS,Pregrado,Formación técnica profesional,TECNICO PROFESIONAL
TECNICA PROFESIONAL EN PROCESOS INFORMATICOS,Pregrado,Formación técnica profesional,TECNICO PROFESIONAL
TÉCNICA PROFESIONAL EN PROCESOS JUDICIALES.,Pregrado,Formación técnica profesional,TECNICO PROFESIONAL
TECNICA PROFESIONAL EN PROCESOS LOGISTICOS Y DE COMERCIO EXTERIOR,Pregrado,Formación técnica profesional,TECNICO PROFESIONAL
TÉCNICA PROFESIONAL  EN PROCESOS METROLÓGICOS,Pregrado,Formación técnica profesional,TECNICO PROFESIONAL
Técnica Profesional en Procesos Operativos de Experiencia e Interfaz de Usuario (UX/UI),Pregrado,Formación técnica profesional,TECNICO PROFESIONAL
TÉCNICA PROFESIONAL EN PROCESOS OPERATIVOS DE SEGURIDAD Y SALUD EN EL TRABAJO,Pregrado,Formación técnica profesional,TECNICO PROFESIONAL
TÉCNICA PROFESIONAL EN PROCESOS OPERATIVOS DEL  MARKETING DIGITAL,Pregrado,Formación técnica profesional,TECNICO PROFESIONAL
TECNICA PROFESIONAL EN PROCESOS ORGANIZACIONALES,Pregrado,Formación técnica profesional,TECNICO PROFESIONAL
TÉCNICA PROFESIONAL EN PROCESOS TURÍSTICOS Y HOTELEROS,Pregrado,Formación técnica profesional,TECNICO PROFESIONAL
TÉCNICA PROFESIONAL EN PRODUCCIÓN ACUÍCOLA CONTINENTAL,Pregrado,Formación técnica profesional,TECNICO PROFESIONAL
Técnica Profesional en Producción Agroeconómica,Pregrado,Formación técnica profesional,TECNICO PROFESIONAL
TECNICA PROFESIONAL EN PRODUCCION AGROPECUARIA,Pregrado,Formación técnica profesional,TECNICO PROFESIONAL
TECNICA PROFESIONAL EN PRODUCCION AGROPECUARIA SOSTENIBLE,Pregrado,Formación técnica profesional,TECNICO PROFESIONAL
TECNICA PROFESIONAL EN PRODUCCIÓN CAFETERA,Pregrado,Formación técnica profesional,TECNICO PROFESIONAL
TECNICA PROFESIONAL EN PRODUCCION DE AUDIO Y VIDEO,Pregrado,Formación técnica profesional,TECNICO PROFESIONAL
TÉCNICA PROFESIONAL EN PRODUCCIÓN DE CONTENIDOS AUDIOVISUALES,Pregrado,Formación técnica profesional,TECNICO PROFESIONAL
TECNICA PROFESIONAL EN PRODUCCIÓN DE CONTENIDOS INFORMATIVOS,Pregrado,Formación técnica profesional,TECNICO PROFESIONAL
TECNICA PROFESIONAL EN PRODUCCION DE FRUTAS Y HORTALIZAS,Pregrado,Formación técnica profesional,TECNICO PROFESIONAL
TECNICA PROFESIONAL EN PRODUCCION DE MATERIAS PRIMAS AGROINDUSTRIALES,Pregrado,Formación técnica profesional,TECNICO PROFESIONAL
TÉCNICA PROFESIONAL EN PRODUCCIÓN DE OBJETOS PARA LA INTERACCIÓN DIGITAL,Pregrado,Formación técnica profesional,TECNICO PROFESIONAL
TÉCNICA PROFESIONAL EN PRODUCCIÓN DE OBJETOS PARA LAS PRÁCTICAS VISUALES,Pregrado,Formación técnica profesional,TECNICO PROFESIONAL
TÉCNICA PROFESIONAL EN PRODUCCIÓN DE PETROLEO Y GAS,Pregrado,Formación técnica profesional,TECNICO PROFESIONAL
TÉCNICA PROFESIONAL EN PRODUCCIÓN DE PIEZAS MULTIMEDIA,Pregrado,Formación técnica profesional,TECNICO PROFESIONAL
TECNICA PROFESIONAL EN PRODUCCIÓN DE VESTUARIO,Pregrado,Formación técnica profesional,TECNICO PROFESIONAL
TECNICA PROFESIONAL EN PRODUCCION FORESTAL POR CICLOS PROPEDEUTICOS,Pregrado,Formación técnica profesional,TECNICO PROFESIONAL
TECNICA PROFESIONAL EN PRODUCCIÓN FOTOGRÁFICA,Pregrado,Formación técnica profesional,TECNICO PROFESIONAL
TÉCNICA PROFESIONAL EN PRODUCCIÓN GRÁFICA,Pregrado,Formación técnica profesional,TECNICO PROFESIONAL
TÉCNICA PROFESIONAL EN PRODUCCIÓN GRÁFICA Y MULTIMEDIAL,Pregrado,Formación técnica profesional,TECNICO PROFESIONAL
TÉCNICA PROFESIONAL EN PRODUCCIÓN PARA LAS PRÁCTICAS MUSICALES,Pregrado,Formación técnica profesional,TECNICO PROFESIONAL
TECNICA PROFESIONAL EN PRODUCCIÓN PUBLICITARIA,Pregrado,Formación técnica profesional,TECNICO PROFESIONAL
TECNICA PROFESIONAL EN PRODUCCIÓN PUBLICITARIA DIGITAL,Pregrado,Formación técnica profesional,TECNICO PROFESIONAL
TÉCNICA PROFESIONAL EN PRODUCCIÓN SONORA PARA CONTENIDOS DIGITALES,Pregrado,Formación técnica profesional,TECNICO PROFESIONAL
TECNICA PROFESIONAL EN PRODUCCIÓN Y COMERCIALIZACION DE LA MODA,Pregrado,Formación técnica profesional,TECNICO PROFESIONAL
TÉCNICA PROFESIONAL EN PRODUCCIÓN Y TRANSFORMACIÓN DEL ACERO,Pregrado,Formación técnica profesional,TECNICO PROFESIONAL
TÉCNICA PROFESIONAL EN PROGRAMACIÓN DE APLICACIONES DE SOFTWARE,Pregrado,Formación técnica profesional,TECNICO PROFESIONAL
TECNICA PROFESIONAL EN PROGRAMACION DE COMPUTADORES,Pregrado,Formación técnica profesional,TECNICO PROFESIONAL
TÉCNICA PROFESIONAL EN PROGRAMACIÓN DE DISPOSITIVOS MÓVILES,Pregrado,Formación técnica profesional,TECNICO PROFESIONAL
TÉCNICA PROFESIONAL EN PROGRAMACIÓN DE SISTEMAS DE INFORMACIÓN,Pregrado,Formación técnica profesional,TECNICO PROFESIONAL
TÉCNICA PROFESIONAL EN PROGRAMACION DE SOFTWARE,Pregrado,Formación técnica profesional,TECNICO PROFESIONAL
TECNICA PROFESIONAL EN PROGRAMACION WEB,Pregrado,Formación técnica profesional,TECNICO PROFESIONAL
TÉCNICA PROFESIONAL EN PROMOCIÓN SOCIAL,Pregrado,Formación técnica profesional,TECNICO PROFESIONAL
TECNICA PROFESIONAL EN PROMOTORIA AMBIENTAL,Pregrado,Formación técnica profesional,TECNICO PROFESIONAL
TECNICA PROFESIONAL EN REALIZACION Y PRODUCCION EN TELEVISION,Pregrado,Formación técnica profesional,TECNICO PROFESIONAL
TÉCNICA PROFESIONAL EN RECONOCIMIENTO ADUANERO,Pregrado,Formación técnica profesional,TECNICO PROFESIONAL
TÉCNICA PROFESIONAL EN REGISTRO DE PROCESOS PRODUCTIVOS,Pregrado,Formación técnica profesional,TECNICO PROFESIONAL
TECNICA PROFESIONAL EN SECRETARIADO EJECUTIVO SISTEMATIZADO,Pregrado,Formación técnica profesional,TECNICO PROFESIONAL
TECNICA PROFESIONAL EN SEGURIDAD E HIGIENE INDUSTRIAL,Pregrado,Formación técnica profesional,TECNICO PROFESIONAL
TÉCNICA PROFESIONAL EN SEGURIDAD INDUSTRIAL,Pregrado,Formación técnica profesional,TECNICO PROFESIONAL
TÉCNICA PROFESIONAL EN SEGURIDAD INTEGRAL CANINA,Pregrado,Formación técnica profesional,TECNICO PROFESIONAL
TECNICA PROFESIONAL EN SEGURIDAD VIAL,Pregrado,Formación técnica profesional,TECNICO PROFESIONAL
TECNICA PROFESIONAL EN SEGURIDAD Y SALUD EN EL TRABAJO,Pregrado,Formación técnica profesional,TECNICO PROFESIONAL
TECNICA PROFESIONAL EN SEGURIDAD Y SALUD EN ELTRABAJO,Pregrado,Formación técnica profesional,TECNICO PROFESIONAL
TÉCNICA PROFESIONAL EN SERVICIO AUTOMOTRIZ,Pregrado,Formación técnica profesional,TECNICO PROFESIONAL
TECNICA PROFESIONAL EN SERVICIOS  ADMINISTRATIVOS DE SALUD,Pregrado,Formación técnica profesional,TECNICO PROFESIONAL
TECNICA PROFESIONAL EN  SERVICIOS TURÍSTICOS Y HOTELEROS,Pregrado,Formación técnica profesional,TECNICO PROFESIONAL
TECNICA PROFESIONAL EN SISTEMAS,Pregrado,Formación técnica profesional,TECNICO PROFESIONAL
TÉCNICA PROFESIONAL EN SOPORTE DE DOCUMENTACIÓN DE CALIDAD,Pregrado,Formación técnica profesional,TECNICO PROFESIONAL
TECNICA PROFESIONAL EN SOPORTE DE HARDWARE Y SOFTWARE,Pregrado,Formación técnica profesional,TECNICO PROFESIONAL
TÉCNICA PROFESIONAL EN SOPORTE DE INFRAESTRUCTURAS INFORMÁTICAS Y REDES DE DATOS,Pregrado,Formación técnica profesional,TECNICO PROFESIONAL
TECNICA PROFESIONAL EN SOPORTE DE SISTEMAS E INFORMÁTICA,Pregrado,Formación técnica profesional,TECNICO PROFESIONAL
TÉCNICA PROFESIONAL EN SOPORTE DE SISTEMAS ELECTRÓNICOS,Pregrado,Formación técnica profesional,TECNICO PROFESIONAL
TÉCNICA PROFESIONAL EN SOPORTE DE SISTEMAS EN INFORMÁTICA,Pregrado,Formación técnica profesional,TECNICO PROFESIONAL
TÉCNICA PROFESIONAL EN SOPORTE DE SISTEMAS INFORMÁTICOS,Pregrado,Formación técnica profesional,TECNICO PROFESIONAL
TECNICA PROFESIONAL EN SOPORTE DE SISTEMAS INFORMÁTICOS Y DE COMUNICACIONES,Pregrado,Formación técnica profesional,TECNICO PROFESIONAL
TÉCNICA PROFESIONAL EN SOPORTE DE SISTEMAS INFORMÁTICOS Y REDES,Pregrado,Formación técnica profesional,TECNICO PROFESIONAL
TECNICA PROFESIONAL EN SOPORTE DE TELECOMUNICACIONES,Pregrado,Formación técnica profesional,TECNICO PROFESIONAL
TÉCNICA PROFESIONAL EN SOPORTE INFORMÁTICO,Pregrado,Formación técnica profesional,TECNICO PROFESIONAL
TECNICA PROFESIONAL EN SOPORTE Y OPERACIÓN DE SISTEMAS INFORMÁTICOS,Pregrado,Formación técnica profesional,TECNICO PROFESIONAL
TÉCNICA PROFESIONAL EN SOPORTE Y PROCESOS INFORMÁTICOS,Pregrado,Formación técnica profesional,TECNICO PROFESIONAL
TECNICA PROFESIONAL EN TECNICAS ARTISTICAS,Pregrado,Formación técnica profesional,TECNICO PROFESIONAL
TECNICA PROFESIONAL EN TECNOLOGIA DE PLASTICOS,Pregrado,Formación técnica profesional,TECNICO PROFESIONAL
TECNICA PROFESIONAL EN TELECOMUNICACIONES,Pregrado,Formación técnica profesional,TECNICO PROFESIONAL
TECNICA PROFESIONAL EN TOPOGRAFIA FORENSE,Pregrado,Formación técnica profesional,TECNICO PROFESIONAL
TÉCNICA PROFESIONAL EN TRANSPORTE TERRESTRE DE CARGA,Pregrado,Formación técnica profesional,TECNICO PROFESIONAL
TECNICA PROFESIONAL EN TURISMO,Pregrado,Formación técnica profesional,TECNICO PROFESIONAL
TÉCNICA PROFESIONAL EN TURISMO SOSTENIBLE,Pregrado,Formación técnica profesional,TECNICO PROFESIONAL
"TÉCNICA PROFESIONAL EN VIDEO, DISCJOCKEY Y SONIDO",Pregrado,Formación técnica profesional,TECNICO PROFESIONAL
TÉCNICA PROFESIONAL JUDICIAL,Pregrado,Formación técnica profesional,TECNICO PROFESIONAL
TÉCNICO EN OPERACIÓN DE SERVICIOS TURÍSTICOS,Pregrado,Formación técnica profesional,TECNICO PROFESIONAL
TECNICO PROFESIONAL EN ACTUACION PARA LAS PRACTICAS ESCENICAS TEATRALES,Pregrado,Formación técnica profesional,TECNICO PROFESIONAL
TÉCNICO PROFESIONAL EN ACUICULTURA,Pregrado,Formación técnica profesional,TECNICO PROFESIONAL
Técnico Profesional en Agricultura de Precisión,Pregrado,Formación técnica profesional,TECNICO PROFESIONAL
TÉCNICO PROFESIONAL EN ANÁLISIS DE ALIMENTOS,Pregrado,Formación técnica profesional,TECNICO PROFESIONAL
"TÉCNICO PROFESIONAL EN ANÁLISIS Y REPORTE DE DATOS,",Pregrado,Formación técnica profesional,TECNICO PROFESIONAL
TÉCNICO PROFESIONAL EN ANIMACIÓN Y MULTIMEDIA,Pregrado,Formación técnica profesional,TECNICO PROFESIONAL
TÉCNICO PROFESIONAL EN APLICACIONES WEB,Pregrado,Formación técnica profesional,TECNICO PROFESIONAL
Técnico Profesional En Archivística,Pregrado,Formación técnica profesional,TECNICO PROFESIONAL
TÉCNICO PROFESIONAL EN ASEGURAMIENTO Y PROCESAMIENTO DE BASES DE DATOS,Pregrado,Formación técnica profesional,TECNICO PROFESIONAL
TÉCNICO PROFESIONAL EN ASESORÍA COMERCIAL PARA SOLUCIONES DIGITALES,Pregrado,Formación técnica profesional,TECNICO PROFESIONAL
Técnico Profesional en Atención Integral a la Primera Infancia,Pregrado,Formación técnica profesional,TECNICO PROFESIONAL
TECNICO PROFESIONAL EN ATENCION Y CUIDADO A LA PRIMERA INFANCIA,Pregrado,Formación técnica profesional,TECNICO PROFESIONAL
TÉCNICO PROFESIONAL EN AVALÚOS INMOBILIARIOS URBANOS Y RURALES,Pregrado,Formación técnica profesional,TECNICO PROFESIONAL
TÉCNICO PROFESIONAL EN BIOCOMERCIO,Pregrado,Formación técnica profesional,TECNICO PROFESIONAL
TECNICO PROFESIONAL EN COMERCIO EXTERIOR,Pregrado,Formación técnica profesional,TECNICO PROFESIONAL
TECNICO PROFESIONAL EN COMERCIO EXTERIOR Y NEGOCIOS INTERNACIONALES,Pregrado,Formación técnica profesional,TECNICO PROFESIONAL
TÉCNICO PROFESIONAL EN COMERCIO INTERNACIONAL,Pregrado,Formación técnica profesional,TECNICO PROFESIONAL
TECNICO PROFESIONAL EN COMERCIO Y NEGOCIOS INTERNACIONALES,Pregrado,Formación técnica profesional,TECNICO PROFESIONAL
TÉCNICO PROFESIONAL EN CONDUCCIÓN DE VEHÍCULOS DE TRANSPORTE TERRESTRE,Pregrado,Formación técnica profesional,TECNICO PROFESIONAL
TÉCNICO PROFESIONAL EN CONSTRUCCIÓN Y OPERACIÓN DE SITIOS WEB,Pregrado,Formación técnica profesional,TECNICO PROFESIONAL
Técnico Profesional en Contabilidad,Pregrado,Formación técnica profesional,TECNICO PROFESIONAL
TECNICO PROFESIONAL EN CONTABILIDAD Y COSTOS,Pregrado,Formación técnica profesional,TECNICO PROFESIONAL
TÉCNICO PROFESIONAL EN CONTABILIDAD Y FINANZAS,Pregrado,Formación técnica profesional,TECNICO PROFESIONAL
TECNICO PROFESIONAL EN CONTROL AMBIENTAL,Pregrado,Formación técnica profesional,TECNICO PROFESIONAL
TECNICO PROFESIONAL EN CONTROL INDUSTRIAL,Pregrado,Formación técnica profesional,TECNICO PROFESIONAL
TECNICO PROFESIONAL EN COSTOS Y CONTABILIDAD,Pregrado,Formación técnica profesional,TECNICO PROFESIONAL
Técnico Profesional en Creación de Contenidos Digitales,Pregrado,Formación técnica profesional,TECNICO PROFESIONAL
TECNICO PROFESIONAL EN CRIMINALISTICA,Pregrado,Formación técnica profesional,TECNICO PROFESIONAL
Técnico Profesional en Cuidado y Desarrollo de la Primera Infancia,Pregrado,Formación técnica profesional,TECNICO PROFESIONAL
TÉCNICO PROFESIONAL EN DECORACIÓN DE AMBIENTES,Pregrado,Formación técnica profesional,TECNICO PROFESIONAL
Técnico Profesional en Depuración y Procesamiento de  Datos para Inteligencia Artificial,Pregrado,Formación técnica profesional,TECNICO PROFESIONAL
Técnico Profesional en Desarrollo de Aplicaciones para IoT,Pregrado,Formación técnica profesional,TECNICO PROFESIONAL
Técnico Profesional en Desarrollo de Aplicaciones Web,Pregrado,Formación técnica profesional,TECNICO PROFESIONAL
TÉCNICO PROFESIONAL EN DESARROLLO DE APLICACIONES WEB MÓVILES,Pregrado,Formación técnica profesional,TECNICO PROFESIONAL
TÉCNICO PROFESIONAL EN DESARROLLO DE PROCESOS Y SERVICIOS BIBLIOTECARIOS,Pregrado,Formación técnica profesional,TECNICO PROFESIONAL
Técnico Profesional en Desarrollo de Software,Pregrado,Formación técnica profesional,TECNICO PROFESIONAL
TÉCNICO PROFESIONAL EN DESARROLLO DE SOFTWARE PARA DISPOSITIVOS MÓVILES,Pregrado,Formación técnica profesional,TECNICO PROFESIONAL
TÉCNICO PROFESIONAL  EN DESARROLLO PARA DISPOSITIVOS MOVILES,Pregrado,Formación técnica profesional,TECNICO PROFESIONAL
TECNICO PROFESIONAL EN DISEÑO DE MODAS,Pregrado,Formación técnica profesional,TECNICO PROFESIONAL
TECNICO PROFESIONAL EN DISEÑO GRAFICO,Pregrado,Formación técnica profesional,TECNICO PROFESIONAL
TÉCNICO PROFESIONAL EN DISEÑO WEB Y MULTIMEDIA,Pregrado,Formación técnica profesional,TECNICO PROFESIONAL
Técnico Profesional en Ejercicio y acondicionamiento físico,Pregrado,Formación técnica profesional,TECNICO PROFESIONAL
TECNICO PROFESIONAL EN EL MANTENIMIENTO Y OPERACIÓN DE ARMAS BASICAS DE INFANTERIA,Pregrado,Formación técnica profesional,TECNICO PROFESIONAL
TECNICO PROFESIONAL EN ENTRENAMIENTO DE FUTBOL,Pregrado,Formación técnica profesional,TECNICO PROFESIONAL
TÉCNICO PROFESIONAL EN ENTRENAMIENTO DE FÚTBOL FORMATIVO,Pregrado,Formación técnica profesional,TECNICO PROFESIONAL
TÉCNICO PROFESIONAL EN ENTRENAMIENTO DEPORTIVO,Pregrado,Formación técnica profesional,TECNICO PROFESIONAL
TECNICO PROFESIONAL EN ESTABLECIMIENTO Y APROVECHAMIENTO DE PLANTACIONES FORESTALES,Pregrado,Formación técnica profesional,TECNICO PROFESIONAL
"Técnico Profesional en Expresión Artística, Corporal y  Vocal para la Escena",Pregrado,Formación técnica profesional,TECNICO PROFESIONAL
TÉCNICO PROFESIONAL EN EXPRESIÓN GRÁFICA Y DIGITAL,Pregrado,Formación técnica profesional,TECNICO PROFESIONAL
TECNICO PROFESIONAL EN FORMULACIÓN E IMPLEMENTACIÓN DE PROYECTOS AGROPECUARIOS,Pregrado,Formación técnica profesional,TECNICO PROFESIONAL
TECNICO PROFESIONAL EN GASTRONOMIA,Pregrado,Formación técnica profesional,TECNICO PROFESIONAL
TÉCNICO PROFESIONAL EN GESTIÓN AMBIENTAL,Pregrado,Formación técnica profesional,TECNICO PROFESIONAL
TÉCNICO PROFESIONAL EN GESTIÓN COMERCIAL DEL SECTOR AGROPECUARIO,Pregrado,Formación técnica profesional,TECNICO PROFESIONAL
TECNICO PROFESIONAL EN HOTELERÍA Y TURISMO,Pregrado,Formación técnica profesional,TECNICO PROFESIONAL
TÉCNICO PROFESIONAL EN INSTALACIÓN DE REDES ELÉCTRICAS DE BAJA Y MEDIA TENSIÓN,Pregrado,Formación técnica profesional,TECNICO PROFESIONAL
TÉCNICO PROFESIONAL EN INSTALACIÓN DE SISTEMAS DE ENERGÍA RENOVABLE,Pregrado,Formación técnica profesional,TECNICO PROFESIONAL
Técnico Profesional en Instalación y Mantenimiento de Sistemas Fotovoltaicos,Pregrado,Formación técnica profesional,TECNICO PROFESIONAL
TÉCNICO PROFESIONAL EN INSTALACIÓN Y MANTENIMIENTO ELÉCTRICO,Pregrado,Formación técnica profesional,TECNICO PROFESIONAL
TÉCNICO PROFESIONAL EN INTELIGENCIA Y CONTRAINTELIGENCIA POLICIAL,Pregrado,Formación técnica profesional,TECNICO PROFESIONAL
Técnico Profesional en Internet de las Cosas IoT,Pregrado,Formación técnica profesional,TECNICO PROFESIONAL
TECNICO PROFESIONAL EN LABORATORIO,Pregrado,Formación técnica profesional,TECNICO PROFESIONAL
TÉCNICO PROFESIONAL EN LOGÍSTICA DE AGRONEGOCIOS,Pregrado,Formación técnica profesional,TECNICO PROFESIONAL
TECNICO PROFESIONAL EN LOGISTICA EMPRESARIAL,Pregrado,Formación técnica profesional,TECNICO PROFESIONAL
Técnico Profesional en Manejo Ambiental y Sostenibilidad,Pregrado,Formación técnica profesional,TECNICO PROFESIONAL
TÉCNICO PROFESIONAL EN MANEJO DE SUELOS Y AGUAS,Pregrado,Formación técnica profesional,TECNICO PROFESIONAL
TÉCNICO PROFESIONAL EN MANEJO ECOLÓGICO DE PLAGAS,Pregrado,Formación técnica profesional,TECNICO PROFESIONAL
TÉCNICO PROFESIONAL EN MANEJO SILVICULTURAL,Pregrado,Formación técnica profesional,TECNICO PROFESIONAL
TECNICO PROFESIONAL EN MANEJO SILVICULTURAL POR CICLOS PROPEDEUTICOS,Pregrado,Formación técnica profesional,TECNICO PROFESIONAL
TÉCNICO PROFESIONAL EN MANEJO Y CONSERVACIÓN DE PRODUCTOS AGROINDUSTRIALES,Pregrado,Formación técnica profesional,TECNICO PROFESIONAL
TECNICO PROFESIONAL EN MANTENIMIENTO DE SISTEMAS INFORMÁTICOS,Pregrado,Formación técnica profesional,TECNICO PROFESIONAL
TECNICO PROFESIONAL EN  MANTENIMIENTO DE SISTEMAS MECATRÓNICOS,Pregrado,Formación técnica profesional,TECNICO PROFESIONAL
TECNICO PROFESIONAL EN MANTENIMIENTO ELECTRONICO INDUSTRIAL,Pregrado,Formación técnica profesional,TECNICO PROFESIONAL
TÉCNICO PROFESIONAL EN MANTENIMIENTO INDUSTRIAL,Pregrado,Formación técnica profesional,TECNICO PROFESIONAL
TECNICO PROFESIONAL EN MANTENIMIENTO MECANICO,Pregrado,Formación técnica profesional,TECNICO PROFESIONAL
TECNICO PROFESIONAL EN MANTENIMIENTO Y CONFIGURACION DE REDES DE COMUNICACION,Pregrado,Formación técnica profesional,TECNICO PROFESIONAL
TÉCNICO PROFESIONAL EN MAQUILLAJE ARTISTICO,Pregrado,Formación técnica profesional,TECNICO PROFESIONAL
TECNICO PROFESIONAL EN MARKETING DIGITAL,Pregrado,Formación técnica profesional,TECNICO PROFESIONAL
TÉCNICO PROFESIONAL EN MECÁNICA AUTOMOTRIZ,Pregrado,Formación técnica profesional,TECNICO PROFESIONAL
TÉCNICO PROFESIONAL EN MECÁNICA DE MOTOS,Pregrado,Formación técnica profesional,TECNICO PROFESIONAL
TÉCNICO PROFESIONAL EN MECÁNICA DE VEHÍCULOS HÍBRIDOS Y ELÉCTRICOS,Pregrado,Formación técnica profesional,TECNICO PROFESIONAL
TECNICO PROFESIONAL EN MECANICA DIESEL,Pregrado,Formación técnica profesional,TECNICO PROFESIONAL
TÉCNICO PROFESIONAL EN MECATRÓNICA,Pregrado,Formación técnica profesional,TECNICO PROFESIONAL
Técnico Profesional en Mejoramiento de Procesos Industriales,Pregrado,Formación técnica profesional,TECNICO PROFESIONAL
TECNICO PROFESIONAL EN MERCADEO,Pregrado,Formación técnica profesional,TECNICO PROFESIONAL
TÉCNICO PROFESIONAL EN MERCADEO Y PUBLICIDAD,Pregrado,Formación técnica profesional,TECNICO PROFESIONAL
Técnico Profesional en Montaje y Mantenimiento de Energías Renovables,Pregrado,Formación técnica profesional,TECNICO PROFESIONAL
TÉCNICO PROFESIONAL EN MUESTREO Y MONITOREO AMBIENTAL,Pregrado,Formación técnica profesional,TECNICO PROFESIONAL
TÉCNICO PROFESIONAL EN OPERACIÓN DE ALMACENES Y TRANSPORTE,Pregrado,Formación técnica profesional,TECNICO PROFESIONAL
TECNICO PROFESIONAL EN OPERACIÓN DE COCINA Y RESTAURACION,Pregrado,Formación técnica profesional,TECNICO PROFESIONAL
TECNICO PROFESIONAL EN OPERACIÓN DE EMPRESAS TURÍSTICAS,Pregrado,Formación técnica profesional,TECNICO PROFESIONAL
TÉCNICO PROFESIONAL EN OPERACIÓN DE EQUIPOS DE AUSCULTACIÓN MINERO ENERGÉTICO,Pregrado,Formación técnica profesional,TECNICO PROFESIONAL
TÉCNICO PROFESIONAL EN OPERACIÓN DE EQUIPOS DE MUESTREO MINERO ENERGÉTIC0,Pregrado,Formación técnica profesional,TECNICO PROFESIONAL
TÉCNICO PROFESIONAL EN OPERACIÓN DE MEDIOS VIRTUALES,Pregrado,Formación técnica profesional,TECNICO PROFESIONAL
TÉCNICO PROFESIONAL EN OPERACIÓN DE OBJETOS VIRTUALES,Pregrado,Formación técnica profesional,TECNICO PROFESIONAL
TÉCNICO PROFESIÓNAL EN  OPERACIÓN DE PROCESO ADUANEROS,Pregrado,Formación técnica profesional,TECNICO PROFESIONAL
TÉCNICO PROFESIONAL EN OPERACIÓN DE PROCESOS ADUANEROS,Pregrado,Formación técnica profesional,TECNICO PROFESIONAL
TECNICO PROFESIONAL EN OPERACION DE PROYECTOS,Pregrado,Formación técnica profesional,TECNICO PROFESIONAL
TÉCNICO PROFESIONAL EN OPERACIÓN  DE SERVICIOS GASTRONÓMICOS,Pregrado,Formación técnica profesional,TECNICO PROFESIONAL
TECNICO PROFESIONAL EN OPERACION DE SISTEMAS DE INFORMACION,Pregrado,Formación técnica profesional,TECNICO PROFESIONAL
TÉCNICO PROFESIONAL EN OPERACIÓN DE SONIDO Y GRABACIÓN,Pregrado,Formación técnica profesional,TECNICO PROFESIONAL
TÉCNICO PROFESIONAL EN OPERACIÓN DEL PUNTO DE VENTA,Pregrado,Formación técnica profesional,TECNICO PROFESIONAL
TECNICO PROFESIONAL EN OPERACION DEL RECURSO ENERGETICO,Pregrado,Formación técnica profesional,TECNICO PROFESIONAL
TÉCNICO PROFESIONAL EN OPERACIÓN DEL TRANSPORTE MULTIMODAL,Pregrado,Formación técnica profesional,TECNICO PROFESIONAL
TÉCNICO PROFESIONAL EN OPERACIÓN HOTELERA,Pregrado,Formación técnica profesional,TECNICO PROFESIONAL
TÉCNICO PROFESIONAL EN OPERACIÓN LOGÍSTICA,Pregrado,Formación técnica profesional,TECNICO PROFESIONAL
TÉCNICO PROFESIONAL EN OPERACIÓN TURÍSTICA,Pregrado,Formación técnica profesional,TECNICO PROFESIONAL
Técnico Profesional en Operaciones Contables y Financieras Digitales,Pregrado,Formación técnica profesional,TECNICO PROFESIONAL
TÉCNICO PROFESIONAL EN OPERACIONES DE COMERCIO ELECTRÓNICO,Pregrado,Formación técnica profesional,TECNICO PROFESIONAL
TECNICO PROFESIONAL EN OPERACIONES DE COMERCIO EXTERIOR,Pregrado,Formación técnica profesional,TECNICO PROFESIONAL
TÉCNICO PROFESIONAL EN OPERACIONES DE IMPORTACIÓN Y EXPORTACIÓN,Pregrado,Formación técnica profesional,TECNICO PROFESIONAL
Técnico Profesional en Operaciones de Manufactura  Sostenible,Pregrado,Formación técnica profesional,TECNICO PROFESIONAL
Técnico Profesional en Operaciones de Mercadeo y Ventas,Pregrado,Formación técnica profesional,TECNICO PROFESIONAL
Técnico Profesional en Operaciones Fintech,Pregrado,Formación técnica profesional,TECNICO PROFESIONAL
TECNICO PROFESIONAL EN OPERACIONES GASTRONOMICAS,Pregrado,Formación técnica profesional,TECNICO PROFESIONAL
TECNICO PROFESIONAL EN OPERACIONES LOGISTICAS,Pregrado,Formación técnica profesional,TECNICO PROFESIONAL
Técnico Profesional en Operaciones Logísticas de la  Cadena de Abastecimiento,Pregrado,Formación técnica profesional,TECNICO PROFESIONAL
TECNICO PROFESIONAL EN OPERACIONES PORTUARIAS,Pregrado,Formación técnica profesional,TECNICO PROFESIONAL
Técnico Profesional en Operaciones Turísticas y Hoteleras,Pregrado,Formación técnica profesional,TECNICO PROFESIONAL
Técnico Profesional en Operaciones y Mantenimiento de Sistemas Informáticos,Pregrado,Formación técnica profesional,TECNICO PROFESIONAL
TÉCNICO PROFESIONAL EN ORGANIZACIÓN Y AMBIENTACIÓN DE EVENTOS,Pregrado,Formación técnica profesional,TECNICO PROFESIONAL
TECNICO PROFESIONAL EN   PASTELERÍA Y   PANADERÍA,Pregrado,Formación técnica profesional,TECNICO PROFESIONAL
TÉCNICO PROFESIONAL EN PERFORACIÓN DE POZOS PETROLÍFEROS,Pregrado,Formación técnica profesional,TECNICO PROFESIONAL
Técnico Profesional en Peritaje Ambiental,Pregrado,Formación técnica profesional,TECNICO PROFESIONAL
TECNICO PROFESIONAL EN PREVENCIÓN DE RIESGOS LABORALES,Pregrado,Formación técnica profesional,TECNICO PROFESIONAL
TECNICO PROFESIONAL EN PREVENCION Y REHABILITACION,Pregrado,Formación técnica profesional,TECNICO PROFESIONAL
Técnico Profesional en Procesamiento Agroindustrial,Pregrado,Formación técnica profesional,TECNICO PROFESIONAL
Técnico Profesional en Procesamiento  del Café y Cacao,Pregrado,Formación técnica profesional,TECNICO PROFESIONAL
TECNICO PROFESIONAL EN PROCESOS ADMINISTRATIVOS,Pregrado,Formación técnica profesional,TECNICO PROFESIONAL
Técnico Profesional en Procesos Administrativos Bilingüe,Pregrado,Formación técnica profesional,TECNICO PROFESIONAL
TECNICO PROFESIONAL EN PROCESOS ADMINISTRATIVOS DE DISEÑO DE MODAS,Pregrado,Formación técnica profesional,TECNICO PROFESIONAL
TECNICO PROFESIONAL EN PROCESOS ADMINISTRATIVOS DE OBRAS DE CONSTRUCCIÓN,Pregrado,Formación técnica profesional,TECNICO PROFESIONAL
TECNICO PROFESIONAL EN PROCESOS ADMINISTRATIVOS DE SEGURIDAD Y SALUD EN EL TRABAJO,Pregrado,Formación técnica profesional,TECNICO PROFESIONAL
TÉCNICO PROFESIONAL EN PROCESOS ADMINISTRATIVOS EN SALUD,Pregrado,Formación técnica profesional,TECNICO PROFESIONAL
TECNICO PROFESIONAL EN PROCESOS ADMINISTRATIVOS Y FINANCIEROS,Pregrado,Formación técnica profesional,TECNICO PROFESIONAL
TÉCNICO PROFESIONAL EN PROCESOS ADUANEROS,Pregrado,Formación técnica profesional,TECNICO PROFESIONAL
TECNICO PROFESIONAL EN PROCESOS AGROFORESTALES,Pregrado,Formación técnica profesional,TECNICO PROFESIONAL
TECNICO PROFESIONAL EN PROCESOS  AGROINDUSTRIALES,Pregrado,Formación técnica profesional,TECNICO PROFESIONAL
TÉCNICO PROFESIONAL EN PROCESOS AMBIENTALES,Pregrado,Formación técnica profesional,TECNICO PROFESIONAL
TECNICO PROFESIONAL EN PROCESOS CONTABLES,Pregrado,Formación técnica profesional,TECNICO PROFESIONAL
Técnico Profesional en Procesos Contables y Financieros,Pregrado,Formación técnica profesional,TECNICO PROFESIONAL
TÉCNICO PROFESIONAL EN PROCESOS CONTABLES Y TRIBUTARIOS,Pregrado,Formación técnica profesional,TECNICO PROFESIONAL
TÉCNICO PROFESIONAL EN PROCESOS DE CLOUD COMPUTING,Pregrado,Formación técnica profesional,TECNICO PROFESIONAL
TÉCNICO PROFESIONAL EN PROCESOS DE DISEÑO DE MODAS,Pregrado,Formación técnica profesional,TECNICO PROFESIONAL
TÉCNICO PROFESIONAL EN PROCESOS DE GESTIÓN PÚBLICA TERRITORIAL,Pregrado,Formación técnica profesional,TECNICO PROFESIONAL
TECNICO PROFESIONAL EN PROCESOS DE IMPORTACIONES Y EXPORTACIONES,Pregrado,Formación técnica profesional,TECNICO PROFESIONAL
Técnico Profesional en Procesos de Inteligencia de Negocios,Pregrado,Formación técnica profesional,TECNICO PROFESIONAL
TECNICO PROFESIONAL EN PROCESOS DE LA SEGURIDAD Y SALUD EN EL TRABAJO,Pregrado,Formación técnica profesional,TECNICO PROFESIONAL
Técnico Profesional en Procesos de Manufactura,Pregrado,Formación técnica profesional,TECNICO PROFESIONAL
TECNICO PROFESIONAL EN PROCESOS DE MERCADEO,Pregrado,Formación técnica profesional,TECNICO PROFESIONAL
TECNICO PROFESIONAL EN PROCESOS DE MERCADEO DIGITAL,Pregrado,Formación técnica profesional,TECNICO PROFESIONAL
TÉCNICO PROFESIONAL EN PROCESOS DE MERCADEO Y ESTRATEGIAS COMERCIALES,Pregrado,Formación técnica profesional,TECNICO PROFESIONAL
TÉCNICO PROFESIONAL EN PROCESOS DE PUBLICIDAD DIGITAL,Pregrado,Formación técnica profesional,TECNICO PROFESIONAL
TECNICO PROFESIONAL EN PROCESOS DE  SEGURIDAD Y SALUD EN EL TRABAJO,Pregrado,Formación técnica profesional,TECNICO PROFESIONAL
TECNICO PROFESIONAL EN PROCESOS DE SOLDADURA,Pregrado,Formación técnica profesional,TECNICO PROFESIONAL
TÉCNICO PROFESIONAL EN PROCESOS DEL TALENTO HUMANO,Pregrado,Formación técnica profesional,TECNICO PROFESIONAL
TECNICO PROFESIONAL EN PROCESOS EMPRESARIALES,Pregrado,Formación técnica profesional,TECNICO PROFESIONAL
Técnico Profesional en Procesos Gastronómicos,Pregrado,Formación técnica profesional,TECNICO PROFESIONAL
TÉCNICO PROFESIONAL EN PROCESOS GRÁFICOS,Pregrado,Formación técnica profesional,TECNICO PROFESIONAL
TÉCNICO PROFESIONAL EN PROCESOS HOTELEROS Y DE SERVICIOS,Pregrado,Formación técnica profesional,TECNICO PROFESIONAL
TÉCNICO PROFESIONAL EN PROCESOS LOGISTICOS,Pregrado,Formación técnica profesional,TECNICO PROFESIONAL
TECNICO PROFESIONAL EN PROCESOS VIALES Y DE TRANSPORTE,Pregrado,Formación técnica profesional,TECNICO PROFESIONAL
TECNICO PROFESIONAL EN PRODUCCION AGRICOLA,Pregrado,Formación técnica profesional,TECNICO PROFESIONAL
TÉCNICO PROFESIONAL EN PRODUCCIÓN AGRÍCOLA SOSTENIBLE,Pregrado,Formación técnica profesional,TECNICO PROFESIONAL
TÉCNICO PROFESIONAL EN PRODUCCIÓN AGROECOLÓGICA DE CULTIVOS,Pregrado,Formación técnica profesional,TECNICO PROFESIONAL
TECNICO PROFESIONAL EN PRODUCCIÓN AGROINDUSTRIAL DE ALIMENTOS,Pregrado,Formación técnica profesional,TECNICO PROFESIONAL
TECNICO PROFESIONAL EN PRODUCCION AGROPECUARIA,Pregrado,Formación técnica profesional,TECNICO PROFESIONAL
TÉCNICO PROFESIONAL EN PRODUCCIÓN CAFETERA,Pregrado,Formación técnica profesional,TECNICO PROFESIONAL
TÉCNICO PROFESIONAL EN PRODUCCIÓN DE ALTA COSTURA,Pregrado,Formación técnica profesional,TECNICO PROFESIONAL
Técnico Profesional en  Producción de Audio y Sonido  en Vivo,Pregrado,Formación técnica profesional,TECNICO PROFESIONAL
Técnico Profesional en Producción de Contenidos Interactivos,Pregrado,Formación técnica profesional,TECNICO PROFESIONAL
TÉCNICO PROFESIONAL EN PRODUCCIÓN DE GANADERÍA SOSTENIBLE,Pregrado,Formación técnica profesional,TECNICO PROFESIONAL
TECNICO PROFESIONAL EN PRODUCCIÓN EN DISEÑO DE INTERIORES,Pregrado,Formación técnica profesional,TECNICO PROFESIONAL
TECNICO PROFESIONAL EN PRODUCCIÓN EN DISEÑO INDUSTRIAL,Pregrado,Formación técnica profesional,TECNICO PROFESIONAL
TECNICO PROFESIONAL EN PRODUCCIÓN EN PUBLICIDAD,Pregrado,Formación técnica profesional,TECNICO PROFESIONAL
Técnico Profesional en Producción en Publicidad y Medios Digitales,Pregrado,Formación técnica profesional,TECNICO PROFESIONAL
TECNICO PROFESIONAL EN PRODUCCION GRAFICA,Pregrado,Formación técnica profesional,TECNICO PROFESIONAL
TÉCNICO PROFESIONAL EN PRODUCCIÓN GRÁFICA Y MULTIMEDIA,Pregrado,Formación técnica profesional,TECNICO PROFESIONAL
TECNICO PROFESIONAL EN PRODUCCIÓN MULTIMEDIAL,Pregrado,Formación técnica profesional,TECNICO PROFESIONAL
TÉCNICO PROFESIONAL EN PROGRAMACIÓN DE APLICACIONES INFORMÁTICAS,Pregrado,Formación técnica profesional,TECNICO PROFESIONAL
TECNICO PROFESIONAL EN PROGRAMACIÓN DE COMPUTADORES,Pregrado,Formación técnica profesional,TECNICO PROFESIONAL
TÉCNICO PROFESIONAL EN PROGRAMACIÓN DE SISTEMAS DE INFORMACIÓN,Pregrado,Formación técnica profesional,TECNICO PROFESIONAL
TECNICO PROFESIONAL EN PROGRAMACION DE SOFTWARE,Pregrado,Formación técnica profesional,TECNICO PROFESIONAL
Técnico Profesional en Programación de Software Libre,Pregrado,Formación técnica profesional,TECNICO PROFESIONAL
Técnico profesional en Programación para dispositivos móviles,Pregrado,Formación técnica profesional,TECNICO PROFESIONAL
Técnico Profesional en Programación para Videojuegos,Pregrado,Formación técnica profesional,TECNICO PROFESIONAL
TECNICO PROFESIONAL EN PROGRAMACION WEB,Pregrado,Formación técnica profesional,TECNICO PROFESIONAL
TÉCNICO PROFESIONAL EN PROMOCIÓN DE PROYECTOS SOCIALES,Pregrado,Formación técnica profesional,TECNICO PROFESIONAL
TÉCNICO  PROFESIONAL EN PROTECCIÓN Y SEGURIDAD A PERSONAS E INSTALACIONES,Pregrado,Formación técnica profesional,TECNICO PROFESIONAL
Técnico Profesional en Prototipado de Productos,Pregrado,Formación técnica profesional,TECNICO PROFESIONAL
TÉCNICO PROFESIONAL EN REDES ELÉCTRICAS DE DISTRIBUCIÓN DE ENERGÍA,Pregrado,Formación técnica profesional,TECNICO PROFESIONAL
TECNICO PROFESIONAL EN REGISTRO Y CONTROL DE PROCESOS PRODUCTIVOS,Pregrado,Formación técnica profesional,TECNICO PROFESIONAL
TÉCNICO PROFESIONAL EN RELACIONAMIENTO DIGITAL CON CLIENTES ENFOQUE CRM,Pregrado,Formación técnica profesional,TECNICO PROFESIONAL
TECNICO PROFESIONAL EN SALUD ORAL,Pregrado,Formación técnica profesional,TECNICO PROFESIONAL
TÉCNICO PROFESIONAL EN SANEAMIENTO AMBIENTAL,Pregrado,Formación técnica profesional,TECNICO PROFESIONAL
TECNICO PROFESIONAL EN SEGURIDAD INDUSTRIAL,Pregrado,Formación técnica profesional,TECNICO PROFESIONAL
TECNICO PROFESIONAL EN SEGURIDAD Y SALUD EN EL TRABAJO,Pregrado,Formación técnica profesional,TECNICO PROFESIONAL
TECNICO PROFESIONAL EN SERVICIO DE POLICIA,Pregrado,Formación técnica profesional,TECNICO PROFESIONAL
TÉCNICO PROFESIONAL EN SERVICIOS A BORDO,Pregrado,Formación técnica profesional,TECNICO PROFESIONAL
TÉCNICO PROFESIONAL EN SERVICIOS DE SEGURIDAD INFORMATICA,Pregrado,Formación técnica profesional,TECNICO PROFESIONAL
TÉCNICO PROFESIONAL EN SERVICIOS TURÍSTICOS Y HOTELEROS,Pregrado,Formación técnica profesional,TECNICO PROFESIONAL
TÉCNICO PROFESIONAL EN SISTEMA INDÍGENA DE SALUD PROPIA INTERCULTURAL -SISPI,Pregrado,Formación técnica profesional,TECNICO PROFESIONAL
TECNICO PROFESIONAL EN SISTEMAS DE COMPUTO,Pregrado,Formación técnica profesional,TECNICO PROFESIONAL
Técnico profesional en Soporte para el Aseguramiento y Control de la Calidad,Pregrado,Formación técnica profesional,TECNICO PROFESIONAL
"TÉCNICO PROFESIONAL EN TRÁNSITO, TRANSPORTE Y SEGURIDAD VIAL",Pregrado,Formación técnica profesional,TECNICO PROFESIONAL
Técnico Profesional en UX Design,Pregrado,Formación técnica profesional,TECNICO PROFESIONAL
TÉCNICO PROFESIONAL EN VENTAS Y NEGOCIOS,Pregrado,Formación técnica profesional,TECNICO PROFESIONAL
TÉCNICO PROFESIONAL PROMOTORIA AMBIENTAL,Pregrado,Formación técnica profesional,TECNICO PROFESIONAL
Técnico Profesonal en Programación Web,Pregrado,Formación técnica profesional,TECNICO PROFESIONAL
GEOTECNOLOGIA,Pregrado,Tecnológico,TECNOLOGICO
Gestión de operaciones logísticas,Pregrado,Tecnológico,TECNOLOGICO
GESTIÓN FINANCIERA Y BANCARIA,Pregrado,Tecnológico,TECNOLOGICO
Profesional en Ciencia de Datos,Pregrado,Tecnológico,TECNOLOGICO
PROFESIONAL UNIVERSITARIO EN DESARROLLO DE EXPERIENCIAS PARA LA INTERACCIÓN DIGITAL,Pregrado,Tecnológico,TECNOLOGICO
"TECNOLGÍA EN GESTIÓN INTEGRADA DE LA CALIDAD, MEDIO AMBIENTE, SEGURIDAD Y SALUD OCUPACIONAL",Pregrado,Tecnológico,TECNOLOGICO
TECNOLOGIA AGROAMBIENTAL,Pregrado,Tecnológico,TECNOLOGICO
TECNOLOGIA AGROFORESTAL,Pregrado,Tecnológico,TECNOLOGICO
TECNOLOGÍA AGROINDUSTRIAL,Pregrado,Tecnológico,TECNOLOGICO
TECNOLOGÍA AGROINDUSTRIAL (POR CICLOS),Pregrado,Tecnológico,TECNOLOGICO
TECNOLOGIA AGROPECUARIA,Pregrado,Tecnológico,TECNOLOGICO
TECNOLOGÍA BIOMÉDICA,Pregrado,Tecnológico,TECNOLOGICO
TECNOLOGIA COMERCIAL Y FINANCIERA,Pregrado,Tecnológico,TECNOLOGICO
TECNOLOGÍA DE DISEÑO DE ELEMENTOS MECÁNICOS PARA SU FABRICACIÓN CON MÁQUINAS HERRAMIENTAS CNC,Pregrado,Tecnológico,TECNOLOGICO
TECNOLOGIA DE GESTION ADMINISTRATIVA,Pregrado,Tecnológico,TECNOLOGICO
TECNOLOGIA DE GESTION ADMINISTRATIVA EN SERVICIOS DE SALUD,Pregrado,Tecnológico,TECNOLOGICO
TECNOLOGÍA DE GESTIÓN EN SISTEMAS INTEGRADOS,Pregrado,Tecnológico,TECNOLOGICO
TECNOLOGÍA DE GESTIÓN GASTRONÓMICA Y DE BEBIDAS,Pregrado,Tecnológico,TECNOLOGICO
TECNOLOGIA DE PROCESAMIENTO DE ALIMENTOS,Pregrado,Tecnológico,TECNOLOGICO
TECNOLOGIA DE PROGRAMACIÓN DE SISTEMAS INFORMATICOS,Pregrado,Tecnológico,TECNOLOGICO
TECNOLOGÍA DE TRANSFORMACIÓN DE PRODUCTOS AGROPECUARIOS,Pregrado,Tecnológico,TECNOLOGICO
TECNOLOGIA ELECTRICA,Pregrado,Tecnológico,TECNOLOGICO
TECNOLOGÍA ELÉCTRICA EN GENERACIÓN Y GESTIÓN EFICIENTE DE ENERGÍAS RENOVABLES,Pregrado,Tecnológico,TECNOLOGICO
TECNOLOGIA EMPRESARIAL,Pregrado,Tecnológico,TECNOLOGICO
Tecnología en Abastecimiento y Logística,Pregrado,Tecnológico,TECNOLOGICO
TECNOLOGIA EN ABASTECIMIENTOS AERONAUTICOS,Pregrado,Tecnológico,TECNOLOGICO
TECNOLOGÍA EN ACONDICIONAMIENTO FÍSICO Y ENTRENAMIENTO DEPORTIVO,Pregrado,Tecnológico,TECNOLOGICO
TECNOLOGÍA EN ACTIVIDAD FÍSICA,Pregrado,Tecnológico,TECNOLOGICO
Tecnología en Actividad Física y Entrenamiento Deportivo,Pregrado,Tecnológico,TECNOLOGICO
TECNOLOGIA EN ACTUACION,Pregrado,Tecnológico,TECNOLOGICO
TECNOLOGIA EN ACTUACION Y ESCRITURA DE GUIONES PARA LAS PRACTICAS ESCENICAS TEATRALES,Pregrado,Tecnológico,TECNOLOGICO
TECNOLOGÍA EN ACTUACIÓN Y PRESENTACIÓN PARA CINE Y TELEVISIÓN,Pregrado,Tecnológico,TECNOLOGICO
TECNOLOGIA EN ACUICULTURA,Pregrado,Tecnológico,TECNOLOGICO
TECNOLOGÍA EN ACUICULTURA CONTINENTAL,Pregrado,Tecnológico,TECNOLOGICO
TECNOLOGIA EN ADMINISTRACION DE EMPRESAS,Pregrado,Tecnológico,TECNOLOGICO
TECNOLOGÍA EN ADMINISTRACIÓN DE LA PRODUCCIÓN ACUÍCOLA,Pregrado,Tecnológico,TECNOLOGICO
TECNOLOGÍA EN ADMINISTRACION DE REDES Y SEGURIDAD INFORMATICA,Pregrado,Tecnológico,TECNOLOGICO
TECNOLOGÍA EN ADMINISTRACIÓN DE SERVICIOS DE SALUD,Pregrado,Tecnológico,TECNOLOGICO
TECNOLOGIA EN ADMINISTRACION DE SISTEMAS DE INFORMACION Y DOCUMENTACION,Pregrado,Tecnológico,TECNOLOGICO
TECNOLOGIA EN ADMINISTRACION DEL TALENTO HUMANO,Pregrado,Tecnológico,TECNOLOGICO
TECNOLOGIA EN ADMINISTRACION DEPORTIVA,Pregrado,Tecnológico,TECNOLOGICO
TECNOLOGÍA EN ADMINISTRACIÓN PÚBLICA ESPECIAL PARA TERRITORIOS INDÍGENAS,Pregrado,Tecnológico,TECNOLOGICO
TECNOLOGIA EN ADMINISTRACION TURISTICA Y DEL PATRIMONIO,Pregrado,Tecnológico,TECNOLOGICO
TECNOLOGIA EN ADMINISTRACION Y ANALISIS DE LA SEGURIDAD,Pregrado,Tecnológico,TECNOLOGICO
TECNOLOGÍA EN ADMINISTRACIÓN Y MERCADEO AGROPECUARIO,Pregrado,Tecnológico,TECNOLOGICO
TECNOLOGIA EN AGRICULTURA DE PRECISION,Pregrado,Tecnológico,TECNOLOGICO
TECNOLOGIA EN AGROBIOTECNOLOGIA,Pregrado,Tecnológico,TECNOLOGICO
TECNOLOGÍA EN AGROINDUSTRIA,Pregrado,Tecnológico,TECNOLOGICO
TECNOLOGIA EN ALIMENTOS,Pregrado,Tecnológico,TECNOLOGICO
TECNOLOGIA EN  ANALISIS AMBIENTALES,Pregrado,Tecnológico,TECNOLOGICO
Tecnología en Análisis de Bioprocesos y Control de Calidad,Pregrado,Tecnológico,TECNOLOGICO
TECNOLOGIA EN ANALISIS DE COSTOS Y PRESUPUESTOS,Pregrado,Tecnológico,TECNOLOGICO
TECNOLOGÍA EN ANÁLISIS DE MATERIALES PARA LA INDUSTRIA,Pregrado,Tecnológico,TECNOLOGICO
TECNOLOGIA EN ANÁLISIS DE OPERACIONES ADUANERAS Y FINANCIERAS,Pregrado,Tecnológico,TECNOLOGICO
TECNOLOGÍA EN ANÁLISIS ESTADÍSTICO DE DATOS,Pregrado,Tecnológico,TECNOLOGICO
TECNOLOGIA EN ANÁLISIS Y DESARROLLO DE SISTEMAS,Pregrado,Tecnológico,TECNOLOGICO
TECNOLOGIA EN ANALISIS Y DESARROLLO DE SISTEMAS  DE INFORMACION,Pregrado,Tecnológico,TECNOLOGICO
TECNOLOGÍA EN ANÁLISIS Y DESARROLLO DE SOFTWARE,Pregrado,Tecnológico,TECNOLOGICO
TECNOLOGÍA EN ANÁLISIS Y GESTIÓN DE DATOS,Pregrado,Tecnológico,TECNOLOGICO
TECNOLOGIA EN ANALISIS Y LABORATORIO QUIMICO,Pregrado,Tecnológico,TECNOLOGICO
TECNOLOGIA EN ANALISIS Y PROGRAMACION DE SISTEMAS DE INFORMACION,Pregrado,Tecnológico,TECNOLOGICO
TECNOLOGIA EN ANALITICA DE DATOS,Pregrado,Tecnológico,TECNOLOGICO
TECNOLOGÍA EN ANALÍTICA PREDICTIVA DE DATOS,Pregrado,Tecnológico,TECNOLOGICO
TECNOLOGÍA EN ANALÍTICA Y BIG DATA,Pregrado,Tecnológico,TECNOLOGICO
TECNOLOGIA EN ANIMACION 3D,Pregrado,Tecnológico,TECNOLOGICO
TECNOLOGIA EN ANIMACION DIGITAL,Pregrado,Tecnológico,TECNOLOGICO
TECNOLOGÍA EN ANIMACIÓN PARA MEDIOS DIGITALES,Pregrado,Tecnológico,TECNOLOGICO
TECNOLOGÍA EN ANIMACIÓN Y POSPRODUCCIÓN AUDIOVISUAL,Pregrado,Tecnológico,TECNOLOGICO
TECNOLOGÍA EN ANIMACIÓN Y POSPRODUCCIÓN AUDIOVISUALES,Pregrado,Tecnológico,TECNOLOGICO
TECNOLOGÍA EN ARTES MUSICALES,Pregrado,Tecnológico,TECNOLOGICO
TECNOLOGÍA EN ASEGURAMIENTO METROLOGICO INDUSTRIAL,Pregrado,Tecnológico,TECNOLOGICO
TECNOLOGIA EN ASISTENCIA GERENCIAL,Pregrado,Tecnológico,TECNOLOGICO
TECNOLOGÍA EN ASUNTOS DE GOBIERNO Y EJECUCIÓN DE PROYECTOS,Pregrado,Tecnológico,TECNOLOGICO
Tecnología en Atención de Emergencias y Desastres,Pregrado,Tecnológico,TECNOLOGICO
Tecnología en Atención Integral a la Persona Mayor,Pregrado,Tecnológico,TECNOLOGICO
TECNOLOGÍA EN ATENCIÓN INTEGRAL A LA PRIMERA INFANCIA,Pregrado,Tecnológico,TECNOLOGICO
TECNOLOGIA EN ATENCION PREHOSPITALARIA,Pregrado,Tecnológico,TECNOLOGICO
TECNOLOGÍA EN AUDIO Y PRODUCCIÓN MUSICAL,Pregrado,Tecnológico,TECNOLOGICO
TECNOLOGÍA EN AUDITORÍA Y ASEGURAMIENTO DE LA INFORMACIÓN,Pregrado,Tecnológico,TECNOLOGICO
TECNOLOGÍA EN AUTOMATIZACIÓN DE SISTEMAS MECATRÓNICOS,Pregrado,Tecnológico,TECNOLOGICO
TECNOLOGIA EN AUTOMATIZACIÓN ELECTRONICA,Pregrado,Tecnológico,TECNOLOGICO
TECNOLOGIA EN AUTOMATIZACION ELECTRONICA INDUSTRIAL,Pregrado,Tecnológico,TECNOLOGICO
TECNOLOGIA  EN AUTOMATIZACION INDUSTRIAL,Pregrado,Tecnológico,TECNOLOGICO
TECNOLOGIA EN AUTOMATIZACION Y ROBOTICA INDURSTIAL,Pregrado,Tecnológico,TECNOLOGICO
TECNOLOGIA EN AUTOMATIZACION Y ROBOTICA INDUSTRIAL,Pregrado,Tecnológico,TECNOLOGICO
TECNOLOGIA EN BIOCOMERCIO SOSTENIBLE,Pregrado,Tecnológico,TECNOLOGICO
TECNOLOGIA EN BIOELECTRONICA,Pregrado,Tecnológico,TECNOLOGICO
TECNOLOGÍA EN BUCEO Y SALVAMENTO MARITIMO Y FLUVIAL,Pregrado,Tecnológico,TECNOLOGICO
TECNOLOGIA EN CALIDAD ALIMENTARIA,Pregrado,Tecnológico,TECNOLOGICO
TECNOLOGIA EN CARTOGRAFIA,Pregrado,Tecnológico,TECNOLOGICO
TECNOLOGIA EN CITOHISTOLOGIA,Pregrado,Tecnológico,TECNOLOGICO
TECNOLOGIA EN COMERCIO EXTERIOR Y NEGOCIOS INTERNACIONALES,Pregrado,Tecnológico,TECNOLOGICO
TECNOLOGIA EN COMERCIO INTERNACIONAL,Pregrado,Tecnológico,TECNOLOGICO
TECNOLOGIA EN COMUNICACIÓN COMERCIAL,Pregrado,Tecnológico,TECNOLOGICO
TECNOLOGIA EN COMUNICACION GRAFICA,Pregrado,Tecnológico,TECNOLOGICO
TECNOLOGÍA EN COMUNICACIÓN SOCIAL MULTIMEDIAL,Pregrado,Tecnológico,TECNOLOGICO
TECNOLOGIA EN CONFECCION INDUSTRIAL,Pregrado,Tecnológico,TECNOLOGICO
TECNOLOGIA EN CONSTRUCCION DE ACABADOS ARQUITECTONICOS,Pregrado,Tecnológico,TECNOLOGICO
TECNOLOGÍA EN CONSTRUCCIÓN DE CIUDADANÍA,Pregrado,Tecnológico,TECNOLOGICO
TECNOLOGIA EN CONSTRUCCION DE EDIFICACIONES,Pregrado,Tecnológico,TECNOLOGICO
TECNOLOGIA EN CONSTRUCCION DE EDIFICACIONES E INFRAESTRUCTURA URBANA,Pregrado,Tecnológico,TECNOLOGICO
TECNOLOGIA EN CONSTRUCCION DE INFRAESTRUCTURA VIAL,Pregrado,Tecnológico,TECNOLOGICO
Tecnología en Construcción de la Edificación,Pregrado,Tecnológico,TECNOLOGICO
TECNOLOGÍA EN CONSTRUCCIÓN DE OBRAS CIVILES,Pregrado,Tecnológico,TECNOLOGICO
TECNOLOGÍA EN CONSTRUCCIÓN DE SOFTWARE,Pregrado,Tecnológico,TECNOLOGICO
TECNOLOGIA EN CONSTRUCCIÓN EN EDIFICACIONES,Pregrado,Tecnológico,TECNOLOGICO
TECNOLOGÍA EN CONSTRUCCIÓN Y REPARACIÓN DE INSTRUMENTOS DE CUERDA FROTADA,Pregrado,Tecnológico,TECNOLOGICO
TECNOLOGIA EN CONSTRUCCIONES CIVILES,Pregrado,Tecnológico,TECNOLOGICO
TECNOLOGIA EN CONTABILIDAD,Pregrado,Tecnológico,TECNOLOGICO
TECNOLOGIA EN CONTABILIDAD SISTEMATIZADA,Pregrado,Tecnológico,TECNOLOGICO
TECNOLOGIA EN CONTABILIDAD Y COSTOS,Pregrado,Tecnológico,TECNOLOGICO
TECNOLOGIA EN CONTABILIDAD Y FINANZAS,Pregrado,Tecnológico,TECNOLOGICO
Tecnología en Contabilidad y Finanzas Internacionales,Pregrado,Tecnológico,TECNOLOGICO
TECNOLOGÍA EN CONTABILIDAD Y TRIBUTARIA,Pregrado,Tecnológico,TECNOLOGICO
TECNOLOGIA  EN CONTROL AMBIENTAL,Pregrado,Tecnológico,TECNOLOGICO
TECNOLOGÍA EN CONTROL DE BIOPROCESOS INDUSTRIALES,Pregrado,Tecnológico,TECNOLOGICO
TECNOLOGIA EN CONTROL DE CALIDAD,Pregrado,Tecnológico,TECNOLOGICO
TECNOLOGIA EN CONTROL DE CALIDAD DE ALIMENTOS,Pregrado,Tecnológico,TECNOLOGICO
TECNOLOGIA EN CONTROL DE CALIDAD EN ALIMENTOS,Pregrado,Tecnológico,TECNOLOGICO
TECNOLOGÍA EN CONTROL DE CALIDAD EN LA INDUSTRIA DE ALIMENTOS,Pregrado,Tecnológico,TECNOLOGICO
TECNOLOGIA EN CONTROL DE LA CALIDAD,Pregrado,Tecnológico,TECNOLOGICO
TECNOLOGIA EN CONTROL DE PROCESOS INDUSTRIALES,Pregrado,Tecnológico,TECNOLOGICO
"TECNOLOGÍA EN CONTROL INTEGRADO DE LA CALIDAD, MEDIO AMBIENTE, SEGURIDAD Y SALUD OCUPACIONAL",Pregrado,Tecnológico,TECNOLOGICO
TECNOLOGIA EN CONTROL Y AUTOMATIZACION INDUSTRIAL,Pregrado,Tecnológico,TECNOLOGICO
TECNOLOGÍA EN CONTROL Y GESTIÓN DE PROCESOS AGROINDUSTRIALES,Pregrado,Tecnológico,TECNOLOGICO
TECNOLOGÍA EN COORDINACIÓN DE ESCUELAS DE MÚSICA,Pregrado,Tecnológico,TECNOLOGICO
TECNOLOGIA EN COORDINACION DE PROCESOS LOGISTICOS,Pregrado,Tecnológico,TECNOLOGICO
TECNOLOGIA EN COORDINACIÓN DE PROYECTOS CREATIVOS Y CULTURALES,Pregrado,Tecnológico,TECNOLOGICO
TECNOLOGÍA EN COORDINACIÓN DE SERVICIOS HOTELEROS,Pregrado,Tecnológico,TECNOLOGICO
TECNOLOGÍA EN COORDINACIÓN DE SISTEMAS INTEGRADOS DE GESTIÓN,Pregrado,Tecnológico,TECNOLOGICO
TECNOLOGIA EN COSTOS Y AUDITORIA,Pregrado,Tecnológico,TECNOLOGICO
TECNOLOGÌA EN CREACIÓN DE CONTENIDOS VISUALES Y MULTIMEDIALES,Pregrado,Tecnológico,TECNOLOGICO
TECNOLOGÍA EN CREACIÓN Y PRODUCCIÓN DE ESPACIOS COMERCIALES,Pregrado,Tecnológico,TECNOLOGICO
Tecnología en Creación y Producción Transmedia,Pregrado,Tecnológico,TECNOLOGICO
TECNOLOGÍA EN CRIMINALÍSTICA,Pregrado,Tecnológico,TECNOLOGICO
TECNOLOGÍA EN CRIMINALISTICA DE CAMPO,Pregrado,Tecnológico,TECNOLOGICO
TECNOLOGÍA EN CRIMINALÍSTICA E INVESTIGACIÓN JUDICIAL,Pregrado,Tecnológico,TECNOLOGICO
TECNOLOGÍA EN CRIMINALÍSTICA E INVESTIGACIÓN JUDICIAL (CICLO PROPEDÉUTICO),Pregrado,Tecnológico,TECNOLOGICO
TECNOLOGÍA EN CRIMINALÍSTICA Y CIENCIAS FORENSES,Pregrado,Tecnológico,TECNOLOGICO
TECNOLOGIA EN CRIMINALISTICA Y GESTION JUDICIAL,Pregrado,Tecnológico,TECNOLOGICO
TECNOLOGÍA EN CRIMINOLOGÍA E INVESTIGACIÓN FORENSE,Pregrado,Tecnológico,TECNOLOGICO
Tecnología en Cuidado y Desarrollo de la Primera Infancia,Pregrado,Tecnológico,TECNOLOGICO
Tecnología en Danza y Artes del Movimiento,Pregrado,Tecnológico,TECNOLOGICO
TECNOLOGIA EN DECORACION DE ESPACIOS INTERIORES,Pregrado,Tecnológico,TECNOLOGICO
TECNOLOGIA EN DECORACION DE INTERIORES,Pregrado,Tecnológico,TECNOLOGICO
TECNOLOGÍA EN DEFENSA AÉREA,Pregrado,Tecnológico,TECNOLOGICO
TECNOLOGIA EN DELINEANTE DE ARQUITECTURA E INGENIERIA,Pregrado,Tecnológico,TECNOLOGICO
TECNOLOGIA EN DELINEANTES DE ARQUITECTURA E INGENIERIA,Pregrado,Tecnológico,TECNOLOGICO
Tecnología en Derechos Humanos y Gestión Comunitaria,Pregrado,Tecnológico,TECNOLOGICO
TECNOLOGÍA EN DESAROLLO AMBIENTAL,Pregrado,Tecnológico,TECNOLOGICO
TECNÓLOGIA EN DESARROLLLO DE SISTEMAS DE INFORMACIÓN Y DE SOFTWARE,Pregrado,Tecnológico,TECNOLOGICO
TECNOLOGIA EN DESARROLLO AMBIENTAL Y SOSTENIBLE,Pregrado,Tecnológico,TECNOLOGICO
TECNOLOGÍA EN DESARROLLO COMUNITARIO,Pregrado,Tecnológico,TECNOLOGICO
TECNOLOGÍA EN DESARROLLO CREATIVO DE PRODUCTOS PARA LA INDUSTRIA,Pregrado,Tecnológico,TECNOLOGICO
TECNOLOGÍA EN DESARROLLO DE APLICACIONES PARA DISPOSITIVOS MÓVILES,Pregrado,Tecnológico,TECNOLOGICO
TECNOLOGÍA EN DESARROLLO DE APLICACIONES WEB,Pregrado,Tecnológico,TECNOLOGICO
TECNOLOGÍA EN DESARROLLO DE APLICACIONES WEB Y MÓVILES,Pregrado,Tecnológico,TECNOLOGICO
Tecnología en Desarrollo de Aplicaciones y Videojuegos,Pregrado,Tecnológico,TECNOLOGICO
TECNOLOGIA EN DESARROLLO DE COLECCIONES DE CALZADO Y MARROQUINERÍA,Pregrado,Tecnológico,TECNOLOGICO
TECNOLOGÍA EN DESARROLLO DE COLECCIONES PARA LA INDUSTRIA DE LA MODA,Pregrado,Tecnológico,TECNOLOGICO
TECNOLOGÍA EN DESARROLLO DE COMPONENTES,Pregrado,Tecnológico,TECNOLOGICO
TECNOLOGÍA EN DESARROLLO DE COMPONENTES MECÁNICOS,Pregrado,Tecnológico,TECNOLOGICO
Tecnología en Desarrollo de Contenidos Digitales para el Sistema Moda,Pregrado,Tecnológico,TECNOLOGICO
TECNOLOGÍA EN DESARROLLO DE LA PRODUCCIÓN GRÁFICA Y DIGITAL,Pregrado,Tecnológico,TECNOLOGICO
TECNOLOGÍA EN DESARROLLO DE MEDIOS GRAFICOS VISUALES,Pregrado,Tecnológico,TECNOLOGICO
TECNOLOGÍA EN DESARROLLO DE PROCESOS DE MERCADEO,Pregrado,Tecnológico,TECNOLOGICO
Tecnología en Desarrollo de Procesos Químicos Sostenibles,Pregrado,Tecnológico,TECNOLOGICO
Tecnología en Desarrollo de Productos Digitales Innovadores: UX/UI,Pregrado,Tecnológico,TECNOLOGICO
TECNOLOGÍA EN DESARROLLO DE PRODUCTOS ELECTRÓNICOS,Pregrado,Tecnológico,TECNOLOGICO
TECNOLOGIA EN DESARROLLO DE SISTEMAS DE INFORMACION Y DE SOFTWARE,Pregrado,Tecnológico,TECNOLOGICO
TECNOLOGÍA EN DESARROLLO DE SISTEMAS DE INFORMACIÓN Y REDES,Pregrado,Tecnológico,TECNOLOGICO
TECNOLOGIA EN DESARROLLO DE SISTEMAS ELECTRÓNICOS,Pregrado,Tecnológico,TECNOLOGICO
TECNOLOGÍA EN DESARROLLO DE SISTEMAS ELECTRÓNICOS INDUSTRIALES,Pregrado,Tecnológico,TECNOLOGICO
TECNOLOGÍA EN DESARROLLO DE SISTEMAS ELECTRÓNICOS Y DE TELECOMUNICACIONES,Pregrado,Tecnológico,TECNOLOGICO
TECNOLOGIA EN DESARROLLO DE SISTEMAS INFORMATICOS,Pregrado,Tecnológico,TECNOLOGICO
TECNOLOGIA  EN DESARROLLO DE SOFTWARE,Pregrado,Tecnológico,TECNOLOGICO
Tecnología en Desarrollo de Software e Infraestructura,Pregrado,Tecnológico,TECNOLOGICO
TECNOLOGÍA EN DESARROLLO DE SOFTWARE - MODALIDAD VIRTUAL,Pregrado,Tecnológico,TECNOLOGICO
TECNOLOGÍA EN DESARROLLO DE SOFTWARE PARA NEGOCIOS DIGITALES,Pregrado,Tecnológico,TECNOLOGICO
TECNOLOGÍA EN DESARROLLO DE SOFTWARE Y APLICATIVOS MÓVILES,Pregrado,Tecnológico,TECNOLOGICO
Tecnología en Desarrollo de Soluciones en Internet de las Cosas,Pregrado,Tecnológico,TECNOLOGICO
TECNOLOGIA EN DESARROLLO DE VIDEOJUEGOS,Pregrado,Tecnológico,TECNOLOGICO
TECNOLOGÍA EN DESARROLLO DE VIDEOJUEGOS Y ENTORNOS INTERACTIVOS,Pregrado,Tecnológico,TECNOLOGICO
TECNOLOGÍA EN DESARROLLO DE VIEDOJUEGOS Y ENTORNOS INTERACTIVOS,Pregrado,Tecnológico,TECNOLOGICO
TECNOLOGIA EN DESARROLLO DEL SOFTWARE,Pregrado,Tecnológico,TECNOLOGICO
TECNOLOGIA EN DESARROLLO INFORMATICO,Pregrado,Tecnológico,TECNOLOGICO
TECNOLOGÍA EN DESARROLLO MULTIMEDIA Y WEB,Pregrado,Tecnológico,TECNOLOGICO
TECNOLOGÍA EN DESARROLLO PUBLICITARIO,Pregrado,Tecnológico,TECNOLOGICO
TECNOLOGIA EN DESARROLLO Y ADAPTACIÓN DE PROTESIS Y ORTESIS,Pregrado,Tecnológico,TECNOLOGICO
TECNOLOGIA EN DESARROLLO Y ADMINISTRACION DE APLICACIONES INFORMATICAS,Pregrado,Tecnológico,TECNOLOGICO
TECNOLOGÍA EN DESARROLLO Y GESTIÓN DE SISTEMAS INFORMÁTICOS,Pregrado,Tecnológico,TECNOLOGICO
TECNOLOGÍA EN DESARROLLO Y MODELADO DE PRODUCTOS INDUSTRIALES,Pregrado,Tecnológico,TECNOLOGICO
TECNOLOGIA EN DIBUJO ARQUITECTONICO Y DE INGENIERIA,Pregrado,Tecnológico,TECNOLOGICO
TECNOLOGÍA EN DIBUJO Y MODELADO ARQUITECTÓNICO Y DE INGENIERÍA,Pregrado,Tecnológico,TECNOLOGICO
TECNOLOGIA EN DIGITALIZACIÓN DE MEDIOS,Pregrado,Tecnológico,TECNOLOGICO
TECNOLOGIA EN DIRECCIÓN COMERCIAL,Pregrado,Tecnológico,TECNOLOGICO
TECNOLOGÍA EN DIRECCIÓN DE SERVICIOS TURÍSTICOS,Pregrado,Tecnológico,TECNOLOGICO
TECNOLOGIA EN DIRECCION DE VENTAS,Pregrado,Tecnológico,TECNOLOGICO
TECNOLOGÍA EN DIRECCIÓN TÉCNICA DE FÚTBOL,Pregrado,Tecnológico,TECNOLOGICO
TECNOLOGIA EN DIRECCION Y GESTIÓN DE LA CADENA TURÍSTICA,Pregrado,Tecnológico,TECNOLOGICO
TECNOLOGÍA EN DISEÑO DE APLICACIONES MÓVILES Y WEB,Pregrado,Tecnológico,TECNOLOGICO
TECNOLOGÍA EN DISEÑO DE COMPONENTES PARA CALZADO,Pregrado,Tecnológico,TECNOLOGICO
TECNOLOGÍA EN DISEÑO DE COMUNICACION VISUAL,Pregrado,Tecnológico,TECNOLOGICO
TECNOLOGÍA EN DISEÑO DE ELEMENTOS MECÁNICOS PARA SU FABRICACIÓN CON MÁQUINAS CNC,Pregrado,Tecnológico,TECNOLOGICO
TECNOLOGIA EN DISEÑO DE ELEMENTOS MECANICOS PARA SU FABRICACION CON MAQUINAS HERRAMIENTAS CNC,Pregrado,Tecnológico,TECNOLOGICO
TECNOLOGÍA EN DISEÑO DE ELEMENTOS MECÁNICOS PARA SU FABRICACIÓN EN MÁQUINAS HERRAMIENTAS CNC,Pregrado,Tecnológico,TECNOLOGICO
TECNOLOGÍA EN DISEÑO DE EXPERIENCIAS INTERACTIVAS,Pregrado,Tecnológico,TECNOLOGICO
TECNOLOGIA EN DISEÑO DE MODAS,Pregrado,Tecnológico,TECNOLOGICO
TECNOLOGÍA EN DISEÑO DE MOLDES PARA TRANSFORMACION DE MATERIALES PLASTICOS,Pregrado,Tecnológico,TECNOLOGICO
TECNOLOGIA EN DISEÑO E INTEGRACION DE AUTOMATISMOS MECATRONICOS,Pregrado,Tecnológico,TECNOLOGICO
TECNOLOGÍA EN DISEÑO GRÁFICO,Pregrado,Tecnológico,TECNOLOGICO
TECNOLOGÍA EN DISEÑO GRÁFICO MULTIMEDIAL,Pregrado,Tecnológico,TECNOLOGICO
TECNOLOGÍA EN DISEÑO GRÁFICO PUBLICITARIO,Pregrado,Tecnológico,TECNOLOGICO
TECNOLOGIA EN DISEÑO GRAFICO Y MULTIMEDIAL,Pregrado,Tecnológico,TECNOLOGICO
TECNOLOGÍA EN DISEÑO INDUSTRIAL,Pregrado,Tecnológico,TECNOLOGICO
Tecnología en Diseño y Construcción de Instalaciones Eléctricas de Media y Baja Tensión,Pregrado,Tecnológico,TECNOLOGICO
TECNOLOGIA EN DISEÑO Y DESAROLLO DE   SOFTWARE,Pregrado,Tecnológico,TECNOLOGICO
TECNOLOGIA EN DISEÑO Y DESARROLLO DE SISTEMAS DE INFORMACION,Pregrado,Tecnológico,TECNOLOGICO
TECNOLOGÍA EN DISEÑO Y DESARROLLO DE VIDEOJUEGOS,Pregrado,Tecnológico,TECNOLOGICO
TECNOLOGÍA EN DISEÑO Y PRODUCCIÓN DE VESTUARIO,Pregrado,Tecnológico,TECNOLOGICO
TECNOLOGÍA EN DISEÑO Y PRODUCCIÓN GRÁFICA,Pregrado,Tecnológico,TECNOLOGICO
TECNOLOGÍA EN DISEÑO Y PROGRAMACIÓN DE SOLUCIONES DE SOFTWARE COMO SERVICIO,Pregrado,Tecnológico,TECNOLOGICO
TECNOLOGIA EN ECOLOGIA Y MANEJO AMBIENTAL,Pregrado,Tecnológico,TECNOLOGICO
"TECNOLOGIA EN EDUCACION FISICA, RECREACION Y DEPORTE",Pregrado,Tecnológico,TECNOLOGICO
TECNOLOGIA EN ELECTRICIDAD DE MEDIA Y BAJA TENSION,Pregrado,Tecnológico,TECNOLOGICO
TECNOLOGIA EN ELECTRICIDAD INDUSTRIAL,Pregrado,Tecnológico,TECNOLOGICO
TECNOLOGÍA EN ELECTROMECANICA,Pregrado,Tecnológico,TECNOLOGICO
TECNOLOGIA EN ELECTRONICA,Pregrado,Tecnológico,TECNOLOGICO
TECNOLOGIA EN ELECTRONICA AERONAUTICA,Pregrado,Tecnológico,TECNOLOGICO
TECNOLOGIA EN ELECTRONICA INDUSTRIAL,Pregrado,Tecnológico,TECNOLOGICO
TECNOLOGIA EN ELECTRONICA Y COMUNICACIONES,Pregrado,Tecnológico,TECNOLOGICO
TECNOLOGIA EN ELECTRONICA Y CONTROLES INDUSTRIALES,Pregrado,Tecnológico,TECNOLOGICO
TECNOLOGIA EN ELECTRONICA Y TELECOMUNICACIONES,Pregrado,Tecnológico,TECNOLOGICO
Tecnología en Enfermería Veterinaria,Pregrado,Tecnológico,TECNOLOGICO
TECNOLOGÍA EN ENTRENAMIENTO DE FUTBOL PROFESIONAL,Pregrado,Tecnológico,TECNOLOGICO
TECNOLOGIA EN ENTRENAMIENTO DEPORTIVO,Pregrado,Tecnológico,TECNOLOGICO
TECNOLOGÍA EN ENTRENAMIENTO DEPORTIVO EN FÚTBOL,Pregrado,Tecnológico,TECNOLOGICO
TECNOLOGIA EN ENTRENAMIENTO Y GESTION MILITAR,Pregrado,Tecnológico,TECNOLOGICO
Tecnología en Equipos Biomédicos,Pregrado,Tecnológico,TECNOLOGICO
TECNOLOGÍA EN ESTÉTICA Y COSMETOLOGÍA,Pregrado,Tecnológico,TECNOLOGICO
Tecnología en Evaluación y Monitoreo Ambiental,Pregrado,Tecnológico,TECNOLOGICO
TECNOLOGIA EN EXPRESIÓN GRÁFICA Y PUBLICACIONES,Pregrado,Tecnológico,TECNOLOGICO
TECNOLOGIA EN FABRICACION DE MOLDES Y TROQUELES,Pregrado,Tecnológico,TECNOLOGICO
TECNOLOGÍA EN FABRICACION DE PRODUCTOS PLASTICOS POR EXTRUSION,Pregrado,Tecnológico,TECNOLOGICO
TECNÓLOGÍA EN FABRICACION DE PRODUCTOS PLASTICOS POR INYECCION Y SOPLADO,Pregrado,Tecnológico,TECNOLOGICO
TECNOLOGIA EN FINANZAS,Pregrado,Tecnológico,TECNOLOGICO
TECNOLOGÍA EN FINANZAS PARA NEGOCIOS DIGITALES,Pregrado,Tecnológico,TECNOLOGICO
TECNOLOGIA EN FINANZAS Y SISTEMAS CONTABLES,Pregrado,Tecnológico,TECNOLOGICO
TECNOLOGÍA EN FORMULACIÓN Y GESTIÓN DE PROYECTOS SOCIALES,Pregrado,Tecnológico,TECNOLOGICO
TECNOLOGÍA EN FOTOGRAFÍA E IMAGEN DIGITAL,Pregrado,Tecnológico,TECNOLOGICO
TECNOLOGÍA EN FOTOGRAFÍA Y PROCESOS DIGITALES,Pregrado,Tecnológico,TECNOLOGICO
TECNOLOGIA EN GASTRONOMIA,Pregrado,Tecnológico,TECNOLOGICO
TECNOLOGÍA EN GASTRONOMÍA Y ARTE CULINARIO,Pregrado,Tecnológico,TECNOLOGICO
TECNOLOGIA EN GASTRONOMIA Y COCINA,Pregrado,Tecnológico,TECNOLOGICO
TECNOLOGIA EN GEORREFERENCIACION TOPOGRAFICA,Pregrado,Tecnológico,TECNOLOGICO
TECNOLOGIA EN GESTI¿N EMPRESARIAL,Pregrado,Tecnológico,TECNOLOGICO
TECNOLOGIA EN GESTI¿N TURISTICA Y HOTELERA,Pregrado,Tecnológico,TECNOLOGICO
TECNOLOGIA EN GESTION ADMINISTRATIVA,Pregrado,Tecnológico,TECNOLOGICO
TECNOLOGIA EN GESTIÓN ADMINISTRATIVA DE EMPRESAS DE SALUD,Pregrado,Tecnológico,TECNOLOGICO
TECNOLOGÍA EN GESTIÓN ADMINISTRATIVA DE EMPRESAS TURÍSTICAS Y HOTELERAS,Pregrado,Tecnológico,TECNOLOGICO
TECNOLOGIA EN GESTION ADMINISTRATIVA DE LA SEGURIDAD SOCIAL,Pregrado,Tecnológico,TECNOLOGICO
TECNOLOGÍA EN GESTIÓN ADMINISTRATIVA DE SERVICIOS DE SALUD,Pregrado,Tecnológico,TECNOLOGICO
TECNOLOGÍA EN GESTIÓN ADMINISTRATIVA DEL SECTOR SALUD,Pregrado,Tecnológico,TECNOLOGICO
Tecnología en Gestión Administrativa en Salud,Pregrado,Tecnológico,TECNOLOGICO
TECNOLOGIA EN GESTION ADMINISTRATIVA Y FINANCIERA,Pregrado,Tecnológico,TECNOLOGICO
TECNOLOGÍA EN GESTIÓN AERONÁUTICA,Pregrado,Tecnológico,TECNOLOGICO
TECNOLOGIA EN GESTIÓN AEROPORTUARIA,Pregrado,Tecnológico,TECNOLOGICO
TECNOLOGIA EN GESTION AGROAMBIENTAL,Pregrado,Tecnológico,TECNOLOGICO
TECNOLOGÍA EN GESTIÓN AGROEMPRESARIAL,Pregrado,Tecnológico,TECNOLOGICO
TECNOLOGIA EN GESTION AGROFORESTAL,Pregrado,Tecnológico,TECNOLOGICO
"TECNOLOGIA EN GESTIÓN AGROFORESTAL, POR CICLOS PROPEDÉUTICOS",Pregrado,Tecnológico,TECNOLOGICO
TECNOLOGIA EN GESTION AGROINDUSTRIAL,Pregrado,Tecnológico,TECNOLOGICO
TECNOLOGIA EN GESTION AGROPECUARIA,Pregrado,Tecnológico,TECNOLOGICO
TECNOLOGIA EN GESTION AMBIENTAL,Pregrado,Tecnológico,TECNOLOGICO
TECNOLOGIA  EN GESTIÓN AMBIENTAL INDUSTRIAL,Pregrado,Tecnológico,TECNOLOGICO
TECNOLOGIA EN GESTION AMBIENTAL TERRITORIAL,Pregrado,Tecnológico,TECNOLOGICO
TECNOLOGIA EN GESTION AMBIENTAL TERRITORIAL A DISTANCIA,Pregrado,Tecnológico,TECNOLOGICO
TECNOLOGIA EN GESTION AMBIENTAL Y SERVICIOS PUBLICOS,Pregrado,Tecnológico,TECNOLOGICO
TECNOLOGÍA EN GESTIÓN AMBIENTAL Y TURÍSTICA,Pregrado,Tecnológico,TECNOLOGICO
TECNOLOGIA EN GESTION BANCARIA Y DE ENTIDADES FINANCIERAS,Pregrado,Tecnológico,TECNOLOGICO
TECNOLOGÍA EN GESTIÓN BANCARIA Y ENTIDADES FINANCIERAS,Pregrado,Tecnológico,TECNOLOGICO
TECNOLOGIA EN GESTION BANCARIA Y FINANCIERA,Pregrado,Tecnológico,TECNOLOGICO
TECNOLOGIA EN GESTION BIBLIOTECARIA,Pregrado,Tecnológico,TECNOLOGICO
TECNOLOGÍA EN GESTIÓN CATASTRAL,Pregrado,Tecnológico,TECNOLOGICO
TECNOLOGIA EN GESTION CATASTRAL Y AGRIMENSURA,Pregrado,Tecnológico,TECNOLOGICO
TECNOLOGIA EN GESTION COMERCIAL,Pregrado,Tecnológico,TECNOLOGICO
TECNOLOGÍA EN GESTIÓN COMERCIAL AGROEMPRESARIAL,Pregrado,Tecnológico,TECNOLOGICO
TECNOLOGÍA EN GESTIÓN COMERCIAL DE NEGOCIOS VERDES,Pregrado,Tecnológico,TECNOLOGICO
TECNOLOGIA EN GESTION COMERCIAL Y ANALISIS DE MERCADOS,Pregrado,Tecnológico,TECNOLOGICO
TECNOLOGIA EN GESTION COMERCIAL Y DE MERCADOS,Pregrado,Tecnológico,TECNOLOGICO
TECNOLOGIA EN GESTION COMERCIAL Y FINANCIERA,Pregrado,Tecnológico,TECNOLOGICO
TECNOLOGIA EN GESTION COMERCIAL Y MERCADEO,Pregrado,Tecnológico,TECNOLOGICO
TECNOLOGÍA EN GESTIÓN COMERCIAL Y PUBLICIDAD,Pregrado,Tecnológico,TECNOLOGICO
TECNOLOGÍA EN GESTIÓN COMERCIAL Y PUBLICITARIA,Pregrado,Tecnológico,TECNOLOGICO
TECNOLOGIA EN GESTION COMUNICATIVA PARA LAS  ORGANIZACIONES,Pregrado,Tecnológico,TECNOLOGICO
TECNOLOGÍA EN GESTIÓN COMUNICATIVA Y DE MERCADOS,Pregrado,Tecnológico,TECNOLOGICO
TECNOLOGIA EN GESTION COMUNITARIA,Pregrado,Tecnológico,TECNOLOGICO
TECNOLOGIA EN GESTION CONTABLE,Pregrado,Tecnológico,TECNOLOGICO
TECNOLOGÍA EN GESTIÓN CONTABLE E INFORMACIÓN FINANCIERA,Pregrado,Tecnológico,TECNOLOGICO
TECNOLOGÍA EN GESTIÓN CONTABLE FINANCIERA,Pregrado,Tecnológico,TECNOLOGICO
TECNOLOGÍA EN GESTIÓN CONTABLE Y DE COSTOS,Pregrado,Tecnológico,TECNOLOGICO
TECNOLOGIA EN GESTIÓN CONTABLE Y DE INFORMACIÓN FINANCIERA,Pregrado,Tecnológico,TECNOLOGICO
TECNOLOGIA EN GESTION CONTABLE Y FINANCIERA,Pregrado,Tecnológico,TECNOLOGICO
TECNOLOGIA EN GESTION CONTABLE Y TRIBUTARIA,Pregrado,Tecnológico,TECNOLOGICO
Tecnología en gestión criminalística y análisis forense,Pregrado,Tecnológico,TECNOLOGICO
TECNOLOGÍA EN GESTIÓN CULTURAL Y ARTISTICA,Pregrado,Tecnológico,TECNOLOGICO
Tecnología en Gestión Cultural y Creativa,Pregrado,Tecnológico,TECNOLOGICO
TECNOLOGÍA EN GESTIÓN  DE AEROLÍNEAS Y AGENCIAS DE VIAJES,Pregrado,Tecnológico,TECNOLOGICO
TECNOLOGÍA EN GESTIÓN DE AGROINDUSTRIAS ALIMENTICIAS,Pregrado,Tecnológico,TECNOLOGICO
TECNOLOGIA EN GESTION DE AGRONEGOCIOS,Pregrado,Tecnológico,TECNOLOGICO
Tecnología en Gestión de Analítica y Big Data,Pregrado,Tecnológico,TECNOLOGICO
Tecnología en gestión de aplicaciones multiplataforma y web,Pregrado,Tecnológico,TECNOLOGICO
TECNOLOGIA EN GESTION DE AUTOMATISMOS MECATRONICOS,Pregrado,Tecnológico,TECNOLOGICO
Tecnología en Gestión de Automoción y Electromecánica de Vehículos,Pregrado,Tecnológico,TECNOLOGICO
Tecnología en Gestión de Bases de Datos,Pregrado,Tecnológico,TECNOLOGICO
Tecnología en Gestión de Big Data,Pregrado,Tecnológico,TECNOLOGICO
TECNOLOGÍA EN GESTIÓN DE BIONEGOCIOS,Pregrado,Tecnológico,TECNOLOGICO
"TECNOLOGIA EN GESTION DE CALIDAD, SEGURIDAD, SALUD EN EL TRABAJO Y AMBIENTE",Pregrado,Tecnológico,TECNOLOGICO
TECNOLOGÍA EN GESTIÓN DE COMERCIO DIGITAL,Pregrado,Tecnológico,TECNOLOGICO
TECNOLOGIA EN GESTION DE COMERCIO EXTERIOR,Pregrado,Tecnológico,TECNOLOGICO
TECNOLOGÍA EN GESTIÓN DE COMERCIO EXTERIOR DE BIENES Y SERVICIOS,Pregrado,Tecnológico,TECNOLOGICO
TECNOLOGIA EN GESTIÓN DE COMERCIO EXTERIOR Y LOGISTICA,Pregrado,Tecnológico,TECNOLOGICO
TECNOLOGÍA EN GESTION DE COMERCIO INTERNACIONAL,Pregrado,Tecnológico,TECNOLOGICO
TECNOLOGÍA EN GESTIÓN DE COMERCIO INTERNACIONAL Y FINANZAS,Pregrado,Tecnológico,TECNOLOGICO
TECNOLOGÍA EN GESTIÓN DE CONTENDOS GRÁFICOS PUBLICITARIOS,Pregrado,Tecnológico,TECNOLOGICO
TECNOLOGÍA EN GESTIÓN DE CONTENIDOS GRÁFICOS PUBLICITARIOS,Pregrado,Tecnológico,TECNOLOGICO
TECNOLOGÍA EN GESTIÓN DE CONTENIDOS TELEVISIVOS Y NUEVOS MEDIOS,Pregrado,Tecnológico,TECNOLOGICO
TECNOLOGÍA EN GESTIÓN DE DATOS,Pregrado,Tecnológico,TECNOLOGICO
"TECNOLOGÍA EN GESTIÓN DE DERECHOS HUMANOS, PAZ Y RESOLUCIÓN DE CONFLICTOS",Pregrado,Tecnológico,TECNOLOGICO
Tecnología en Gestión de Destinos Turísticos,Pregrado,Tecnológico,TECNOLOGICO
TECNOLOGIA EN GESTION DE DISEÑO DE MODAS,Pregrado,Tecnológico,TECNOLOGICO
TECNOLOGIA EN GESTION DE EMPRESAS,Pregrado,Tecnológico,TECNOLOGICO
TECNOLOGIA EN GESTION DE EMPRESAS AGROFORESTALES,Pregrado,Tecnológico,TECNOLOGICO
TECNOLOGIA EN GESTION DE EMPRESAS  AGROINDUSTRIALES,Pregrado,Tecnológico,TECNOLOGICO
TECNOLOGIA EN GESTION DE EMPRESAS AGROPECUARIAS,Pregrado,Tecnológico,TECNOLOGICO
TECNOLOGIA EN GESTION DE EMPRESAS DE ECONOMIA SOLIDARIA,Pregrado,Tecnológico,TECNOLOGICO
TECNOLOGIA EN GESTION DE EMPRESAS DE LA SALUD,Pregrado,Tecnológico,TECNOLOGICO
TECNOLOGIA EN GESTION DE EMPRESAS DE SALUD,Pregrado,Tecnológico,TECNOLOGICO
TECNOLOGÍA EN GESTIÓN DE EMPRESAS PECUARIAS,Pregrado,Tecnológico,TECNOLOGICO
TECNOLOGÍA EN GESTIÓN DE EMPRESAS TURÍSTICAS,Pregrado,Tecnológico,TECNOLOGICO
TECNOLOGÍA EN GESTIÓN DE EMPRESAS TURISTICAS Y HOTELERAS,Pregrado,Tecnológico,TECNOLOGICO
TECNOLOGIA EN GESTION DE EMPRESAS Y ORGANIZACIONES SOLIDARIAS,Pregrado,Tecnológico,TECNOLOGICO
TECNOLOGIA EN GESTION DE ENERGIAS RENOVABLES,Pregrado,Tecnológico,TECNOLOGICO
TECNOLOGÍA EN GESTIÓN DE FABRICACIÓN MECÁNICA,Pregrado,Tecnológico,TECNOLOGICO
TECNOLOGÍA EN GESTIÓN DE FACILIDADES PARA PRODUCCIÓN DE HIDROCARBUROS,Pregrado,Tecnológico,TECNOLOGICO
TECNOLOGIA EN GESTIÓN DE FINANZAS Y COMERCIO INTERNACIONAL,Pregrado,Tecnológico,TECNOLOGICO
TECNOLOGIA EN GESTION DE FINANZAS Y NEGOCIOS INTERNACIONALES,Pregrado,Tecnológico,TECNOLOGICO
Tecnología en Gestión de Guianza Turística,Pregrado,Tecnológico,TECNOLOGICO
TECNOLOGÍA EN GESTIÓN DE IMPORTACIONES Y EXPORTACIONES,Pregrado,Tecnológico,TECNOLOGICO
TECNOLOGÍA EN GESTIÓN DE INDUSTRIAS CREATIVAS,Pregrado,Tecnológico,TECNOLOGICO
TECNOLOGÍA EN GESTIÓN DE INFORMACIÓN EN SALUD,Pregrado,Tecnológico,TECNOLOGICO
TECNOLOGÍA EN GESTION DE INFRAESTRUCTURA DE TELECOMUNICACIONES,Pregrado,Tecnológico,TECNOLOGICO
TECNOLOGÍA EN GESTIÓN DE INFRAESTRUCTURAS DE TECNOLOGÍAS DE INFORMACIÓN Y COMUNICACIONES,Pregrado,Tecnológico,TECNOLOGICO
TECNOLOGÍA EN GESTIÓN DE INFRAESTRUCTURAS DE TECNOLOGÍAS DE LA INFORMACIÓN Y COMUNICACIONES,Pregrado,Tecnológico,TECNOLOGICO
TECNOLOGÍA EN GESTIÓN DE INSUMOS AGROPECUARIOS,Pregrado,Tecnológico,TECNOLOGICO
TECNOLOGÍA EN GESTIÓN DE LA CALIDAD,Pregrado,Tecnológico,TECNOLOGICO
Tecnología en Gestión de la Ciberseguridad,Pregrado,Tecnológico,TECNOLOGICO
TECNOLOGÍA EN GESTIÓN DE LA COMUNICACIÓN CORPORATIVA,Pregrado,Tecnológico,TECNOLOGICO
TECNOLOGÍA EN GESTIÓN DE LA COMUNICACIÓN DIGITAL,Pregrado,Tecnológico,TECNOLOGICO
TECNOLOGÍA EN GESTIÓN DE LA COMUNICACIÓN EN MEDIOS,Pregrado,Tecnológico,TECNOLOGICO
TECNOLOGÍA EN GESTIÓN DE LA COMUNICACIÓN GRÁFICA,Pregrado,Tecnológico,TECNOLOGICO
TECNOLOGÍA EN GESTIÓN DE LA COMUNICACIÓN MULTIMEDIA,Pregrado,Tecnológico,TECNOLOGICO
TECNOLOGÍA EN GESTIÓN DE LA CONSTRUCCIÓN,Pregrado,Tecnológico,TECNOLOGICO
TECNOLOGÍA EN GESTIÓN DE LA CONSTRUCCIÓN DE PROYECTOS ARQUITECTÓNICOS,Pregrado,Tecnológico,TECNOLOGICO
TECNOLOGÍA EN GESTIÓN DE LA EMPRESA AGRÍCOLA,Pregrado,Tecnológico,TECNOLOGICO
TECNOLOGÍA EN GESTIÓN DE LA EMPRESA CAFETERA,Pregrado,Tecnológico,TECNOLOGICO
Tecnología en Gestión de la Investigación Judicial y Criminalística,Pregrado,Tecnológico,TECNOLOGICO
TECNOLOGIA EN GESTION DE LA MODA,Pregrado,Tecnológico,TECNOLOGICO
TECNOLOGIA EN GESTION DE LA PRODUCCI¿N,Pregrado,Tecnológico,TECNOLOGICO
TECNOLOGIA EN GESTION DE LA PRODUCCION AGRICOLA,Pregrado,Tecnológico,TECNOLOGICO
TECNOLOGIA  EN GESTIÓN DE LA PRODUCCIÓN INDUSTRIAL,Pregrado,Tecnológico,TECNOLOGICO
TECNOLOGIA EN GESTION DE LA PRODUCCION Y CALIDAD,Pregrado,Tecnológico,TECNOLOGICO
TECNOLOGIA EN GESTIÓN DE LA PRODUCCIÓN Y LA CALIDAD,Pregrado,Tecnológico,TECNOLOGICO
TECNOLOGIA EN GESTION DE LA PROPIEDAD HORIZONTAL,Pregrado,Tecnológico,TECNOLOGICO
TECNOLOGÍA EN GESTIÓN DE LA RECREACIÓN Y EL DEPORTE,Pregrado,Tecnológico,TECNOLOGICO
Tecnología en Gestión de la Salud Ambiental y Seguridad Sanitaria,Pregrado,Tecnológico,TECNOLOGICO
Tecnología en Gestión de la Seguridad Digital,Pregrado,Tecnológico,TECNOLOGICO
TECNOLOGÍA EN GESTIÓN DE LA SEGURIDAD E HIGIENE LABORAL,Pregrado,Tecnológico,TECNOLOGICO
TECNOLOGÍA EN GESTIÓN DE LA SEGURIDAD EN EL TRABAJO,Pregrado,Tecnológico,TECNOLOGICO
TECNOLOGIA EN GESTION DE LA SEGURIDAD Y SALUD EN EL TRABAJO,Pregrado,Tecnológico,TECNOLOGICO
TECNOLOGIA EN GESTIÓN DE LA SEGURIDAD Y SALUD EN ELTRABAJO,Pregrado,Tecnológico,TECNOLOGICO
TECNOLOGÍA EN GESTIÓN DE LOGÍSTICA EMPRESARIAL,Pregrado,Tecnológico,TECNOLOGICO
TECNOLOGÍA EN GESTIÓN DE LOGÍSTICA INTERNACIONAL,Pregrado,Tecnológico,TECNOLOGICO
TECNOLOGIA EN GESTION DE LOS NEGOCIOS INTERNACIONALES EN ENTORNOS DIGITALES,Pregrado,Tecnológico,TECNOLOGICO
Tecnología en Gestión de Manejo Ambiental,Pregrado,Tecnológico,TECNOLOGICO
TECNOLOGÍA EN GESTIÓN DE MANTENIMIENTO ELECTROMECÁNICO,Pregrado,Tecnológico,TECNOLOGICO
TECNOLOGÍA EN GESTIÓN DE MARKETING,Pregrado,Tecnológico,TECNOLOGICO
TECNOLOGÍA EN GESTIÓN DE MARKETING DE NEGOCIOS INTERNACIONALES,Pregrado,Tecnológico,TECNOLOGICO
TECNOLOGÍA EN GESTIÓN DE MARKETING DIGITAL,Pregrado,Tecnológico,TECNOLOGICO
TECNOLOGIA EN GESTION DE MARKETING INTERNACIONAL,Pregrado,Tecnológico,TECNOLOGICO
Tecnología en Gestión de Marketing y Ventas Digitales,Pregrado,Tecnológico,TECNOLOGICO
TECNOLOGIA EN GESTION DE MERCADEO,Pregrado,Tecnológico,TECNOLOGICO
TECNOLOGÍA EN GESTIÓN DE MERCADEO DIGITAL,Pregrado,Tecnológico,TECNOLOGICO
TECNOLOGIA EN GESTION DE MERCADEO INTERNACIONAL,Pregrado,Tecnológico,TECNOLOGICO
TECNOLOGÍA EN GESTIÓN DE MERCADEO Y ESTRATEGIAS COMERCIALES,Pregrado,Tecnológico,TECNOLOGICO
TECNOLOGIA EN GESTIÓN DE MERCADEO Y NEGOCIOS INTERNACIONALES,Pregrado,Tecnológico,TECNOLOGICO
TECNOLOGÍA EN GESTIÓN DE MERCADEO Y PUBLICIDAD,Pregrado,Tecnológico,TECNOLOGICO
TECNOLOGIA EN GESTION DE MERCADEO Y VENTAS,Pregrado,Tecnológico,TECNOLOGICO
TECNOLOGIA EN GESTION DE MERCADOS,Pregrado,Tecnológico,TECNOLOGICO
TECNOLOGÍA EN GESTIÓN DE MERCADOTECNIA,Pregrado,Tecnológico,TECNOLOGICO
TECNOLOGÍA EN GESTIÓN DE MERCADOTECNIA Y PUBLICIDAD,Pregrado,Tecnológico,TECNOLOGICO
TECNOLOGÍA EN GESTIÓN DE MICROFINANZAS,Pregrado,Tecnológico,TECNOLOGICO
TECNOLOGIA EN GESTIÓN DE NEGOCIOS,Pregrado,Tecnológico,TECNOLOGICO
Tecnología en Gestión de Negocios Digitales,Pregrado,Tecnológico,TECNOLOGICO
TECNOLOGÍA EN GESTIÓN DE NEGOCIOS FIDUCIARIOS,Pregrado,Tecnológico,TECNOLOGICO
TECNOLOGIA EN GESTION  DE NEGOCIOS INTERNACIONALES,Pregrado,Tecnológico,TECNOLOGICO
TECNOLOGÍA EN GESTIÓN DE NEGOCIOS Y FINANZAS,Pregrado,Tecnológico,TECNOLOGICO
TECNOLOGIA EN GESTION DE OBRAS CIVILES Y CONSTRUCCIONES,Pregrado,Tecnológico,TECNOLOGICO
TECNOLOGÍA EN GESTIÓN DE OPERACIONES EN TERMINALES PORTUARIAS,Pregrado,Tecnológico,TECNOLOGICO
TECNOLOGIA EN GESTION DE OPERACIONES INDUSTRIALES,Pregrado,Tecnológico,TECNOLOGICO
Tecnología en Gestión de Operaciones Internas de Fabricación,Pregrado,Tecnológico,TECNOLOGICO
TECNOLOGÍA EN GESTIÓN DE OPERACIONES LOGÍSTICAS,Pregrado,Tecnológico,TECNOLOGICO
TECNOLOGIA EN GESTION DE ORGANIZACIONES TURISTICAS,Pregrado,Tecnológico,TECNOLOGICO
TECNOLOGÍA EN GESTIÓN DE PLANTACIONES DE PALMA DE ACEITE,Pregrado,Tecnológico,TECNOLOGICO
TECNOLOGÍA EN GESTIÓN DE PLANTACIONES FORESTALES,Pregrado,Tecnológico,TECNOLOGICO
TECNOLOGIA EN GESTIÓN DE PROCESOS AGROINDUSTRIALES,Pregrado,Tecnológico,TECNOLOGICO
TECNOLOGÍA EN GESTIÓN DE PROCESOS DE PREPRENSA PARA MEDIOS,Pregrado,Tecnológico,TECNOLOGICO
TECNOLOGÍA EN GESTIÓN DE PROCESOS DE PRODUCCIÓN INDUSTRIAL,Pregrado,Tecnológico,TECNOLOGICO
Tecnología en Gestión de Procesos de Repostería y Panificación,Pregrado,Tecnológico,TECNOLOGICO
Tecnología en gestión de procesos de seguridad y salud en el trabajo,Pregrado,Tecnológico,TECNOLOGICO
TECNOLOGIA EN GESTION DE PROCESOS INDUSTRIALES,Pregrado,Tecnológico,TECNOLOGICO
TECNOLOGÍA EN GESTIÓN DE PROCESOS LOGÍSTICOS,Pregrado,Tecnológico,TECNOLOGICO
TECNOLOGIA EN  GESTIÓN DE PROCESOS MECATRÓNICOS,Pregrado,Tecnológico,TECNOLOGICO
TECNOLOGÍA EN GESTIÓN DE PROCESOS PRODUCTIVOS Y ADMINISTRATIVOS,Pregrado,Tecnológico,TECNOLOGICO
Tecnología en Gestión de Procesos Químicos Industriales,Pregrado,Tecnológico,TECNOLOGICO
TECNOLOGÍA EN GESTIÓN DE PROCESOS Y PRODUCCIÓN DE MOBILIARIO,Pregrado,Tecnológico,TECNOLOGICO
Tecnología en Gestión de Producción de Modas,Pregrado,Tecnológico,TECNOLOGICO
TECNOLOGÍA EN GESTION DE PRODUCCION Y CALIDAD,Pregrado,Tecnológico,TECNOLOGICO
TECNOLOGÍA EN GESTIÓN DE PRODUCCIÓN Y TRANSFORMACIÓN DEL ACERO,Pregrado,Tecnológico,TECNOLOGICO
TECNOLOGIA EN GESTIÓN DE PRODUCTO,Pregrado,Tecnológico,TECNOLOGICO
TECNOLOGÍA EN GESTIÓN DE PROYECTOS AGROECOLÓGICOS,Pregrado,Tecnológico,TECNOLOGICO
TECNOLOGIA EN GESTIÓN DÉ PROYECTOS DE bESARROLLO ECONÓMICO Y SOCIAL,Pregrado,Tecnológico,TECNOLOGICO
TECNOLOGIA EN GESTION DE PROYECTOS DE DESARROLLO ECONOMICO Y SOCIAL,Pregrado,Tecnológico,TECNOLOGICO
TECNOLOGÍA EN GESTIÓN DE PROYECTOS SOCIALES Y COMUNITARIOS,Pregrado,Tecnológico,TECNOLOGICO
TECNOLOGÍA EN GESTIÓN DE PROYECTOS URBANÍSTICOS,Pregrado,Tecnológico,TECNOLOGICO
TECNOLOGÍA EN GESTIÓN DE PUBLICIDAD DIGITAL,Pregrado,Tecnológico,TECNOLOGICO
TECNOLOGIA EN GESTIÓN DE PUBLICIDAD Y MEDIOS DIGITALES,Pregrado,Tecnológico,TECNOLOGICO
TECNOLOGÍA EN GESTIÓN DE RECURSOS AÉREOS,Pregrado,Tecnológico,TECNOLOGICO
Tecnología en Gestión de Recursos en Moda Sostenible,Pregrado,Tecnológico,TECNOLOGICO
TECNOLOGIA EN GESTIÓN DE RECURSOS EN PLANTAS DE PRODUCCIÓN,Pregrado,Tecnológico,TECNOLOGICO
TECNOLOGÍA EN GESTIÓN DE RECURSOS ENERGÉTICOS,Pregrado,Tecnológico,TECNOLOGICO
TECNOLOGÍA EN GESTIÓN DE RECURSOS HUMANOS,Pregrado,Tecnológico,TECNOLOGICO
TECNOLOGÍA EN GESTIÓN DE RECURSOS MINERO ENERGÉTICOS,Pregrado,Tecnológico,TECNOLOGICO
TECNOLOGIA EN  GESTION DE RECURSOS NATURALES,Pregrado,Tecnológico,TECNOLOGICO
TECNOLOGÍA EN GESTIÓN DE REDES DE COMPUTADORES Y SEGURIDAD INFORMÁTICA,Pregrado,Tecnológico,TECNOLOGICO
TECNOLOGÍA EN GESTIÓN DE REDES DE DATOS,Pregrado,Tecnológico,TECNOLOGICO
TECNOLOGIA EN GESTION DE REDES DE TELECOMUNICACIONES,Pregrado,Tecnológico,TECNOLOGICO
TECNOLOGIA EN GESTIÓN DE REDES INALÁMBRICAS,Pregrado,Tecnológico,TECNOLOGICO
TECNOLOGIA EN GESTION DE REDES INFORMÁTICAS,Pregrado,Tecnológico,TECNOLOGICO
TECNOLOGIA EN GESTIÓN DE REDES Y SISTEMAS TELEINFORMATICOS,Pregrado,Tecnológico,TECNOLOGICO
TECNOLOGÍA EN GESTION DE RIESGOS Y SEGUROS,Pregrado,Tecnológico,TECNOLOGICO
TECNOLOGIA EN GESTIÓN DE SEGURIDAD EN REDES DE COMPUTADORES,Pregrado,Tecnológico,TECNOLOGICO
"TECNOLOGÍA EN GESTIÓN DE SEGURIDAD, SALUD EN EL TRABAJO Y MEDIO AMBIENTE",Pregrado,Tecnológico,TECNOLOGICO
TECNOLOGÍA EN GESTIÓN DE SEGURIDAD VIAL,Pregrado,Tecnológico,TECNOLOGICO
TECNOLOGIA EN GESTION DE SEGURIDAD Y SALUD EN EL TRABAJO,Pregrado,Tecnológico,TECNOLOGICO
TECNOLOGIA EN GESTION DE SERVICIOS DE SALUD,Pregrado,Tecnológico,TECNOLOGICO
TECNOLOGIA EN GESTIÓN DE SERVICIOS FINANCIEROS,Pregrado,Tecnológico,TECNOLOGICO
TECNOLOGIA EN GESTIÓN DE SERVICIOS GASTRONÓMICOS,Pregrado,Tecnológico,TECNOLOGICO
TECNOLOGÍA EN GESTIÓN DE SERVICIOS HOTELEROS Y TURÍSTICOS,Pregrado,Tecnológico,TECNOLOGICO
TECNOLOGÍA EN GESTIÓN DE SERVICIOS PARA AEROLÍNEAS,Pregrado,Tecnológico,TECNOLOGICO
TECNOLOGÍA EN GESTION DE  SERVICIOS  RECREATIVOS,Pregrado,Tecnológico,TECNOLOGICO
TECNOLOGIA EN GESTIÓN DE SERVICIOS TURÍSTICOS Y HOTELEROS,Pregrado,Tecnológico,TECNOLOGICO
TECNOLOGIA EN GESTIÓN DE  SISTEMAS,Pregrado,Tecnológico,TECNOLOGICO
TECNOLOGIA EN GESTION DE SISTEMAS DE INFORMACION,Pregrado,Tecnológico,TECNOLOGICO
TECNOLOGIA EN GESTIÓN DE SISTEMAS DE INFORMACIÓN DOCUMENTALY ARCHIVÍSTICA,Pregrado,Tecnológico,TECNOLOGICO
TECNOLOGÍA EN GESTIÓN DE SISTEMAS DE INFORMACIÓN Y REDES DE COMPUTO,Pregrado,Tecnológico,TECNOLOGICO
TECNOLOGIA EN GESTION DE SISTEMAS DE TELECOMUNICACIONES,Pregrado,Tecnológico,TECNOLOGICO
TECNOLOGÍA EN GESTIÓN DE SISTEMAS ELÉCTRICOS,Pregrado,Tecnológico,TECNOLOGICO
TECNOLOGIA EN  GESTION DE SISTEMAS ELECTROMECANICOS,Pregrado,Tecnológico,TECNOLOGICO
TECNOLOGIA EN GESTION DE SISTEMAS ELECTRONICOS,Pregrado,Tecnológico,TECNOLOGICO
Tecnología en gestión de sistemas ganaderos sostenibles,Pregrado,Tecnológico,TECNOLOGICO
TECNOLOGIA EN GESTION DE SISTEMAS INFORMATICOS,Pregrado,Tecnológico,TECNOLOGICO
TECNOLOGÍA EN GESTIÓN DE SISTEMAS LOGÍSTICOS,Pregrado,Tecnológico,TECNOLOGICO
TECNOLOGIA EN GESTIÓN DE SISTEMAS MECATRONICOS,Pregrado,Tecnológico,TECNOLOGICO
TECNOLOGÍA EN GESTIÓN DE  SISTEMAS MECATRONICOS INDUSTRIALES,Pregrado,Tecnológico,TECNOLOGICO
TECNOLOGÍA EN GESTIÓN DE SOFTWARE Y REDES,Pregrado,Tecnológico,TECNOLOGICO
TECNOLOGÍA EN GESTIÓN DE SOFTWARE Y SISTEMAS,Pregrado,Tecnológico,TECNOLOGICO
Tecnología en Gestión de Soluciones de Datos  con Inteligencia Artificial,Pregrado,Tecnológico,TECNOLOGICO
TECNOLOGÍA EN GESTIÓN DE TESORERIA Y RECURSOS FINANCIEROS,Pregrado,Tecnológico,TECNOLOGICO
TECNOLOGÍA EN GESTIÓN DE TIC,Pregrado,Tecnológico,TECNOLOGICO
TECNOLOGIA EN GESTION DE TRANSITO AEREO,Pregrado,Tecnológico,TECNOLOGICO
TECNOLOGIA EN GESTION DE TURISMO SOSTENIBLE,Pregrado,Tecnológico,TECNOLOGICO
TECNOLOGÍA EN GESTIÓN DE TURISMO Y HOTELES,Pregrado,Tecnológico,TECNOLOGICO
TECNOLOGÍA EN GESTIÓN DE VENTAS Y NEGOCIOS,Pregrado,Tecnológico,TECNOLOGICO
Tecnología en Gestión del Agua,Pregrado,Tecnológico,TECNOLOGICO
TECNOLOGÍA EN GESTIÓN DEL CAPITAL HUMANO,Pregrado,Tecnológico,TECNOLOGICO
TECNOLOGIA EN GESTION DEL COMERCIO EXTERIOR,Pregrado,Tecnológico,TECNOLOGICO
TECNOLOGÍA EN GESTIÓN DEL COMERCIO INTERNACIONAL,Pregrado,Tecnológico,TECNOLOGICO
Tecnología en Gestión del Desarrollo Administrativo e Innovación,Pregrado,Tecnológico,TECNOLOGICO
TECNOLOGÍA EN GESTIÓN DEL DISEÑO GRÁFICO,Pregrado,Tecnológico,TECNOLOGICO
TECNOLOGÍA EN GESTIÓN DEL ECOTURISMO,Pregrado,Tecnológico,TECNOLOGICO
TECNOLOGIA EN GESTION DEL MANTENIMIENTO AERONAUTICO,Pregrado,Tecnológico,TECNOLOGICO
TECNOLOGÍA EN GESTIÓN DEL MANTENIMIENTO DE AUTOMOTORES,Pregrado,Tecnológico,TECNOLOGICO
TECNOLOGÍA EN GESTION DEL MANTENIMIENTO ELECTROMECÁNICO,Pregrado,Tecnológico,TECNOLOGICO
TECNOLOGIA EN GESTION DEL SERVICIO DE POLICIA,Pregrado,Tecnológico,TECNOLOGICO
TECNOLOGIA EN GESTION DEL TALENTO HUMANO,Pregrado,Tecnológico,TECNOLOGICO
TECNOLOGIA EN GESTIÓN DEL TURISMO CULTURAL Y DE NATURALEZA,Pregrado,Tecnológico,TECNOLOGICO
TECNOLOGIA EN GESTION  DEL TURISMO DE NATURALEZA,Pregrado,Tecnológico,TECNOLOGICO
TECNOLOGÍA EN GESTIÓN DEL TURISMO SOSTENIBLE,Pregrado,Tecnológico,TECNOLOGICO
TECNOLOGIA EN GESTION DEPORTIVA,Pregrado,Tecnológico,TECNOLOGICO
Tecnología en Gestión Deportiva y Actividad Física,Pregrado,Tecnológico,TECNOLOGICO
TECNOLOGIA EN GESTION DOCUMENTAL,Pregrado,Tecnológico,TECNOLOGICO
Tecnología En  Gestión Documental e Información,Pregrado,Tecnológico,TECNOLOGICO
Tecnología en Gestión Económica de Proyectos,Pregrado,Tecnológico,TECNOLOGICO
TECNOLOGÍA EN GESTIÓN EFICIENTE DE LA ENERGÍA,Pregrado,Tecnológico,TECNOLOGICO
TECNOLOGIA  EN GESTIÓN EMPRESARIAL,Pregrado,Tecnológico,TECNOLOGICO
"Tecnología en Gestión Empresarial, articulado por ciclos propedéuticos con los programas Técnica Profesional en Procesos Administrativosy Administración de Empresas",Pregrado,Tecnológico,TECNOLOGICO
TECNOLOGIA EN GESTION EMPRESARIAL Y DE LA INNOVACIÓN,Pregrado,Tecnológico,TECNOLOGICO
Tecnología en Gestión en Comercio Internacional y  Logística,Pregrado,Tecnológico,TECNOLOGICO
TECNOLOGIA EN GESTION EN DESARROLLO DE PROYECTOS,Pregrado,Tecnológico,TECNOLOGICO
TECNOLOGÍA EN GESTIÓN EN DISEÑO DE MODA,Pregrado,Tecnológico,TECNOLOGICO
TECNOLOGIA EN GESTION EN FINANZAS,Pregrado,Tecnológico,TECNOLOGICO
TECNOLOGÍA EN GESTION EN LOGÍSTICA MILITAR,Pregrado,Tecnológico,TECNOLOGICO
TECNOLOGÍA EN GESTIÓN EN SALUD OCUPACIONAL,Pregrado,Tecnológico,TECNOLOGICO
Tecnología en Gestión en Sistemas de Telecomunicaciones y Electrotécnicos,Pregrado,Tecnológico,TECNOLOGICO
Tecnología en Gestión Energética de Recursos Renovables articulada por Ciclos Propedéuticos con el Programa de Técnica Profesional en Operación de Sistemas de Energías Renovables,Pregrado,Tecnológico,TECNOLOGICO
TECNOLOGIA EN GESTION FINANCIERA,Pregrado,Tecnológico,TECNOLOGICO
TECNOLOGIA EN GESTION FINANCIERA DEL COMERCIO INTERNACIONAL,Pregrado,Tecnológico,TECNOLOGICO
TECNOLOGIA EN GESTION FINANCIERA Y CONTABLE,Pregrado,Tecnológico,TECNOLOGICO
TECNOLOGÍA EN GESTIÓN FINANCIERA Y CREDITICIA,Pregrado,Tecnológico,TECNOLOGICO
TECNOLOGÍA  EN GESTIÓN FINANCIERA Y DE RECURSOS DE LA SALUD,Pregrado,Tecnológico,TECNOLOGICO
TECNOLOGÍA EN GESTIÓN FINANCIERA Y DE TESORERÍA,Pregrado,Tecnológico,TECNOLOGICO
TECNOLOGIA EN GESTION FINANCIERA Y TRIBUTARIA,Pregrado,Tecnológico,TECNOLOGICO
TECNOLOGIA EN GESTION GASTRONOMICA,Pregrado,Tecnológico,TECNOLOGICO
TECNOLOGIA EN GESTIÓN GASTRONOMICA Y DE BEBIDAS,Pregrado,Tecnológico,TECNOLOGICO
TECNOLOGÍA EN GESTIÓN GASTRONÓMICA Y SOMMELIER,Pregrado,Tecnológico,TECNOLOGICO
TECNOLOGÍA EN GESTIÓN GRÁFICA MULTIMEDIAL,Pregrado,Tecnológico,TECNOLOGICO
TECNOLOGÍA EN GESTIÓN HOTELERA,Pregrado,Tecnológico,TECNOLOGICO
TECNOLOGÍA EN GESTIÓN HOTELERA Y DE SERVICIOS,Pregrado,Tecnológico,TECNOLOGICO
TECNOLOGIA EN GESTION HOTELERA Y SERVICIOS TURISTICOS,Pregrado,Tecnológico,TECNOLOGICO
TECNOLOGIA EN GESTION HOTELERA Y TURISTICA,Pregrado,Tecnológico,TECNOLOGICO
TECNOLOGIA EN GESTION HUMANA,Pregrado,Tecnológico,TECNOLOGICO
TECNOLOGIA EN GESTION INDUSTRIAL,Pregrado,Tecnológico,TECNOLOGICO
TECNOLOGÍA EN GESTIÓN INFORMÁTICA,Pregrado,Tecnológico,TECNOLOGICO
"TECNOLOGIA EN GESTION INTEGRADA DE LA CALIDAD, MEDIO AMBIENTE, SEGURIDAD Y SALUD OCUPACIONAL",Pregrado,Tecnológico,TECNOLOGICO
"Tecnología en Gestión Integrada de la Calidad, Seguridad Industrial, Salud Ocupacional y Ambiente",Pregrado,Tecnológico,TECNOLOGICO
TECNOLOGÍA EN GESTIÓN INTEGRAL DE LA CALIDAD Y SEGURIDAD INDUSTRIAL,Pregrado,Tecnológico,TECNOLOGICO
TECNOLOGIA EN GESTION INTEGRAL DEL RIESGO EN SEGUROS,Pregrado,Tecnológico,TECNOLOGICO
TECNOLOGÍA EN GESTIÓN INTEGRAL DEL TRANSPORTE,Pregrado,Tecnológico,TECNOLOGICO
TECNOLOGIA EN GESTION INTEGRAL EN FONDOS DE PENSIONES Y CESANTIAS,Pregrado,Tecnológico,TECNOLOGICO
TECNOLOGÍA EN GESTIÓN INTERNACIONAL DEL COMERCIO,Pregrado,Tecnológico,TECNOLOGICO
Tecnología en Gestión Judicial e Investigación Criminal,Pregrado,Tecnológico,TECNOLOGICO
TECNOLOGÍA EN GESTIÓN JURÍDICA DE LA INFORMACIÓN,Pregrado,Tecnológico,TECNOLOGICO
TECNOLOGIA EN GESTION LOGISTICA,Pregrado,Tecnológico,TECNOLOGICO
TECNOLOGÍA EN GESTIÓN LOGÍSTICA DE COMERCIO EXTERIOR,Pregrado,Tecnológico,TECNOLOGICO
TECNOLOGIA EN GESTION LOGISTICA DEL COMERCIO EXTERIOR,Pregrado,Tecnológico,TECNOLOGICO
TECNOLOGIA EN GESTION LOGISTICA EMPRESARIAL,Pregrado,Tecnológico,TECNOLOGICO
TECNOLOGÍA EN GESTION LOGISTICA EN COMPRAS E INVENTARIOS,Pregrado,Tecnológico,TECNOLOGICO
Tecnología en Gestión Logística Hospitalaria,Pregrado,Tecnológico,TECNOLOGICO
TECNOLOGIA EN GESTIÓN LOGÍSTICA INTEGRAL,Pregrado,Tecnológico,TECNOLOGICO
TECNOLOGIA EN GESTION LOGISTICA INTERNACIONAL,Pregrado,Tecnológico,TECNOLOGICO
TECNOLOGÍA EN GESTIÓN LOGÍSTICA NACIONAL E INTERNACIONAL,Pregrado,Tecnológico,TECNOLOGICO
TECNOLOGÍA EN GESTIÓN LOGÍSTICA PORTUARIA Y ADUANERA,Pregrado,Tecnológico,TECNOLOGICO
Tecnología en Gestión Logística Portuaria y del Transporte,Pregrado,Tecnológico,TECNOLOGICO
TECNOLOGIA EN GESTION LOGISTICA Y DE COMERCIO INTERNACIONAL,Pregrado,Tecnológico,TECNOLOGICO
TECNOLOGIA EN GESTION LOGISTICA Y PORTUARIA,Pregrado,Tecnológico,TECNOLOGICO
TECNOLOGÍA EN GESTIÓN MINERA,Pregrado,Tecnológico,TECNOLOGICO
TECNOLOGÍA EN GESTIÓN MINERO AMBIENTAL,Pregrado,Tecnológico,TECNOLOGICO
TECNOLOGIA EN GESTION NAVIERA Y PORTUARIA,Pregrado,Tecnológico,TECNOLOGICO
TECNOLOGIA EN GESTIÓN PARA EL SUMINISTRO DE GAS COMBUSTIBLE,Pregrado,Tecnológico,TECNOLOGICO
TECNOLOGIA EN GESTIÓN PARA ESTABLECIMIENTOS DE ALIMENTOS Y BEBIDAS,Pregrado,Tecnológico,TECNOLOGICO
TECNOLOGÍA EN GESTIÓN PARA PROYECTOS WEB,Pregrado,Tecnológico,TECNOLOGICO
TECNOLOGÍA EN GESTIÓN PARA SUMINISTRO DE GAS COMBUSTIBLE,Pregrado,Tecnológico,TECNOLOGICO
TECNOLOGIA EN GESTION PORTUARIA,Pregrado,Tecnológico,TECNOLOGICO
TECNOLOGIA EN GESTION PUBLICA,Pregrado,Tecnológico,TECNOLOGICO
TECNOLOGÍA EN GESTIÓN PUBLICA TERRITORIAL,Pregrado,Tecnológico,TECNOLOGICO
TECNOLOGIA EN GESTION PUBLICITARIA,Pregrado,Tecnológico,TECNOLOGICO
Tecnología en Gestión Química Industrial,Pregrado,Tecnológico,TECNOLOGICO
Tecnología en Gestión Sostenible de la Producción Agrícola,Pregrado,Tecnológico,TECNOLOGICO
TECNOLOGÍA EN GESTIÓN SOSTENIBLE DE LA PRODUCCIÓN AGROPECUARIA,Pregrado,Tecnológico,TECNOLOGICO
TECNOLOGÍA EN GESTIÓN SOSTENIBLE DEL CAFÉ,Pregrado,Tecnológico,TECNOLOGICO
Tecnología en Gestión Talento Humano,Pregrado,Tecnológico,TECNOLOGICO
"TECNOLOGIA EN GESTION TRIBUTARIA, CONTABLE Y FINANCIERA",Pregrado,Tecnológico,TECNOLOGICO
TECNOLOGÍA EN GESTIÓN TRIBUTARIA Y FINANCIERA,Pregrado,Tecnológico,TECNOLOGICO
TECNOLOGIA EN GESTION TURISTICA,Pregrado,Tecnológico,TECNOLOGICO
TECNOLOGÍA EN GESTIÓN TURÍSTICA Y DESARROLLO LOCAL,Pregrado,Tecnológico,TECNOLOGICO
TECNOLOGIA EN GESTION TURISTICA Y HOTELERA,Pregrado,Tecnológico,TECNOLOGICO
Tecnología en Gestión y Analítica de Datos,Pregrado,Tecnológico,TECNOLOGICO
TECNOLOGÍA EN GESTIÓN Y AUDITORIA ADMINISTRATIVA,Pregrado,Tecnológico,TECNOLOGICO
TECNOLOGIA EN GESTION Y CONSTRUCCION DE OBRAS CIVILES,Pregrado,Tecnológico,TECNOLOGICO
TECNOLOGÍA EN GESTIÓN Y DESARROLLO DE SISTEMAS INFORMÁTICOS,Pregrado,Tecnológico,TECNOLOGICO
TECNOLOGIA EN GESTIÓN Y EJECUCION DE CONSTRUCCIONES,Pregrado,Tecnológico,TECNOLOGICO
TECNOLOGÍA EN GESTIÓN Y EJECUCIÓN INSTRUMENTAL PARA LAS PRÁCTICAS MUSICALES,Pregrado,Tecnológico,TECNOLOGICO
TECNÓLOGÍA EN GESTIÓN Y PRODUCCIÓN CREATIVA PARA LAS PRÁCTICAS VISUALES,Pregrado,Tecnológico,TECNOLOGICO
TECNOLOGÍA EN GESTIÓN Y PRODUCCIÓN HORTÍCOLA,Pregrado,Tecnológico,TECNOLOGICO
TECNOLOGÍA EN GESTIÓN Y REALIZACIÓN DE CONTENIDOS AUDIOVISUALES,Pregrado,Tecnológico,TECNOLOGICO
TECNOLOGIA EN GUIANZA TURISTICA,Pregrado,Tecnológico,TECNOLOGICO
TECNOLOGIA EN HIGIENE Y SEGURIDAD EN EL TRABAJO,Pregrado,Tecnológico,TECNOLOGICO
TECNOLOGIA EN HIGIENE Y SEGURIDAD INDUSTRIAL,Pregrado,Tecnológico,TECNOLOGICO
TECNOLOGÍA EN ILUSTRACIÓN PARA PRODUCTOS EDITORIALES MULTIMEDIALES,Pregrado,Tecnológico,TECNOLOGICO
TECNOLOGÍA EN IMÁGENES DIAGNÓSTICAS,Pregrado,Tecnológico,TECNOLOGICO
TECNOLOGIA EN IMPLEMENTACION DE INFRAESTRUCTURA DE TECNOLOGIAS DE LA INFORMACION Y LAS COMUNICACIONES,Pregrado,Tecnológico,TECNOLOGICO
TECNOLOGÍA EN IMPLEMENTACION DE REDES Y SERVICIOS DE TELECOMUNCIACIONES,Pregrado,Tecnológico,TECNOLOGICO
TECNOLOGIA EN IMPLEMENTACION DE REDES Y SERVICIOS DE TELECOMUNICACIONES,Pregrado,Tecnológico,TECNOLOGICO
Tecnología en Implementación de servicios IoT,Pregrado,Tecnológico,TECNOLOGICO
Tecnología en Implementación de Sistemas de Internet de las Cosas IoT,Pregrado,Tecnológico,TECNOLOGICO
TECNOLOGÍA EN IMPLEMENTACIÓN DE SISTEMAS ELECTRÓNICOS INDUSTRIALES,Pregrado,Tecnológico,TECNOLOGICO
Tecnología en Implementación de Soluciones Digitales,Pregrado,Tecnológico,TECNOLOGICO
TECNOLOGÍA EN IMPLEMENTACIÓN Y GESTIÓN DE BASES DE DATOS,Pregrado,Tecnológico,TECNOLOGICO
TECNOLOGÍA EN IMPLEMENTACION Y MANTENIMIENTO DE SISTEMAS DE INSTRUMENTACIÓN Y CONTROL DE PROCESOS INDUSTRIALES,Pregrado,Tecnológico,TECNOLOGICO
TECNOLOGIA EN INFORMATICA,Pregrado,Tecnológico,TECNOLOGICO
TECNOLOGÍA EN INFORMÁTICA FORENSE,Pregrado,Tecnológico,TECNOLOGICO
TECNOLOGIA EN INFORMATICA MUSICAL,Pregrado,Tecnológico,TECNOLOGICO
TECNOLOGÍA EN INNOVACIÓN DE PRODUCTOS A BASE DE CAFÉ,Pregrado,Tecnológico,TECNOLOGICO
Tecnología en Instalación de Sistemas Eléctricos,Pregrado,Tecnológico,TECNOLOGICO
Tecnología en Instalaciones de Aprovechamiento Energético,Pregrado,Tecnológico,TECNOLOGICO
TECNOLOGIA EN INSTRUMENTACIÓN ELECTRONICA,Pregrado,Tecnológico,TECNOLOGICO
TECNOLOGIA EN INSTRUMENTACION INDUSTRIAL,Pregrado,Tecnológico,TECNOLOGICO
TECNOLOGÍA EN INSTRUMENTACIÓN Y CONTROL DE PROCESOS INDUSTRIALES,Pregrado,Tecnológico,TECNOLOGICO
TECNOLOGIA EN INTELIGENCIA AEREA,Pregrado,Tecnológico,TECNOLOGICO
TECNOLOGIA EN INTERIORISMO SOSTENIBLE,Pregrado,Tecnológico,TECNOLOGICO
TECNOLOGÍA EN INTERIORISMO Y DECORACIÓN DE ESPACIOS,Pregrado,Tecnológico,TECNOLOGICO
Tecnología en Interpretación Instrumental con énfasis en Música del Caribe Colombiano,Pregrado,Tecnológico,TECNOLOGICO
TECNOLOGÍA EN INTERPRETACION Y TRADUCCION EN LENGUA DE SEÑAS COLOMBIANAS (LSC) - ESPAÑOL,Pregrado,Tecnológico,TECNOLOGICO
TECNOLOGIA EN INVESTIGACION CRIMINAL,Pregrado,Tecnológico,TECNOLOGICO
TECNOLOGIA EN INVESTIGACION CRIMINAL Y CIENCIAS FORENSES,Pregrado,Tecnológico,TECNOLOGICO
TECNOLOGÍA EN INVESTIGACIÓN CRIMINAL Y CRIMINALÍSTICA,Pregrado,Tecnológico,TECNOLOGICO
TECNOLOGIA EN INVESTIGACION CRIMINAL Y JUDICIAL,Pregrado,Tecnológico,TECNOLOGICO
TECNOLOGÍA EN INVESTIGACIÓN CRIMINALÍSTICA Y JUDICIAL,Pregrado,Tecnológico,TECNOLOGICO
TECNOLOGÍA EN INVESTIGACIÓN DE ACCIDENTES DE TRÁNSITO,Pregrado,Tecnológico,TECNOLOGICO
TECNOLOGIA EN INVESTIGACION JUDICIAL,Pregrado,Tecnológico,TECNOLOGICO
TECNOLOGÍA EN INVESTIGACIÓN JUDICIAL Y CRIMINALÍSTICA,Pregrado,Tecnológico,TECNOLOGICO
TECNOLOGIA EN LABORATORIO DE PROTESIS DENTAL,Pregrado,Tecnológico,TECNOLOGICO
TECNOLOGIA EN LABORATORIO DENTAL,Pregrado,Tecnológico,TECNOLOGICO
TECNOLOGIA EN LEVANTAMIENTOS TOPOGRAFICOS,Pregrado,Tecnológico,TECNOLOGICO
TECNOLOGIA EN LEVANTAMIENTOS TOPOGRÁFICOS E INFORMACIÓN GEOGRÁFICA,Pregrado,Tecnológico,TECNOLOGICO
TECNOLOGÍA EN LEVANTAMIENTOS TOPOGRÁFICOS Y GEOREFERENCIACIÓN,Pregrado,Tecnológico,TECNOLOGICO
TECNOLOGÍA EN LEVANTAMIENTOS TOPOGRÁFICOS Y GEORREFERENCIACIÓN,Pregrado,Tecnológico,TECNOLOGICO
TECNOLOGIA EN LOCUCION Y PRODUCCION RADIAL,Pregrado,Tecnológico,TECNOLOGICO
TECNOLOGIA EN LOGISTICA,Pregrado,Tecnológico,TECNOLOGICO
TECNOLOGÍA EN LOGÍSTICA DE ALMACENAJE E INVENTARIOS,Pregrado,Tecnológico,TECNOLOGICO
Tecnología en Logística de Transporte Terrestre,Pregrado,Tecnológico,TECNOLOGICO
TECNOLOGÍA EN LOGÍSTICA DEL COMERCIO EXTERIOR,Pregrado,Tecnológico,TECNOLOGICO
TECNOLOGÍA EN LOGÍSTICA DEL TRANSPORTE,Pregrado,Tecnológico,TECNOLOGICO
TECNOLOGÍA EN LOGÍSTICA DEL TRANSPORTE MULTIMODAL,Pregrado,Tecnológico,TECNOLOGICO
TECNOLOGIA EN LOGISTICA EMPRESARIAL,Pregrado,Tecnológico,TECNOLOGICO
TECNOLOGÍA EN LOGÍSTICA INDUSTRIAL,Pregrado,Tecnológico,TECNOLOGICO
TECNOLOGÍA EN LOGÍSTICA INTERNACIONAL,Pregrado,Tecnológico,TECNOLOGICO
TECNOLOGÍA EN LOGÍSTICA MILITAR,Pregrado,Tecnológico,TECNOLOGICO
TECNOLOGIA EN LOGISTICA Y MERCADEO,Pregrado,Tecnológico,TECNOLOGICO
TECNOLOGÍA EN LOGÍSTICA Y MERCADEO INTERNACIONAL,Pregrado,Tecnológico,TECNOLOGICO
TECNOLOGÍA EN MANEJO DE FUENTES ABIERTAS DE USO DIAGNÓSTICO Y TERAPÉUTICO,Pregrado,Tecnológico,TECNOLOGICO
TECNOLOGIA EN MANEJO DE LA INFORMACION CONTABLE,Pregrado,Tecnológico,TECNOLOGICO
TECNOLOGIA EN MANEJO DE LA PRODUCCIÓN AGROFORESTAL,Pregrado,Tecnológico,TECNOLOGICO
TECNOLOGIA EN MANEJO DE RECURSOS AMBIENTALES,Pregrado,Tecnológico,TECNOLOGICO
TECNOLOGÍA EN MANEJO DE SISTEMAS AGROFORESTALES,Pregrado,Tecnológico,TECNOLOGICO
TECNOLOGÍA EN MANEJO DE SISTEMAS DE AGROBOSQUES POR CICLO PROPEDEUTICO,Pregrado,Tecnológico,TECNOLOGICO
TECNOLOGÍA EN MANEJO Y APROVECHAMIENTO FORESTAL,Pregrado,Tecnológico,TECNOLOGICO
TECNOLOGIA EN MANEJO Y COMERCIALIZACION AGROFORESTAL,Pregrado,Tecnológico,TECNOLOGICO
TECNOLOGIA EN MANEJO Y CONSERVACION DE SUELOS Y AGUAS,Pregrado,Tecnológico,TECNOLOGICO
TECNOLOGIA EN MANTENIMIENTO AERONAUTICO,Pregrado,Tecnológico,TECNOLOGICO
TECNOLOGÍA EN MANTENIMIENTO DE AVIONES,Pregrado,Tecnológico,TECNOLOGICO
TECNOLOGIA EN MANTENIMIENTO DE EQUIPO BIOMEDICO,Pregrado,Tecnológico,TECNOLOGICO
TECNOLOGIA EN MANTENIMIENTO DE EQUIPOS BIOMÉDICOS,Pregrado,Tecnológico,TECNOLOGICO
TECNOLOGÍA EN MANTENIMIENTO DE EQUIPOS INDUSTRIALES,Pregrado,Tecnológico,TECNOLOGICO
TECNOLOGIA EN MANTENIMIENTO DE SISTEMAS ELECTROMECANICOS,Pregrado,Tecnológico,TECNOLOGICO
TECNOLOGÍA EN MANTENIMIENTO ELÉCTRICO,Pregrado,Tecnológico,TECNOLOGICO
TECNOLOGÍA EN MANTENIMIENTO ELECTROMECÁNICO,Pregrado,Tecnológico,TECNOLOGICO
TECNOLOGIA EN MANTENIMIENTO ELECTROMECANICO DE EQUIPO PESADO,Pregrado,Tecnológico,TECNOLOGICO
TECNOLOGÍA EN MANTENIMIENTO ELECTROMECÁNICO DE EQUIPOS INDUSTRIALES,Pregrado,Tecnológico,TECNOLOGICO
TECNOLOGIA EN MANTENIMIENTO ELECTROMECANICO INDUSTRIAL,Pregrado,Tecnológico,TECNOLOGICO
TECNOLOGÍA EN MANTENIMIENTO ELECTRÓNICO,Pregrado,Tecnológico,TECNOLOGICO
TECNOLOGIA EN MANTENIMIENTO ELECTRONICO E INSTRUMENTAL INDUSTRIAL,Pregrado,Tecnológico,TECNOLOGICO
TECNOLOGIA EN MANTENIMIENTO EN LINEA DE AVIONES,Pregrado,Tecnológico,TECNOLOGICO
TECNOLOGIA EN MANTENIMIENTO EN LINEA DE HELICOPTEROS,Pregrado,Tecnológico,TECNOLOGICO
TECNOLOGÍA EN MANTENIMIENTO EN SISTEMAS ELÉCTRICOS ELECTRÓNICOS E INSTRUMENTOS DE AERONAVES,Pregrado,Tecnológico,TECNOLOGICO
TECNOLOGÍA EN MANTENIMIENTO MECÁNICO,Pregrado,Tecnológico,TECNOLOGICO
TECNOLOGIA EN MANTENIMIENTO MECANICO INDUSTRIAL,Pregrado,Tecnológico,TECNOLOGICO
TECNOLOGÍA EN MANTENIMIENTO MECANICO INSUSTRIAL,Pregrado,Tecnológico,TECNOLOGICO
TECNOLOGÍA EN MANTENIMIENTO MECATRÓNICA DE AUTOMOTORES,Pregrado,Tecnológico,TECNOLOGICO
TECNOLOGIA EN MANTENIMIENTO MECATRONICO DE AUTOMOTORES,Pregrado,Tecnológico,TECNOLOGICO
TECNOLOGÍA EN MARKETING,Pregrado,Tecnológico,TECNOLOGICO
TECNOLOGÍA EN MARKETING DIGITAL,Pregrado,Tecnológico,TECNOLOGICO
Tecnología en Marketing y Gestión Comercial,Pregrado,Tecnológico,TECNOLOGICO
TECNOLOGIA EN MARKETINKG DE SERVICIOS TURISTICOS,Pregrado,Tecnológico,TECNOLOGICO
TECNOLOGIA EN MECANICA AUTOMOTRIZ,Pregrado,Tecnológico,TECNOLOGICO
TECNOLOGIA EN MECANICA DENTAL,Pregrado,Tecnológico,TECNOLOGICO
TECNOLOGIA EN MECANICA INDUSTRIAL,Pregrado,Tecnológico,TECNOLOGICO
TECNOLOGIA EN MECANIZACION AGRICOLA,Pregrado,Tecnológico,TECNOLOGICO
TECNOLOGIA EN MECANIZACION PARA LA AGRICULTURA INTELIGENTE,Pregrado,Tecnológico,TECNOLOGICO
TECNOLOGÍA EN MECATRÓNICA,Pregrado,Tecnológico,TECNOLOGICO
TECNOLOGIA EN MECATRONICA INDUSTRIAL,Pregrado,Tecnológico,TECNOLOGICO
TECNOLOGIA EN MERCADEO,Pregrado,Tecnológico,TECNOLOGICO
TECNOLOGÍA EN MERCADEO DE PRODUCTOS ECOTURÍSTICOS,Pregrado,Tecnológico,TECNOLOGICO
TECNOLOGIA EN MERCADEO INTERNACIONAL,Pregrado,Tecnológico,TECNOLOGICO
TECNOLOGIA EN MERCADEO Y DISEÑO PUBLICITARIO,Pregrado,Tecnológico,TECNOLOGICO
TECNOLOGÍA EN MERCADEO Y ESTRATEGIAS COMERCIALES,Pregrado,Tecnológico,TECNOLOGICO
TECNOLOGIA EN MERCADEO Y GESTION COMERCIAL,Pregrado,Tecnológico,TECNOLOGICO
TECNOLOGIA EN MERCADEO Y NEGOCIOS INTERNACIONALES,Pregrado,Tecnológico,TECNOLOGICO
TECNOLOGIA EN MERCADEO Y PUBLICIDAD,Pregrado,Tecnológico,TECNOLOGICO
TECNOLOGIA EN MERCADEO Y VENTAS,Pregrado,Tecnológico,TECNOLOGICO
TECNOLOGIA EN MERCADOTECNIA,Pregrado,Tecnológico,TECNOLOGICO
TECNOLOGÍA EN MERCADOTECNIA AGROPECUARIA,Pregrado,Tecnológico,TECNOLOGICO
TECNOLOGIA EN MERCADOTECNIA Y PUBLICIDAD,Pregrado,Tecnológico,TECNOLOGICO
TECNOLOGIA EN METROLOGIA INDUSTRIAL,Pregrado,Tecnológico,TECNOLOGICO
TECNOLOGÍA EN MODA E INDUMENTARIA,Pregrado,Tecnológico,TECNOLOGICO
Tecnología en Modelación de Proyectos de Arquitectura e Ingeniería,Pregrado,Tecnológico,TECNOLOGICO
TECNOLOGÍA EN MODELADO DIGITAL ARQUITECTÓNICO,Pregrado,Tecnológico,TECNOLOGICO
TECNOLOGIA EN MODELADO Y ANIMACIÓN GRAFICA,Pregrado,Tecnológico,TECNOLOGICO
TECNOLOGIA EN MONTAJES INDUSTRIALES,Pregrado,Tecnológico,TECNOLOGICO
TECNOLOGÍA EN MULTIMEDIA,Pregrado,Tecnológico,TECNOLOGICO
TECNOLOGÍA  EN MULTIMEDIA Y SOLUCIONES WEB,Pregrado,Tecnológico,TECNOLOGICO
TECNOLOGIA EN NEGOCIACION INTERNACIONAL,Pregrado,Tecnológico,TECNOLOGICO
Tecnología en Negocios Agropecuarios,Pregrado,Tecnológico,TECNOLOGICO
TECNOLOGIA EN NEGOCIOS Y MERCADEO,Pregrado,Tecnológico,TECNOLOGICO
TECNOLOGIA EN OBRAS CIVILES,Pregrado,Tecnológico,TECNOLOGICO
TECNOLOGÍA EN OFICIAL ENCARGADO DE LA GUARDIA DE NAVEGACIÓN. REGLA II/3.3 STCW/78 ENMENDADO. NIVEL OPERACIONAL.,Pregrado,Tecnológico,TECNOLOGICO
"TECNOLOGÍA EN OFICIAL ENCARGADO DE LA GUARDIA EN CÁMARA DE MÁQUINAS. REGLA III/1 - STCW/78 ENMENDADO, NIVEL OPERACIONAL",Pregrado,Tecnológico,TECNOLOGICO
TECNOLOGIA EN OPERACION DE PLANTAS PETROQUIMICAS,Pregrado,Tecnológico,TECNOLOGICO
TECNOLOGIA EN OPERACIÓN DE PLANTAS Y PROCESOS INDUSTRIALES,Pregrado,Tecnológico,TECNOLOGICO
TECNOLOGÍA EN OPERACIÓN DE SISTEMAS ELECTROMECÁNICOS,Pregrado,Tecnológico,TECNOLOGICO
TECNOLOGIA EN OPERACION INTEGRAL DEL TRANSPORTE,Pregrado,Tecnológico,TECNOLOGICO
TECNOLOGÍA EN OPERACIÓN Y MANTENIMIENTO ELECTROMECÁNICO,Pregrado,Tecnológico,TECNOLOGICO
Tecnología en Operaciones Aeroespaciales,Pregrado,Tecnológico,TECNOLOGICO
TECNOLOGÍA EN OPERACIONES DE MANUFACTURA Y SERVICIOS,Pregrado,Tecnológico,TECNOLOGICO
TECNOLOGIA EN OPERACIONES FINANCIERAS,Pregrado,Tecnológico,TECNOLOGICO
TECNOLOGIA EN OPERACIONES TURISTICAS,Pregrado,Tecnológico,TECNOLOGICO
TECNOLOGIA EN ORGANIZACION DE EVENTOS,Pregrado,Tecnológico,TECNOLOGICO
TECNOLOGÍA EN PEDAGOGÍA Y LINGÜÍSTICA APLICADA PARA LA REVITALIZACIÓN DE LA LENGUA NASA,Pregrado,Tecnológico,TECNOLOGICO
TECNOLOGIA EN PLANEACIÓN MINERO ENERGETICA,Pregrado,Tecnológico,TECNOLOGICO
TECNOLOGÍA EN PREVENCIÓN Y CONTROL AMBIENTAL,Pregrado,Tecnológico,TECNOLOGICO
TECNOLOGIA EN PREVENCION Y MITIGACION AMBIENTAL,Pregrado,Tecnológico,TECNOLOGICO
TECNOLOGIA EN PROCEDIMIENTOS JUDICIALES,Pregrado,Tecnológico,TECNOLOGICO
TECNOLOGIA EN PROCESAMIENTO DE ALIMENTOS,Pregrado,Tecnológico,TECNOLOGICO
TECNOLOGÍA EN PROCESAMIENTO DE POLÍMEROS,Pregrado,Tecnológico,TECNOLOGICO
TECNOLOGIA EN PROCESAMIENTO Y CONSERVACION DE ALIMENTOS,Pregrado,Tecnológico,TECNOLOGICO
TECNOLOGIA  EN PROCESOS AGROINDUSTRIALES,Pregrado,Tecnológico,TECNOLOGICO
TECNOLOGIA EN PROCESOS BIOTECNOLOGICOS APLICADOS A LA INDUSTRIA,Pregrado,Tecnológico,TECNOLOGICO
TECNOLOGÍA EN PROCESOS COMERCIALES,Pregrado,Tecnológico,TECNOLOGICO
Tecnología en Procesos de Fabricación Metalmecánica,Pregrado,Tecnológico,TECNOLOGICO
TECNOLOGÍA EN PROCESOS DE LA INDUSTRIA QUÍMICA,Pregrado,Tecnológico,TECNOLOGICO
TECNOLOGIA EN PROCESOS DE PRODUCCION INDUSTRIAL,Pregrado,Tecnológico,TECNOLOGICO
TECNOLOGIA EN PROCESOS DE SEGURIDAD Y SALUD EN EL TRABAJO,Pregrado,Tecnológico,TECNOLOGICO
TECNOLOGÍA EN PROCESOS DE TRANSFORMACIÓN DE BIOMASA,Pregrado,Tecnológico,TECNOLOGICO
TECNOLOGIA EN PROCESOS INDUSTRIALES,Pregrado,Tecnológico,TECNOLOGICO
TECNOLOGIA EN PROCESOS INDUSTRIALES DE MECATRONICA,Pregrado,Tecnológico,TECNOLOGICO
TECNOLOGÍA  EN PROCESOS LOGÍSTICOS,Pregrado,Tecnológico,TECNOLOGICO
TECNOLOGÍA EN PROCESOS PRODUCTIVOS DE LA MADERA,Pregrado,Tecnológico,TECNOLOGICO
TECNOLOGÍA EN PROCESOS PUBLICITARIOS,Pregrado,Tecnológico,TECNOLOGICO
Tecnología en Procesos Químicos Ambientales,Pregrado,Tecnológico,TECNOLOGICO
TECNOLOGÍA EN PROCESOS QUÍMICOS INDUSTRIALES,Pregrado,Tecnológico,TECNOLOGICO
TECNOLOGIA EN PRODUCCION  AGRICOLA,Pregrado,Tecnológico,TECNOLOGICO
Tecnología en Producción Agrícola Integrada,Pregrado,Tecnológico,TECNOLOGICO
Tecnología en Producción Agroambiental,Pregrado,Tecnológico,TECNOLOGICO
TECNOLOGÍA EN PRODUCCIÓN AGROECOLÓGICA,Pregrado,Tecnológico,TECNOLOGICO
TECNOLOGIA EN PRODUCCION AGROINDUSTRIAL,Pregrado,Tecnológico,TECNOLOGICO
TECNOLOGIA EN PRODUCCION AGROPECUARIA,Pregrado,Tecnológico,TECNOLOGICO
TECNOLOGÍA EN PRODUCCIÓN AGROPECUARIA ECOLÓGICA,Pregrado,Tecnológico,TECNOLOGICO
TECNOLOGIA EN PRODUCCION ANIMAL,Pregrado,Tecnológico,TECNOLOGICO
TECNOLOGÍA EN PRODUCCIÓN AUDIOVISUAL,Pregrado,Tecnológico,TECNOLOGICO
Tecnología en Producción Creativa y Cultural,Pregrado,Tecnológico,TECNOLOGICO
TECNOLOGÍA EN PRODUCCIÓN DANCÍSTICA,Pregrado,Tecnológico,TECNOLOGICO
TECNOLOGIA EN PRODUCCION DE AGROCULTIVOS,Pregrado,Tecnológico,TECNOLOGICO
TECNOLOGIA EN PRODUCCION DE ALIMENTOS,Pregrado,Tecnológico,TECNOLOGICO
TECNOLOGÍA EN PRODUCCIÓN DE ANIMACIÓN DIGITAL,Pregrado,Tecnológico,TECNOLOGICO
Tecnología en Producción de Audio para Medios  Audiovisuales,Pregrado,Tecnológico,TECNOLOGICO
Tecnología en Producción de audiovisuales,Pregrado,Tecnológico,TECNOLOGICO
TECNOLOGIA EN PRODUCCION DE CALZADO Y MARROQUINERIA,Pregrado,Tecnológico,TECNOLOGICO
TECNOLOGIA EN PRODUCCIÓN DE COLECCIONES INDUSTRIALES,Pregrado,Tecnológico,TECNOLOGICO
TECNOLOGÍA EN PRODUCCIÓN DE COMPONENTES MECÁNICOS CON MÁQUINAS DE CONTROL NUMÉRICO COMPUTARIZADO,Pregrado,Tecnológico,TECNOLOGICO
TECNOLOGIA EN PRODUCCION DE CONTENIDOS DIGITALES,Pregrado,Tecnológico,TECNOLOGICO
TECNOLOGÍA EN PRODUCCIÓN DE CONTENIDOS GRÁFICOS DIGITALES,Pregrado,Tecnológico,TECNOLOGICO
TECNOLOGIA EN PRODUCCIÓN DE CONTENIDOS PERIODÍSTICOS,Pregrado,Tecnológico,TECNOLOGICO
TECNOLOGÍA EN PRODUCCIÓN DE EFECTOS VISUALES  -VFX-,Pregrado,Tecnológico,TECNOLOGICO
TECNOLOGÍA EN PRODUCCION DE ESPACIOS Y AMBIENTES,Pregrado,Tecnológico,TECNOLOGICO
TECNOLOGIA EN PRODUCCION DE ESPECIES MENORES,Pregrado,Tecnológico,TECNOLOGICO
TECNOLOGÍA EN PRODUCCIÓN DE EVENTOS,Pregrado,Tecnológico,TECNOLOGICO
TECNOLOGÍA EN PRODUCCIÓN DE GANADERÍA SOSTENIBLE,Pregrado,Tecnológico,TECNOLOGICO
TECNOLOGÍA EN PRODUCCIÓN DE IMAGEN FOTOGRÁFICA,Pregrado,Tecnológico,TECNOLOGICO
TECNOLOGÍA EN PRODUCCIÓN DE IMAGEN Y SONIDO,Pregrado,Tecnológico,TECNOLOGICO
TECNOLOGÍA EN PRODUCCIÓN DE IMÁGENES CON CÁMARAS DE CINE Y TELEVISIÓN DIGITAL,Pregrado,Tecnológico,TECNOLOGICO
TECNOLOGÍA EN PRODUCCIÓN DE JOYERÍA,Pregrado,Tecnológico,TECNOLOGICO
TECNOLOGÍA EN PRODUCCIÓN DE LA MODA,Pregrado,Tecnológico,TECNOLOGICO
TECNOLOGIA EN PRODUCCION DE MEDIOS AUDIOVISUALES,Pregrado,Tecnológico,TECNOLOGICO
TECNOLOGÍA EN PRODUCCIÓN DE MEDIOS AUDIOVISUALES DIGITALES,Pregrado,Tecnológico,TECNOLOGICO
TECNOLOGIA EN PRODUCCIÓN DE MEDIOS PUBLICITARIOS,Pregrado,Tecnológico,TECNOLOGICO
TECNOLOGIA EN PRODUCCION DE MODA,Pregrado,Tecnológico,TECNOLOGICO
TECNOLOGÍA EN PRODUCCIÓN DE MODAS,Pregrado,Tecnológico,TECNOLOGICO
TECNOLOGIA EN PRODUCCION DE MULTIMEDIA,Pregrado,Tecnológico,TECNOLOGICO
TECNOLOGÍA EN PRODUCCION DE MUSICA Y AUDIO,Pregrado,Tecnológico,TECNOLOGICO
TECNOLOGÍA EN PRODUCCIÓN DE PETRÓLEO,Pregrado,Tecnológico,TECNOLOGICO
TECNOLOGÍA EN PRODUCCIÓN DE PLÁSTICOS POR EXTRUSIÓN,Pregrado,Tecnológico,TECNOLOGICO
TECNOLOGIA EN PRODUCCION DE RADIO Y MEDIOS AUDIOVISUALES,Pregrado,Tecnológico,TECNOLOGICO
TECNOLOGIA EN PRODUCCION DE RADIO Y TELEVISION,Pregrado,Tecnológico,TECNOLOGICO
TECNOLOGÍA EN PRODUCCIÓN DE SONIDO,Pregrado,Tecnológico,TECNOLOGICO
TECNOLOGÍA EN PRODUCCIÓN DE SONIDO PARA MEDIOS AUDIOVISUALES,Pregrado,Tecnológico,TECNOLOGICO
TECNOLOGIA EN PRODUCCIÓN DE VIDEO Y ANIMACION GRAFICA,Pregrado,Tecnológico,TECNOLOGICO
TECNOLOGÍA EN PRODUCCIÓN DIGITAL EN  MEDIOS AUDIOVISUALES,Pregrado,Tecnológico,TECNOLOGICO
TECNOLOGÍA EN PRODUCCIÓN EN JOYERÍA,Pregrado,Tecnológico,TECNOLOGICO
TECNOLOGÍA EN PRODUCCIÓN ESCENOGRÁFICA,Pregrado,Tecnológico,TECNOLOGICO
TECNOLOGÍA EN PRODUCCIÓN FORESTAL,Pregrado,Tecnológico,TECNOLOGICO
TECNOLOGÍA EN PRODUCCIÓN FOTOGRAFICA,Pregrado,Tecnológico,TECNOLOGICO
TECNOLOGIA EN PRODUCCION GANADERA,Pregrado,Tecnológico,TECNOLOGICO
TECNOLOGÍA EN PRODUCCIÓN GASTRONÓMICA,Pregrado,Tecnológico,TECNOLOGICO
TECNOLOGIA EN PRODUCCION GRAFICA,Pregrado,Tecnológico,TECNOLOGICO
TECNOLOGIA EN PRODUCCIÓN GRÁFICA DIGITAL,Pregrado,Tecnológico,TECNOLOGICO
TECNOLOGIA EN PRODUCCION GRÁFICA PARA MEDIOS PUBLICITARIOS,Pregrado,Tecnológico,TECNOLOGICO
TECNOLOGÍA EN PRODUCCIÓN GRÁFICA PUBLICITARIA,Pregrado,Tecnológico,TECNOLOGICO
TECNOLOGÍA EN PRODUCCIÓN GRAFICA Y MULTIMEDIA,Pregrado,Tecnológico,TECNOLOGICO
TECNOLOGIA EN PRODUCCION INDUSTRIAL,Pregrado,Tecnológico,TECNOLOGICO
TECNOLOGIA EN PRODUCCION INDUSTRIAL DE VESTUARIO,Pregrado,Tecnológico,TECNOLOGICO
TECNOLOGÍA EN PRODUCCIÓN MULTIMEDIA,Pregrado,Tecnológico,TECNOLOGICO
Tecnología en Producción Pecuaria Sostenible,Pregrado,Tecnológico,TECNOLOGICO
TECNOLOGIA EN PRODUCCIÓN PISCÍCOLA,Pregrado,Tecnológico,TECNOLOGICO
TECNOLOGÍA EN PRODUCCIÓN TRANSMEDIA,Pregrado,Tecnológico,TECNOLOGICO
TECNOLOGÍA EN PRODUCCIÓN Y CREACIÓN DE MODA,Pregrado,Tecnológico,TECNOLOGICO
TECNOLOGIA EN PRODUCCION Y GESTION AGROPECUARIA,Pregrado,Tecnológico,TECNOLOGICO
TECNOLOGÍA EN PRODUCTIVIDAD Y MEJORAMIENTO CONTINUO,Pregrado,Tecnológico,TECNOLOGICO
TECNOLOGIA EN PROMOCION DE LA SALUD,Pregrado,Tecnológico,TECNOLOGICO
TECNOLOGIA EN PROMOCION SOCIAL,Pregrado,Tecnológico,TECNOLOGICO
TECNOLOGÍA EN PROMOCIÓN Y APLICACIÓN DEL DERECHO INTERNACIONAL HUMANITARIO Y DE LOS DERECHOS HUMANOS EN EL CONTEXTO MILITAR,Pregrado,Tecnológico,TECNOLOGICO
TECNOLOGIA EN PROTECCION Y RECUPERACION DE ECOSISTEMAS FORESTALES,Pregrado,Tecnológico,TECNOLOGICO
TECNOLOGIA EN PUBLICIDAD DIGITAL,Pregrado,Tecnológico,TECNOLOGICO
TECNOLOGÍA EN QUÍMICA APLICADA A LA INDUSTRIA,Pregrado,Tecnológico,TECNOLOGICO
TECNOLOGIA EN QUIMICA INDUSTRIAL,Pregrado,Tecnológico,TECNOLOGICO
TECNOLOGÍA EN QUÍMICA INDUSTRIAL Y DE LABORATORIO,Pregrado,Tecnológico,TECNOLOGICO
TECNOLOGÍA EN QUIMICA TEXTIL,Pregrado,Tecnológico,TECNOLOGICO
TECNOLOGIA EN RADIODIAGNOSTICO Y RADIOTERAPIA,Pregrado,Tecnológico,TECNOLOGICO
TECNOLOGIA EN RADIOLOGIA E IMAGENES DIAGNOSTICAS,Pregrado,Tecnológico,TECNOLOGICO
TECNOLOGÍA EN RADIOTERAPIA,Pregrado,Tecnológico,TECNOLOGICO
Tecnología en Radioterapia Oncológica,Pregrado,Tecnológico,TECNOLOGICO
TECNOLOGIA EN REALIZACIÓN AUDIOVISUAL,Pregrado,Tecnológico,TECNOLOGICO
TECNOLOGIA EN REALIZACION DE AUDIOVISUALES Y MULTIMEDIA,Pregrado,Tecnológico,TECNOLOGICO
TECNOLOGÍA EN REALIZACIÓN DE PROYECTOS SONOROS PARA CONTENIDOS DIGITALES,Pregrado,Tecnológico,TECNOLOGICO
TECNOLOGÍA EN REALIZACIÓN VISUAL Y AUDIOVISUAL,Pregrado,Tecnológico,TECNOLOGICO
TECNOLOGIA EN RECREACION,Pregrado,Tecnológico,TECNOLOGICO
TECNOLOGIA EN RECURSOS FORESTALES,Pregrado,Tecnológico,TECNOLOGICO
TECNOLOGIA EN REDES Y SEGURIDAD INFORMATICA,Pregrado,Tecnológico,TECNOLOGICO
TECNOLOGIA EN REGENCIA DE FARMACIA,Pregrado,Tecnológico,TECNOLOGICO
TECNOLOGÍA EN RIEGO DRENAJE Y MANEJO DE SUELOS AGRICOLAS,Pregrado,Tecnológico,TECNOLOGICO
TECNOLOGIA EN ROBOTICA Y AUTOMATIZACION INDUSTRIAL,Pregrado,Tecnológico,TECNOLOGICO
TECNOLOGÍA EN SALUD AMBIENTAL Y SEGURIDAD SANITARIA,Pregrado,Tecnológico,TECNOLOGICO
TECNOLOGIA EN SANEAMIENTO AMBIENTAL,Pregrado,Tecnológico,TECNOLOGICO
TECNOLOGIA EN SANIDAD NAVAL,Pregrado,Tecnológico,TECNOLOGICO
Tecnología en Seguridad Alimentaria,Pregrado,Tecnológico,TECNOLOGICO
TECNOLOGÍA  EN SEGURIDAD ALIMENTARIA Y  NUTRICIONAL,Pregrado,Tecnológico,TECNOLOGICO
TECNOLOGIA EN SEGURIDAD  E HIGIENE OCUPACIONAL,Pregrado,Tecnológico,TECNOLOGICO
TECNOLOGIA EN SEGURIDAD INFORMATICA,Pregrado,Tecnológico,TECNOLOGICO
TECNOLOGIA EN SEGURIDAD Y DEFENSA AEROESPACIAL,Pregrado,Tecnológico,TECNOLOGICO
TECNOLOGIA EN SEGURIDAD Y SALUD EN EL TRABAJO,Pregrado,Tecnológico,TECNOLOGICO
TECNOLOGIA EN SEGURIDAD Y SALUDO EN EL TRABAJO,Pregrado,Tecnológico,TECNOLOGICO
TECNOLOGIA EN SERVICIOS DE TELECOMUNICACIONES,Pregrado,Tecnológico,TECNOLOGICO
TECNOLOGÍA EN SERVICIOS INFORMÁTICOS,Pregrado,Tecnológico,TECNOLOGICO
TECNOLOGÍA EN SILVICULTURA Y APROVECHAMIENTO DE PLANTACIONES FORESTALES,Pregrado,Tecnológico,TECNOLOGICO
TECNOLOGIA EN SISTEMAS,Pregrado,Tecnológico,TECNOLOGICO
Tecnología en Sistemas Agroforestales,Pregrado,Tecnológico,TECNOLOGICO
TECNOLOGÍA EN SISTEMAS DE GESTION DE CALIDAD,Pregrado,Tecnológico,TECNOLOGICO
TECNOLOGIA EN SISTEMAS DE INFORMACIÓN,Pregrado,Tecnológico,TECNOLOGICO
TECNOLOGIA EN SISTEMAS DE PRODUCCIÓN,Pregrado,Tecnológico,TECNOLOGICO
TECNOLOGÍA EN SISTEMAS DE TRANSMISIÓN Y DISTRIBUCIÓN ELÉCTRICA,Pregrado,Tecnológico,TECNOLOGICO
TECNOLOGIA EN SISTEMAS ELECTROMECANICOS,Pregrado,Tecnológico,TECNOLOGICO
TECNOLOGÍA EN SISTEMAS ELECTRÓNICOS Y DE AUTOMATIZACIÓN,Pregrado,Tecnológico,TECNOLOGICO
TECNOLOGIA EN SISTEMAS INFORMATICOS,Pregrado,Tecnológico,TECNOLOGICO
TECNOLOGIA EN SISTEMAS INTEGRADOS DE GESTIÓN,Pregrado,Tecnológico,TECNOLOGICO
TECNOLOGIA EN SISTEMAS INTEGRADOS DE GESTION HSEQ,Pregrado,Tecnológico,TECNOLOGICO
TECNOLOGIA EN SISTEMAS MECATRONICOS,Pregrado,Tecnológico,TECNOLOGICO
TECNOLOGIA EN SISTEMATIZACION DE DATOS,Pregrado,Tecnológico,TECNOLOGICO
Tecnología en Soporte Aeroespacial,Pregrado,Tecnológico,TECNOLOGICO
TECNOLOGIA EN SOPORTE DE TELECOMUNICACIONES,Pregrado,Tecnológico,TECNOLOGICO
TECNOLOGÍA EN SUMINISTRO DE BIENES Y SERVICIOS MINERO ENERGÉTICOS,Pregrado,Tecnológico,TECNOLOGICO
TECNOLOGÍA EN SUPERVISIÓN DE LA FABRICACIÓN DE PIEZAS PLÁSTICAS POR INYECCIÓN Y SOPLADO,Pregrado,Tecnológico,TECNOLOGICO
TECNOLOGÍA EN SUPERVISIÓN DE LA FABRICACIÓN DE PRODUCTOS METÁLICOS SOLDADOS,Pregrado,Tecnológico,TECNOLOGICO
TECNOLOGÍA EN SUPERVISIÓN DE LABORES MINERAS,Pregrado,Tecnológico,TECNOLOGICO
TECNOLOGIA EN SUPERVISION DE OBRAS CIVILES,Pregrado,Tecnológico,TECNOLOGICO
Tecnología en Supervisión de Obras de Infraestructura Vial,Pregrado,Tecnológico,TECNOLOGICO
Tecnología En Supervisión De Procesos En Industria Gráfica,Pregrado,Tecnológico,TECNOLOGICO
TECNOLOGÍA EN SUPERVISIÓN DE PROCESOS GRÁFICOS,Pregrado,Tecnológico,TECNOLOGICO
TECNOLOGÍA EN SUPERVISIÓN DE PROCESOS MINEROS,Pregrado,Tecnológico,TECNOLOGICO
TECNOLOGIA EN SUPERVISION DE REDES DE DISTRIBUCION DE ENERGIA ELECTRICA,Pregrado,Tecnológico,TECNOLOGICO
TECNOLOGÍA EN SUPERVISIÓN DE SISTEMAS DE GENERACIÓN Y DISTRIBUCIÓN DE ENERGÍA ELÉCTRICA,Pregrado,Tecnológico,TECNOLOGICO
TECNOLOGÍA EN SUPERVISIÓN DE SISTEMAS ELÉCTRICOS DE POTENCIA,Pregrado,Tecnológico,TECNOLOGICO
TECNOLOGÍA EN SUPERVISIÓN DE VENTAS,Pregrado,Tecnológico,TECNOLOGICO
TECNOLOGÍA EN SUPERVISIÓN EN PROCESOS DE CONFECCIÓN,Pregrado,Tecnológico,TECNOLOGICO
TECNOLOGÍA EN SUPERVISIÓN EN SISTEMAS DE AGUA Y SANEAMIENTO,Pregrado,Tecnológico,TECNOLOGICO
TECNOLOGÍA EN TALENTO HUMANO,Pregrado,Tecnológico,TECNOLOGICO
TECNOLOGIA EN TELEMATICA,Pregrado,Tecnológico,TECNOLOGICO
TECNOLOGIA EN TELEVISION,Pregrado,Tecnológico,TECNOLOGICO
TECNOLOGIA EN TRANSFORMACION DE CACAO Y ELABORACION DE PRODUCTOS DE CHOCOLATERIA,Pregrado,Tecnológico,TECNOLOGICO
TECNOLOGÍA EN TRANSFORMACIÓN DEL CACAO Y ELABORACIÓN DE PRODUCTOS DE CHOCOLATERÍA INDUSTRIAL,Pregrado,Tecnológico,TECNOLOGICO
"TECNOLOGÍA EN TRÁNSITO, TRANSPORTE TERRESTRE Y SEGURIDAD VIAL",Pregrado,Tecnológico,TECNOLOGICO
TECNOLOGÍA  EN TRANSPORTE DE CEMENTO Y MATERIALES PARA LA CONSTRUCCIÓN,Pregrado,Tecnológico,TECNOLOGICO
TECNOLOGIA EN TURISMO E IDIOMAS,Pregrado,Tecnológico,TECNOLOGICO
TECNOLOGIA EN TURISMO Y HOTELERÍA,Pregrado,Tecnológico,TECNOLOGICO
TECNOLOGIA FINANCIERA Y CONTABLE,Pregrado,Tecnológico,TECNOLOGICO
TECNOLOGIA FORESTAL,Pregrado,Tecnológico,TECNOLOGICO
TECNOLOGÍA GESTIÓN CONTABLE,Pregrado,Tecnológico,TECNOLOGICO
TECNOLOGÍA GESTIÓN CONTABLE Y DE INFORMACIÓN FINANCIERA,Pregrado,Tecnológico,TECNOLOGICO
TECNOLOGIA GESTIÓN DE MODAS,Pregrado,Tecnológico,TECNOLOGICO
TECNOLOGÍA GESTIÓN DE SERVICIOS TURÍSTICOS,Pregrado,Tecnológico,TECNOLOGICO
TECNOLOGÍA GESTIÓN LOGÍSTICA,Pregrado,Tecnológico,TECNOLOGICO
TECNOLOGIA INDUSTRIAL,Pregrado,Tecnológico,TECNOLOGICO
TECNOLOGIA MECANICA,Pregrado,Tecnológico,TECNOLOGICO
TECNOLOGIA MECANICA INDUSTRIAL,Pregrado,Tecnológico,TECNOLOGICO
TECNOLOGIA NAVAL EN ADMINISTRACION MARITIMA,Pregrado,Tecnológico,TECNOLOGICO
TECNOLOGIA NAVAL EN ELECTROMECANICA,Pregrado,Tecnológico,TECNOLOGICO
TECNOLOGIA NAVAL EN ELECTRONICA,Pregrado,Tecnológico,TECNOLOGICO
TECNOLOGIA NAVAL EN HIDROGRAFIA,Pregrado,Tecnológico,TECNOLOGICO
TECNOLOGÍA NAVAL EN MANTENIMIENTO AERONAVAL,Pregrado,Tecnológico,TECNOLOGICO
TECNOLOGIA NAVAL EN OCEANOFRAFIA FISICA,Pregrado,Tecnológico,TECNOLOGICO
TECNOLOGÍA NAVAL EN OPERACIÓN DE SUBMARINOS,Pregrado,Tecnológico,TECNOLOGICO
TECNOLOGIA NAVIERA,Pregrado,Tecnológico,TECNOLOGICO
TECNOLOGÍA NEGOCIACIÓN INTERNACIONAL,Pregrado,Tecnológico,TECNOLOGICO
TECNOLOGIA PROCESOS DE LA INDUSTRIA QUIMICA,Pregrado,Tecnológico,TECNOLOGICO
TECNOLOGÍA PROCESOS PARA LA COMERCIALIZACIÓN INTERNACIONAL,Pregrado,Tecnológico,TECNOLOGICO
TECNOLOGÍA PRODUCCIÓN DE MULTIMEDIA,Pregrado,Tecnológico,TECNOLOGICO
TECNOLOGIA QUIMICA,Pregrado,Tecnológico,TECNOLOGICO
TECNOLOGÍA  SEGURIDAD Y SALUD EN EL TRABAJO,Pregrado,Tecnológico,TECNOLOGICO
TECNOLOGÍA TEXTIL,Pregrado,Tecnológico,TECNOLOGICO
TECNOLÓGO EN ANÁLISIS Y DESARROLLO DE SISTEMAS DE INFORMACIÓN,Pregrado,Tecnológico,TECNOLOGICO
TECNOLOGO EN CONSTRUCCIÓN EN EDIFICACIONES,Pregrado,Tecnológico,TECNOLOGICO
TECNÓLOGO EN GESTIÓN DE PROYECTOS DE DESARROLLO ECONÓMICO Y SOCIAL,Pregrado,Tecnológico,TECNOLOGICO
TECNOLOGO EN PRODUCCION DE MULTIMEDIA,Pregrado,Tecnológico,TECNOLOGICO
TECNOLOLOGIA EN GESTION EMPRESARIAL,Pregrado,Tecnológico,TECNOLOGICO
TECNONOLOGIA EN GESTIÓN INTEGRADA DE LA CALIDAD MEDIO AMBIENTE SEGURIDAD Y SALUD OCUPACIONAL,Pregrado,Tecnológico,TECNOLOGICO
Teconología en Regencia de Farmacia,Pregrado,Tecnológico,TECNOLOGICO
TEGNOLOGIA EN GESTION CONTABLE Y FINANCIERA,Pregrado,Tecnológico,TECNOLOGICO
TEGNOLOGIA EN GESTIÓN Y PRODUCCIÓN DE LA MODA,Pregrado,Tecnológico,TECNOLOGICO
TEGNOLOGÍA QUIMICA TEXTIL,Pregrado,Tecnológico,TECNOLOGICO